2026-09-11 09:56:11.444 +09:00 [SESSION=cf6e46c1c72f] [SEQ=1] [PID=15740] [TID=1] [INFO] [APPLICATION] event=APPLICATION_BOOTSTRAP_STARTED session=cf6e46c1c72f
2026-09-11 09:56:11.492 +09:00 [SESSION=cf6e46c1c72f] [SEQ=2] [PID=15740] [TID=1] [INFO] [LICENSE] event=LICENSE_VALIDATION_SUCCEEDED licensedAdapterFound=true durationPolicy=40_DAYS firstRunUtc=2026-09-09T01:16:57.0916131Z expirationUtc=2026-10-19T01:16:57.0916131Z
2026-09-11 09:56:12.345 +09:00 [SESSION=cf6e46c1c72f] [SEQ=3] [PID=15740] [TID=1] [INFO] [APPLICATION] event=STORAGE_INITIALIZED applicationRoot="C:\\SOFCMeas" dataRoot="C:\\SOFCMeas\\Data" logRoot="C:\\SOFCMeas\\log" retentionDays=30 autoDelete=True maxFileMb=20
2026-09-11 09:56:12.419 +09:00 [SESSION=cf6e46c1c72f] [SEQ=4] [PID=15740] [TID=1] [INFO] [STATION-1] event=PLC_SETTINGS_LOADED station=1 endpoint=172.20.9.100:5000 autoConnect=True pollMs=1000 reconnectMs=2000 timeoutMs=3000 loadScale=1000 maxGraphPoints=0 requestDevice=D810 startValue=1 endValue=0 loadRaw=D700 loadWords=5 loadFormat=ASCII_STX_HEADER_SIGN_MAGNITUDE_ETX
2026-09-11 09:56:12.421 +09:00 [SESSION=cf6e46c1c72f] [SEQ=5] [PID=15740] [TID=1] [INFO] [STATION-2] event=PLC_SETTINGS_LOADED station=2 endpoint=172.20.9.101:5000 autoConnect=True pollMs=1000 reconnectMs=2000 timeoutMs=3000 loadScale=1000 maxGraphPoints=0 requestDevice=D810 startValue=1 endValue=0 loadRaw=D700 loadWords=5 loadFormat=ASCII_STX_HEADER_SIGN_MAGNITUDE_ETX
2026-09-11 09:56:12.447 +09:00 [SESSION=cf6e46c1c72f] [SEQ=6] [PID=15740] [TID=1] [INFO] [STATION-1] event=PLC_READER_INITIALIZED
2026-09-11 09:56:12.447 +09:00 [SESSION=cf6e46c1c72f] [SEQ=7] [PID=15740] [TID=1] [INFO] [STATION-2] event=PLC_READER_INITIALIZED
2026-09-11 09:56:12.611 +09:00 [SESSION=cf6e46c1c72f] [SEQ=8] [PID=15740] [TID=1] [INFO] [APPLICATION] event=APPLICATION_STARTED product=SOFCMeas version=1.0.0.0 session=cf6e46c1c72f machine="SHBANG" os="Microsoft Windows NT 10.0.19045.0" process64Bit=True clr="4.0.30319.42000"
2026-09-11 09:56:12.612 +09:00 [SESSION=cf6e46c1c72f] [SEQ=9] [PID=15740] [TID=1] [INFO] [APPLICATION] event=PLC_READERS_START_REQUESTED stations=STATION-1,STATION-2
2026-09-11 09:56:12.618 +09:00 [SESSION=cf6e46c1c72f] [SEQ=10] [PID=15740] [TID=1] [INFO] [LOG-CLEANUP] event=LOG_CLEANUP_STARTED force=False retentionDays=30 firstRetainedDate=2026-08-13 root="C:\\SOFCMeas\\log" scope=log_only dataDeletion=false
2026-09-11 09:56:12.687 +09:00 [SESSION=cf6e46c1c72f] [SEQ=11] [PID=15740] [TID=1] [INFO] [LOG-CLEANUP] event=LOG_CLEANUP_COMPLETED force=False firstRetainedDate=2026-08-13 deletedFiles=0 deletedDayDirectories=0 failedDayDirectories=0 elapsedMs=68 scope=log_only dataDeletion=false
2026-09-11 09:56:59.864 +09:00 [SESSION=cf6e46c1c72f] [SEQ=12] [PID=15740] [TID=1] [WARN] [APPLICATION] event=UNSAVED_LOT_DATA_DISCARDED station1Count=0 station2Count=0 collectionActive=False saveRunning=False
2026-09-11 09:56:59.893 +09:00 [SESSION=cf6e46c1c72f] [SEQ=13] [PID=15740] [TID=1] [INFO] [APPLICATION] event=APPLICATION_STOPPING closeReason=UserClosing uptimeSeconds=48.098
2026-09-11 09:56:59.899 +09:00 [SESSION=cf6e46c1c72f] [SEQ=14] [PID=15740] [TID=1] [INFO] [STATION-1] event=READER_STOP_REQUESTED cycle=0 cycleActive=False sampleCount=0
2026-09-11 09:56:59.901 +09:00 [SESSION=cf6e46c1c72f] [SEQ=15] [PID=15740] [TID=1] [INFO] [STATION-1] event=CONNECTION_STATE_CHANGED state=Disconnected endpoint=172.20.9.100:5000
2026-09-11 09:56:59.903 +09:00 [SESSION=cf6e46c1c72f] [SEQ=16] [PID=15740] [TID=1] [INFO] [STATION-1] event=READER_STOPPED connectionAttempts=0 lastCycle=0 lastSampleCount=0
2026-09-11 09:56:59.907 +09:00 [SESSION=cf6e46c1c72f] [SEQ=17] [PID=15740] [TID=1] [INFO] [STATION-2] event=READER_STOP_REQUESTED cycle=0 cycleActive=False sampleCount=0
2026-09-11 09:56:59.907 +09:00 [SESSION=cf6e46c1c72f] [SEQ=18] [PID=15740] [TID=1] [INFO] [STATION-2] event=CONNECTION_STATE_CHANGED state=Disconnected endpoint=172.20.9.101:5000
2026-09-11 09:56:59.909 +09:00 [SESSION=cf6e46c1c72f] [SEQ=19] [PID=15740] [TID=1] [INFO] [STATION-2] event=READER_STOPPED connectionAttempts=0 lastCycle=0 lastSampleCount=0
2026-09-11 09:56:59.909 +09:00 [SESSION=cf6e46c1c72f] [SEQ=20] [PID=15740] [TID=1] [INFO] [APPLICATION] event=APPLICATION_STOPPED uptimeSeconds=48.116
2026-09-11 09:56:59.977 +09:00 [SESSION=cf6e46c1c72f] [SEQ=21] [PID=15740] [TID=1] [INFO] [APPLICATION] event=APPLICATION_MESSAGE_LOOP_EXITED
2026-09-11 10:28:26.553 +09:00 [SESSION=e093265f1077] [SEQ=1] [PID=3600] [TID=1] [INFO] [APPLICATION] event=APPLICATION_BOOTSTRAP_STARTED session=e093265f1077
2026-09-11 10:28:26.606 +09:00 [SESSION=e093265f1077] [SEQ=2] [PID=3600] [TID=1] [INFO] [LICENSE] event=LICENSE_VALIDATION_SUCCEEDED licensedAdapterFound=true durationPolicy=PERMANENT firstRunUtc=not_applicable expirationUtc=not_applicable
2026-09-11 10:28:27.402 +09:00 [SESSION=e093265f1077] [SEQ=3] [PID=3600] [TID=1] [INFO] [APPLICATION] event=STORAGE_INITIALIZED applicationRoot="C:\\SOFCMeas" dataRoot="C:\\SOFCMeas\\Data" logRoot="C:\\SOFCMeas\\log" retentionDays=30 autoDelete=True maxFileMb=20
2026-09-11 10:28:27.466 +09:00 [SESSION=e093265f1077] [SEQ=4] [PID=3600] [TID=1] [INFO] [STATION-1] event=PLC_SETTINGS_LOADED station=1 endpoint=172.20.9.100:5000 autoConnect=True pollMs=1000 reconnectMs=2000 timeoutMs=3000 loadScale=1000 maxGraphPoints=0 requestDevice=D810 startValue=1 endValue=0 loadRaw=D700 loadWords=5 loadFormat=ASCII_STX_HEADER_SIGN_MAGNITUDE_ETX
2026-09-11 10:28:27.467 +09:00 [SESSION=e093265f1077] [SEQ=5] [PID=3600] [TID=1] [INFO] [STATION-2] event=PLC_SETTINGS_LOADED station=2 endpoint=172.20.9.101:5000 autoConnect=True pollMs=1000 reconnectMs=2000 timeoutMs=3000 loadScale=1000 maxGraphPoints=0 requestDevice=D810 startValue=1 endValue=0 loadRaw=D700 loadWords=5 loadFormat=ASCII_STX_HEADER_SIGN_MAGNITUDE_ETX
2026-09-11 10:28:27.484 +09:00 [SESSION=e093265f1077] [SEQ=6] [PID=3600] [TID=1] [INFO] [STATION-1] event=PLC_READER_INITIALIZED
2026-09-11 10:28:27.484 +09:00 [SESSION=e093265f1077] [SEQ=7] [PID=3600] [TID=1] [INFO] [STATION-2] event=PLC_READER_INITIALIZED
2026-09-11 10:28:27.572 +09:00 [SESSION=e093265f1077] [SEQ=8] [PID=3600] [TID=1] [INFO] [APPLICATION] event=APPLICATION_STARTED product=SOFCMeas version=1.0.0.0 session=e093265f1077 machine="SHBANG" os="Microsoft Windows NT 10.0.19045.0" process64Bit=True clr="4.0.30319.42000"
2026-09-11 10:28:27.572 +09:00 [SESSION=e093265f1077] [SEQ=9] [PID=3600] [TID=1] [INFO] [APPLICATION] event=PLC_READERS_START_REQUESTED stations=STATION-1,STATION-2
2026-09-11 10:28:27.579 +09:00 [SESSION=e093265f1077] [SEQ=10] [PID=3600] [TID=1] [INFO] [LOG-CLEANUP] event=LOG_CLEANUP_STARTED force=False retentionDays=30 firstRetainedDate=2026-08-13 root="C:\\SOFCMeas\\log" scope=log_only dataDeletion=false
2026-09-11 10:28:27.631 +09:00 [SESSION=e093265f1077] [SEQ=11] [PID=3600] [TID=1] [INFO] [LOG-CLEANUP] event=LOG_CLEANUP_COMPLETED force=False firstRetainedDate=2026-08-13 deletedFiles=0 deletedDayDirectories=0 failedDayDirectories=0 elapsedMs=52 scope=log_only dataDeletion=false
2026-09-11 10:28:58.989 +09:00 [SESSION=e093265f1077] [SEQ=12] [PID=3600] [TID=1] [INFO] [STATION-1] event=READER_STARTED endpoint=172.20.9.100:5000 pollMs=1000 timeoutMs=3000 reconnectMs=2000
2026-09-11 10:28:58.994 +09:00 [SESSION=e093265f1077] [SEQ=13] [PID=3600] [TID=5] [INFO] [STATION-1] event=CONNECTION_STATE_CHANGED state=Connecting endpoint=172.20.9.100:5000
2026-09-11 10:28:58.996 +09:00 [SESSION=e093265f1077] [SEQ=14] [PID=3600] [TID=5] [INFO] [STATION-1] event=PLC_CONNECT_ATTEMPT attempt=1 endpoint=172.20.9.100:5000
2026-09-11 10:28:59.002 +09:00 [SESSION=e093265f1077] [SEQ=15] [PID=3600] [TID=5] [INFO] [STATION-1] event=CONNECTION_STATE_CHANGED state=Connected endpoint=172.20.9.100:5000
2026-09-11 10:28:59.004 +09:00 [SESSION=e093265f1077] [SEQ=16] [PID=3600] [TID=5] [INFO] [STATION-1] event=PLC_CONNECTED attempt=1 endpoint=172.20.9.100:5000 connectElapsedMs=10
2026-09-11 10:28:59.079 +09:00 [SESSION=e093265f1077] [SEQ=17] [PID=3600] [TID=7] [INFO] [STATION-1] event=PLC_REQUEST_CHANGED signal=END_REQ device=D810 value=0 readTime=2026-09-11T10:28:59.0777997+09:00
2026-09-11 10:28:59.079 +09:00 [SESSION=e093265f1077] [SEQ=18] [PID=3600] [TID=7] [INFO] [STATION-1] event=PLC_HEARTBEAT requestDevice=D810 requestValue=0 loadRaw=0 collecting=False cycle=0 sampleCount=0 acquisitionState=WAITSTART
2026-09-11 10:29:10.050 +09:00 [SESSION=e093265f1077] [SEQ=19] [PID=3600] [TID=5] [INFO] [STATION-1] event=PLC_HEARTBEAT requestDevice=D810 requestValue=0 loadRaw=0 collecting=False cycle=0 sampleCount=0 acquisitionState=WAITSTART
2026-09-11 10:29:20.081 +09:00 [SESSION=e093265f1077] [SEQ=20] [PID=3600] [TID=5] [INFO] [STATION-1] event=PLC_HEARTBEAT requestDevice=D810 requestValue=0 loadRaw=0 collecting=False cycle=0 sampleCount=0 acquisitionState=WAITSTART
2026-09-11 10:29:30.101 +09:00 [SESSION=e093265f1077] [SEQ=21] [PID=3600] [TID=9] [INFO] [STATION-1] event=PLC_HEARTBEAT requestDevice=D810 requestValue=0 loadRaw=0 collecting=False cycle=0 sampleCount=0 acquisitionState=WAITSTART
2026-09-11 10:29:40.117 +09:00 [SESSION=e093265f1077] [SEQ=22] [PID=3600] [TID=5] [INFO] [STATION-1] event=PLC_HEARTBEAT requestDevice=D810 requestValue=0 loadRaw=0 collecting=False cycle=0 sampleCount=0 acquisitionState=WAITSTART
2026-09-11 10:29:50.132 +09:00 [SESSION=e093265f1077] [SEQ=23] [PID=3600] [TID=5] [INFO] [STATION-1] event=PLC_HEARTBEAT requestDevice=D810 requestValue=0 loadRaw=0 collecting=False cycle=0 sampleCount=0 acquisitionState=WAITSTART
2026-09-11 10:30:00.179 +09:00 [SESSION=e093265f1077] [SEQ=24] [PID=3600] [TID=8] [INFO] [STATION-1] event=PLC_HEARTBEAT requestDevice=D810 requestValue=0 loadRaw=0 collecting=False cycle=0 sampleCount=0 acquisitionState=WAITSTART
2026-09-11 10:30:10.220 +09:00 [SESSION=e093265f1077] [SEQ=25] [PID=3600] [TID=5] [INFO] [STATION-1] event=PLC_HEARTBEAT requestDevice=D810 requestValue=0 loadRaw=0 collecting=False cycle=0 sampleCount=0 acquisitionState=WAITSTART
2026-09-11 10:30:20.265 +09:00 [SESSION=e093265f1077] [SEQ=26] [PID=3600] [TID=5] [INFO] [STATION-1] event=PLC_HEARTBEAT requestDevice=D810 requestValue=0 loadRaw=0 collecting=False cycle=0 sampleCount=0 acquisitionState=WAITSTART
2026-09-11 10:30:30.294 +09:00 [SESSION=e093265f1077] [SEQ=27] [PID=3600] [TID=5] [INFO] [STATION-1] event=PLC_HEARTBEAT requestDevice=D810 requestValue=0 loadRaw=0 collecting=False cycle=0 sampleCount=0 acquisitionState=WAITSTART
2026-09-11 10:30:33.312 +09:00 [SESSION=e093265f1077] [SEQ=28] [PID=3600] [TID=5] [INFO] [STATION-1] event=PLC_REQUEST_CHANGED signal=START_REQ device=D810 value=1 readTime=2026-09-11T10:30:33.3121310+09:00
2026-09-11 10:30:33.313 +09:00 [SESSION=e093265f1077] [SEQ=29] [PID=3600] [TID=5] [INFO] [STATION-1] event=CYCLE_STARTED cycle=1 requestDevice=D810 requestValue=1 readTime=2026-09-11T10:30:33.3121310+09:00
2026-09-11 10:30:33.315 +09:00 [SESSION=e093265f1077] [SEQ=30] [PID=3600] [TID=5] [INFO] [STATION-1] event=SAMPLE_ACCEPTED cycle=1 sample=1 raw=5 loadKgf=0.005000 readTime=2026-09-11T10:30:33.3121310+09:00 words=[12546,8235,11824,12336,821]
2026-09-11 10:30:33.335 +09:00 [SESSION=e093265f1077] [SEQ=31] [PID=3600] [TID=1] [WARN] [STATION-1] event=LOT_AUTO_PREPARED reason=start_request_before_file_create station=#1 lot="260827-A01" fileName="SOFC_A12" operator="홍길동" spec="0.4"
2026-09-11 10:30:33.335 +09:00 [SESSION=e093265f1077] [SEQ=32] [PID=3600] [TID=1] [INFO] [STATION-1] event=CYCLE_UI_STARTED cycle=1 startedAt=2026-09-11T10:30:33.3121310+09:00 lot="260827-A01" fileName="SOFC_A12" operator="홍길동" spec="0.4"
2026-09-11 10:30:34.304 +09:00 [SESSION=e093265f1077] [SEQ=33] [PID=3600] [TID=5] [INFO] [STATION-1] event=SAMPLE_ACCEPTED cycle=1 sample=2 raw=10 loadKgf=0.010000 readTime=2026-09-11T10:30:34.3043300+09:00 words=[12546,8235,11824,12592,816]
2026-09-11 10:30:35.308 +09:00 [SESSION=e093265f1077] [SEQ=34] [PID=3600] [TID=5] [INFO] [STATION-1] event=SAMPLE_ACCEPTED cycle=1 sample=3 raw=5 loadKgf=0.005000 readTime=2026-09-11T10:30:35.3080946+09:00 words=[12546,8235,11824,12336,821]
2026-09-11 10:30:36.311 +09:00 [SESSION=e093265f1077] [SEQ=35] [PID=3600] [TID=5] [INFO] [STATION-1] event=SAMPLE_ACCEPTED cycle=1 sample=4 raw=5 loadKgf=0.005000 readTime=2026-09-11T10:30:36.3110191+09:00 words=[12546,8235,11824,12336,821]
2026-09-11 10:30:37.311 +09:00 [SESSION=e093265f1077] [SEQ=36] [PID=3600] [TID=8] [INFO] [STATION-1] event=SAMPLE_ACCEPTED cycle=1 sample=5 raw=5 loadKgf=0.005000 readTime=2026-09-11T10:30:37.3117087+09:00 words=[12546,8235,11824,12336,821]
2026-09-11 10:30:38.322 +09:00 [SESSION=e093265f1077] [SEQ=37] [PID=3600] [TID=5] [INFO] [STATION-1] event=SAMPLE_ACCEPTED cycle=1 sample=6 raw=5 loadKgf=0.005000 readTime=2026-09-11T10:30:38.3227033+09:00 words=[12546,8235,11824,12336,821]
2026-09-11 10:30:39.324 +09:00 [SESSION=e093265f1077] [SEQ=38] [PID=3600] [TID=5] [INFO] [STATION-1] event=SAMPLE_ACCEPTED cycle=1 sample=7 raw=30 loadKgf=0.030000 readTime=2026-09-11T10:30:39.3246076+09:00 words=[12546,8235,11824,13104,816]
2026-09-11 10:30:40.325 +09:00 [SESSION=e093265f1077] [SEQ=39] [PID=3600] [TID=9] [INFO] [STATION-1] event=SAMPLE_ACCEPTED cycle=1 sample=8 raw=140 loadKgf=0.140000 readTime=2026-09-11T10:30:40.3252670+09:00 words=[12546,8235,11824,13361,816]
2026-09-11 10:30:40.325 +09:00 [SESSION=e093265f1077] [SEQ=40] [PID=3600] [TID=9] [INFO] [STATION-1] event=PLC_HEARTBEAT requestDevice=D810 requestValue=1 loadRaw=140 collecting=True cycle=1 sampleCount=8 acquisitionState=COLLECTING
2026-09-11 10:30:41.328 +09:00 [SESSION=e093265f1077] [SEQ=41] [PID=3600] [TID=9] [INFO] [STATION-1] event=SAMPLE_ACCEPTED cycle=1 sample=9 raw=5 loadKgf=0.005000 readTime=2026-09-11T10:30:41.3287855+09:00 words=[12546,8235,11824,12336,821]
2026-09-11 10:30:42.336 +09:00 [SESSION=e093265f1077] [SEQ=42] [PID=3600] [TID=5] [INFO] [STATION-1] event=PLC_REQUEST_CHANGED signal=END_REQ device=D810 value=0 readTime=2026-09-11T10:30:42.3367806+09:00
2026-09-11 10:30:42.337 +09:00 [SESSION=e093265f1077] [SEQ=43] [PID=3600] [TID=5] [INFO] [STATION-1] event=CYCLE_ENDED cycle=1 requestDevice=D810 requestValue=0 sampleCount=9 durationMs=9025 readTime=2026-09-11T10:30:42.3367806+09:00
2026-09-11 10:30:42.343 +09:00 [SESSION=e093265f1077] [SEQ=44] [PID=3600] [TID=1] [INFO] [STATION-1] event=INSPECTION_EVALUATION_STARTED cycle=1 readerSampleCount=9 uiSampleCount=9 lot="260827-A01" fileName="SOFC_A12" operator="홍길동" spec="0.4"
2026-09-11 10:30:42.356 +09:00 [SESSION=e093265f1077] [SEQ=45] [PID=3600] [TID=1] [INFO] [STATION-1] event=INSPECTION_EVALUATED cycle=1 verdict=NG valid=True peakKgf=0.140000 lowerSpecKgf=0.400000 upperSpecKgf=0.400000 sampleCount=9 inspectionCount=1 passCount=0 failCount=1 yieldPercent=0.00 message="검사 완료: PEAK 0.140 kgf / SPEC 0.400 / NG (검사 1, GOOD 0, NG 1, Yield 0.00%)"
2026-09-11 10:30:42.364 +09:00 [SESSION=e093265f1077] [SEQ=46] [PID=3600] [TID=1] [INFO] [STATION-1] event=INSPECTION_BUFFERED_IN_MEMORY cycle=1 lot="260827-A01" fileName="SOFC_A12" verdict=NG lotInspectionCount=1 sampleCount=9
2026-09-11 10:30:42.364 +09:00 [SESSION=e093265f1077] [SEQ=47] [PID=3600] [TID=1] [INFO] [STATION-1] event=ACQUISITION_STATE_CHANGED from=EVALUATING to=WAITSTART
2026-09-11 10:30:43.337 +09:00 [SESSION=e093265f1077] [SEQ=48] [PID=3600] [TID=8] [INFO] [STATION-1] event=PLC_REQUEST_CHANGED signal=END_REQ device=D810 value=0 readTime=2026-09-11T10:30:43.3373260+09:00
2026-09-11 10:30:50.364 +09:00 [SESSION=e093265f1077] [SEQ=49] [PID=3600] [TID=8] [INFO] [STATION-1] event=PLC_HEARTBEAT requestDevice=D810 requestValue=0 loadRaw=0 collecting=False cycle=1 sampleCount=9 acquisitionState=WAITSTART
2026-09-11 10:30:51.371 +09:00 [SESSION=e093265f1077] [SEQ=50] [PID=3600] [TID=5] [INFO] [STATION-1] event=PLC_REQUEST_CHANGED signal=START_REQ device=D810 value=1 readTime=2026-09-11T10:30:51.3711925+09:00
2026-09-11 10:30:51.371 +09:00 [SESSION=e093265f1077] [SEQ=51] [PID=3600] [TID=5] [INFO] [STATION-1] event=CYCLE_STARTED cycle=2 requestDevice=D810 requestValue=1 readTime=2026-09-11T10:30:51.3711925+09:00
2026-09-11 10:30:51.372 +09:00 [SESSION=e093265f1077] [SEQ=52] [PID=3600] [TID=5] [INFO] [STATION-1] event=SAMPLE_ACCEPTED cycle=2 sample=1 raw=0 loadKgf=0.000000 readTime=2026-09-11T10:30:51.3711925+09:00 words=[12546,8235,11824,12336,816]
2026-09-11 10:30:51.376 +09:00 [SESSION=e093265f1077] [SEQ=53] [PID=3600] [TID=1] [INFO] [STATION-1] event=CYCLE_UI_STARTED cycle=2 startedAt=2026-09-11T10:30:51.3711925+09:00 lot="260827-A01" fileName="SOFC_A12" operator="홍길동" spec="0.4"
2026-09-11 10:30:52.371 +09:00 [SESSION=e093265f1077] [SEQ=54] [PID=3600] [TID=9] [INFO] [STATION-1] event=SAMPLE_ACCEPTED cycle=2 sample=2 raw=0 loadKgf=0.000000 readTime=2026-09-11T10:30:52.3717242+09:00 words=[12546,8235,11824,12336,816]
2026-09-11 10:30:53.373 +09:00 [SESSION=e093265f1077] [SEQ=55] [PID=3600] [TID=5] [INFO] [STATION-1] event=SAMPLE_ACCEPTED cycle=2 sample=3 raw=0 loadKgf=0.000000 readTime=2026-09-11T10:30:53.3731974+09:00 words=[12546,8235,11824,12336,816]
2026-09-11 10:30:54.372 +09:00 [SESSION=e093265f1077] [SEQ=56] [PID=3600] [TID=12] [INFO] [STATION-1] event=PLC_REQUEST_CHANGED signal=END_REQ device=D810 value=0 readTime=2026-09-11T10:30:54.3723064+09:00
2026-09-11 10:30:54.372 +09:00 [SESSION=e093265f1077] [SEQ=57] [PID=3600] [TID=12] [INFO] [STATION-1] event=CYCLE_ENDED cycle=2 requestDevice=D810 requestValue=0 sampleCount=3 durationMs=3001 readTime=2026-09-11T10:30:54.3723064+09:00
2026-09-11 10:30:54.374 +09:00 [SESSION=e093265f1077] [SEQ=58] [PID=3600] [TID=1] [INFO] [STATION-1] event=INSPECTION_EVALUATION_STARTED cycle=2 readerSampleCount=3 uiSampleCount=3 lot="260827-A01" fileName="SOFC_A12" operator="홍길동" spec="0.4"
2026-09-11 10:30:54.378 +09:00 [SESSION=e093265f1077] [SEQ=59] [PID=3600] [TID=1] [INFO] [STATION-1] event=INSPECTION_EVALUATED cycle=2 verdict=NG valid=True peakKgf=0.000000 lowerSpecKgf=0.400000 upperSpecKgf=0.400000 sampleCount=3 inspectionCount=2 passCount=0 failCount=2 yieldPercent=0.00 message="검사 완료: PEAK 0.000 kgf / SPEC 0.400 / NG (검사 2, GOOD 0, NG 2, Yield 0.00%)"
2026-09-11 10:30:54.380 +09:00 [SESSION=e093265f1077] [SEQ=60] [PID=3600] [TID=1] [INFO] [STATION-1] event=INSPECTION_BUFFERED_IN_MEMORY cycle=2 lot="260827-A01" fileName="SOFC_A12" verdict=NG lotInspectionCount=2 sampleCount=3
2026-09-11 10:30:54.380 +09:00 [SESSION=e093265f1077] [SEQ=61] [PID=3600] [TID=1] [INFO] [STATION-1] event=ACQUISITION_STATE_CHANGED from=EVALUATING to=WAITSTART
2026-09-11 10:30:55.374 +09:00 [SESSION=e093265f1077] [SEQ=62] [PID=3600] [TID=5] [INFO] [STATION-1] event=PLC_REQUEST_CHANGED signal=END_REQ device=D810 value=0 readTime=2026-09-11T10:30:55.3740520+09:00
2026-09-11 10:30:59.386 +09:00 [SESSION=e093265f1077] [SEQ=63] [PID=3600] [TID=12] [INFO] [STATION-1] event=PLC_REQUEST_CHANGED signal=START_REQ device=D810 value=1 readTime=2026-09-11T10:30:59.3861698+09:00
2026-09-11 10:30:59.386 +09:00 [SESSION=e093265f1077] [SEQ=64] [PID=3600] [TID=12] [INFO] [STATION-1] event=CYCLE_STARTED cycle=3 requestDevice=D810 requestValue=1 readTime=2026-09-11T10:30:59.3861698+09:00
2026-09-11 10:30:59.386 +09:00 [SESSION=e093265f1077] [SEQ=65] [PID=3600] [TID=12] [INFO] [STATION-1] event=SAMPLE_ACCEPTED cycle=3 sample=1 raw=0 loadKgf=0.000000 readTime=2026-09-11T10:30:59.3861698+09:00 words=[12546,8235,11824,12336,816]
2026-09-11 10:30:59.388 +09:00 [SESSION=e093265f1077] [SEQ=66] [PID=3600] [TID=1] [INFO] [STATION-1] event=CYCLE_UI_STARTED cycle=3 startedAt=2026-09-11T10:30:59.3861698+09:00 lot="260827-A01" fileName="SOFC_A12" operator="홍길동" spec="0.4"
2026-09-11 10:31:00.386 +09:00 [SESSION=e093265f1077] [SEQ=67] [PID=3600] [TID=9] [INFO] [STATION-1] event=SAMPLE_ACCEPTED cycle=3 sample=2 raw=0 loadKgf=0.000000 readTime=2026-09-11T10:31:00.3863314+09:00 words=[12546,8235,11824,12336,816]
2026-09-11 10:31:00.386 +09:00 [SESSION=e093265f1077] [SEQ=68] [PID=3600] [TID=9] [INFO] [STATION-1] event=PLC_HEARTBEAT requestDevice=D810 requestValue=1 loadRaw=0 collecting=True cycle=3 sampleCount=2 acquisitionState=COLLECTING
2026-09-11 10:31:01.385 +09:00 [SESSION=e093265f1077] [SEQ=69] [PID=3600] [TID=5] [INFO] [STATION-1] event=PLC_REQUEST_CHANGED signal=END_REQ device=D810 value=0 readTime=2026-09-11T10:31:01.3851753+09:00
2026-09-11 10:31:01.385 +09:00 [SESSION=e093265f1077] [SEQ=70] [PID=3600] [TID=5] [INFO] [STATION-1] event=CYCLE_ENDED cycle=3 requestDevice=D810 requestValue=0 sampleCount=2 durationMs=1999 readTime=2026-09-11T10:31:01.3851753+09:00
2026-09-11 10:31:01.387 +09:00 [SESSION=e093265f1077] [SEQ=71] [PID=3600] [TID=1] [INFO] [STATION-1] event=INSPECTION_EVALUATION_STARTED cycle=3 readerSampleCount=2 uiSampleCount=2 lot="260827-A01" fileName="SOFC_A12" operator="홍길동" spec="0.4"
2026-09-11 10:31:01.391 +09:00 [SESSION=e093265f1077] [SEQ=72] [PID=3600] [TID=1] [INFO] [STATION-1] event=INSPECTION_EVALUATED cycle=3 verdict=NG valid=True peakKgf=0.000000 lowerSpecKgf=0.400000 upperSpecKgf=0.400000 sampleCount=2 inspectionCount=3 passCount=0 failCount=3 yieldPercent=0.00 message="검사 완료: PEAK 0.000 kgf / SPEC 0.400 / NG (검사 3, GOOD 0, NG 3, Yield 0.00%)"
2026-09-11 10:31:01.393 +09:00 [SESSION=e093265f1077] [SEQ=73] [PID=3600] [TID=1] [INFO] [STATION-1] event=INSPECTION_BUFFERED_IN_MEMORY cycle=3 lot="260827-A01" fileName="SOFC_A12" verdict=NG lotInspectionCount=3 sampleCount=2
2026-09-11 10:31:01.393 +09:00 [SESSION=e093265f1077] [SEQ=74] [PID=3600] [TID=1] [INFO] [STATION-1] event=ACQUISITION_STATE_CHANGED from=EVALUATING to=WAITSTART
2026-09-11 10:31:02.386 +09:00 [SESSION=e093265f1077] [SEQ=75] [PID=3600] [TID=5] [INFO] [STATION-1] event=PLC_REQUEST_CHANGED signal=END_REQ device=D810 value=0 readTime=2026-09-11T10:31:02.3864790+09:00
2026-09-11 10:31:06.408 +09:00 [SESSION=e093265f1077] [SEQ=76] [PID=3600] [TID=5] [INFO] [STATION-1] event=PLC_REQUEST_CHANGED signal=START_REQ device=D810 value=1 readTime=2026-09-11T10:31:06.4086262+09:00
2026-09-11 10:31:06.408 +09:00 [SESSION=e093265f1077] [SEQ=77] [PID=3600] [TID=5] [INFO] [STATION-1] event=CYCLE_STARTED cycle=4 requestDevice=D810 requestValue=1 readTime=2026-09-11T10:31:06.4086262+09:00
2026-09-11 10:31:06.408 +09:00 [SESSION=e093265f1077] [SEQ=78] [PID=3600] [TID=5] [INFO] [STATION-1] event=SAMPLE_ACCEPTED cycle=4 sample=1 raw=-5 loadKgf=-0.005000 readTime=2026-09-11T10:31:06.4086262+09:00 words=[12546,8237,11824,12336,821]
2026-09-11 10:31:06.412 +09:00 [SESSION=e093265f1077] [SEQ=79] [PID=3600] [TID=1] [INFO] [STATION-1] event=CYCLE_UI_STARTED cycle=4 startedAt=2026-09-11T10:31:06.4086262+09:00 lot="260827-A01" fileName="SOFC_A12" operator="홍길동" spec="0.4"
2026-09-11 10:31:07.422 +09:00 [SESSION=e093265f1077] [SEQ=80] [PID=3600] [TID=5] [INFO] [STATION-1] event=SAMPLE_ACCEPTED cycle=4 sample=2 raw=0 loadKgf=0.000000 readTime=2026-09-11T10:31:07.4227403+09:00 words=[12546,8235,11824,12336,816]
2026-09-11 10:31:08.428 +09:00 [SESSION=e093265f1077] [SEQ=81] [PID=3600] [TID=5] [INFO] [STATION-1] event=PLC_REQUEST_CHANGED signal=END_REQ device=D810 value=0 readTime=2026-09-11T10:31:08.4283330+09:00
2026-09-11 10:31:08.428 +09:00 [SESSION=e093265f1077] [SEQ=82] [PID=3600] [TID=5] [INFO] [STATION-1] event=CYCLE_ENDED cycle=4 requestDevice=D810 requestValue=0 sampleCount=2 durationMs=2020 readTime=2026-09-11T10:31:08.4283330+09:00
2026-09-11 10:31:08.430 +09:00 [SESSION=e093265f1077] [SEQ=83] [PID=3600] [TID=1] [INFO] [STATION-1] event=INSPECTION_EVALUATION_STARTED cycle=4 readerSampleCount=2 uiSampleCount=2 lot="260827-A01" fileName="SOFC_A12" operator="홍길동" spec="0.4"
2026-09-11 10:31:08.433 +09:00 [SESSION=e093265f1077] [SEQ=84] [PID=3600] [TID=1] [INFO] [STATION-1] event=INSPECTION_EVALUATED cycle=4 verdict=NG valid=True peakKgf=0.000000 lowerSpecKgf=0.400000 upperSpecKgf=0.400000 sampleCount=2 inspectionCount=4 passCount=0 failCount=4 yieldPercent=0.00 message="검사 완료: PEAK 0.000 kgf / SPEC 0.400 / NG (검사 4, GOOD 0, NG 4, Yield 0.00%)"
2026-09-11 10:31:08.436 +09:00 [SESSION=e093265f1077] [SEQ=85] [PID=3600] [TID=1] [INFO] [STATION-1] event=INSPECTION_BUFFERED_IN_MEMORY cycle=4 lot="260827-A01" fileName="SOFC_A12" verdict=NG lotInspectionCount=4 sampleCount=2
2026-09-11 10:31:08.437 +09:00 [SESSION=e093265f1077] [SEQ=86] [PID=3600] [TID=1] [INFO] [STATION-1] event=ACQUISITION_STATE_CHANGED from=EVALUATING to=WAITSTART
2026-09-11 10:31:09.430 +09:00 [SESSION=e093265f1077] [SEQ=87] [PID=3600] [TID=12] [INFO] [STATION-1] event=PLC_REQUEST_CHANGED signal=END_REQ device=D810 value=0 readTime=2026-09-11T10:31:09.4300874+09:00
2026-09-11 10:31:10.431 +09:00 [SESSION=e093265f1077] [SEQ=88] [PID=3600] [TID=8] [INFO] [STATION-1] event=PLC_HEARTBEAT requestDevice=D810 requestValue=0 loadRaw=0 collecting=False cycle=4 sampleCount=2 acquisitionState=WAITSTART
2026-09-11 10:31:13.440 +09:00 [SESSION=e093265f1077] [SEQ=89] [PID=3600] [TID=9] [INFO] [STATION-1] event=PLC_REQUEST_CHANGED signal=START_REQ device=D810 value=1 readTime=2026-09-11T10:31:13.4409176+09:00
2026-09-11 10:31:13.440 +09:00 [SESSION=e093265f1077] [SEQ=90] [PID=3600] [TID=9] [INFO] [STATION-1] event=CYCLE_STARTED cycle=5 requestDevice=D810 requestValue=1 readTime=2026-09-11T10:31:13.4409176+09:00
2026-09-11 10:31:13.440 +09:00 [SESSION=e093265f1077] [SEQ=91] [PID=3600] [TID=9] [INFO] [STATION-1] event=SAMPLE_ACCEPTED cycle=5 sample=1 raw=0 loadKgf=0.000000 readTime=2026-09-11T10:31:13.4409176+09:00 words=[12546,8235,11824,12336,816]
2026-09-11 10:31:13.444 +09:00 [SESSION=e093265f1077] [SEQ=92] [PID=3600] [TID=1] [INFO] [STATION-1] event=CYCLE_UI_STARTED cycle=5 startedAt=2026-09-11T10:31:13.4409176+09:00 lot="260827-A01" fileName="SOFC_A12" operator="홍길동" spec="0.4"
2026-09-11 10:31:14.452 +09:00 [SESSION=e093265f1077] [SEQ=93] [PID=3600] [TID=5] [INFO] [STATION-1] event=SAMPLE_ACCEPTED cycle=5 sample=2 raw=0 loadKgf=0.000000 readTime=2026-09-11T10:31:14.4523382+09:00 words=[12546,8235,11824,12336,816]
2026-09-11 10:31:15.454 +09:00 [SESSION=e093265f1077] [SEQ=94] [PID=3600] [TID=5] [INFO] [STATION-1] event=SAMPLE_ACCEPTED cycle=5 sample=3 raw=0 loadKgf=0.000000 readTime=2026-09-11T10:31:15.4548567+09:00 words=[12546,8235,11824,12336,816]
2026-09-11 10:31:16.463 +09:00 [SESSION=e093265f1077] [SEQ=95] [PID=3600] [TID=5] [INFO] [STATION-1] event=PLC_REQUEST_CHANGED signal=END_REQ device=D810 value=0 readTime=2026-09-11T10:31:16.4633794+09:00
2026-09-11 10:31:16.463 +09:00 [SESSION=e093265f1077] [SEQ=96] [PID=3600] [TID=5] [INFO] [STATION-1] event=CYCLE_ENDED cycle=5 requestDevice=D810 requestValue=0 sampleCount=3 durationMs=3022 readTime=2026-09-11T10:31:16.4633794+09:00
2026-09-11 10:31:16.465 +09:00 [SESSION=e093265f1077] [SEQ=97] [PID=3600] [TID=1] [INFO] [STATION-1] event=INSPECTION_EVALUATION_STARTED cycle=5 readerSampleCount=3 uiSampleCount=3 lot="260827-A01" fileName="SOFC_A12" operator="홍길동" spec="0.4"
2026-09-11 10:31:16.468 +09:00 [SESSION=e093265f1077] [SEQ=98] [PID=3600] [TID=1] [INFO] [STATION-1] event=INSPECTION_EVALUATED cycle=5 verdict=NG valid=True peakKgf=0.000000 lowerSpecKgf=0.400000 upperSpecKgf=0.400000 sampleCount=3 inspectionCount=5 passCount=0 failCount=5 yieldPercent=0.00 message="검사 완료: PEAK 0.000 kgf / SPEC 0.400 / NG (검사 5, GOOD 0, NG 5, Yield 0.00%)"
2026-09-11 10:31:16.471 +09:00 [SESSION=e093265f1077] [SEQ=99] [PID=3600] [TID=1] [INFO] [STATION-1] event=INSPECTION_BUFFERED_IN_MEMORY cycle=5 lot="260827-A01" fileName="SOFC_A12" verdict=NG lotInspectionCount=5 sampleCount=3
2026-09-11 10:31:16.471 +09:00 [SESSION=e093265f1077] [SEQ=100] [PID=3600] [TID=1] [INFO] [STATION-1] event=ACQUISITION_STATE_CHANGED from=EVALUATING to=WAITSTART
2026-09-11 10:31:17.463 +09:00 [SESSION=e093265f1077] [SEQ=101] [PID=3600] [TID=5] [INFO] [STATION-1] event=PLC_REQUEST_CHANGED signal=END_REQ device=D810 value=0 readTime=2026-09-11T10:31:17.4636784+09:00
2026-09-11 10:31:20.467 +09:00 [SESSION=e093265f1077] [SEQ=102] [PID=3600] [TID=12] [INFO] [STATION-1] event=PLC_HEARTBEAT requestDevice=D810 requestValue=0 loadRaw=0 collecting=False cycle=5 sampleCount=3 acquisitionState=WAITSTART
2026-09-11 10:31:21.472 +09:00 [SESSION=e093265f1077] [SEQ=103] [PID=3600] [TID=5] [INFO] [STATION-1] event=PLC_REQUEST_CHANGED signal=START_REQ device=D810 value=1 readTime=2026-09-11T10:31:21.4723302+09:00
2026-09-11 10:31:21.472 +09:00 [SESSION=e093265f1077] [SEQ=104] [PID=3600] [TID=5] [INFO] [STATION-1] event=CYCLE_STARTED cycle=6 requestDevice=D810 requestValue=1 readTime=2026-09-11T10:31:21.4723302+09:00
2026-09-11 10:31:21.472 +09:00 [SESSION=e093265f1077] [SEQ=105] [PID=3600] [TID=5] [INFO] [STATION-1] event=SAMPLE_ACCEPTED cycle=6 sample=1 raw=0 loadKgf=0.000000 readTime=2026-09-11T10:31:21.4723302+09:00 words=[12546,8235,11824,12336,816]
2026-09-11 10:31:21.475 +09:00 [SESSION=e093265f1077] [SEQ=106] [PID=3600] [TID=1] [INFO] [STATION-1] event=CYCLE_UI_STARTED cycle=6 startedAt=2026-09-11T10:31:21.4723302+09:00 lot="260827-A01" fileName="SOFC_A12" operator="홍길동" spec="0.4"
2026-09-11 10:31:22.488 +09:00 [SESSION=e093265f1077] [SEQ=107] [PID=3600] [TID=5] [INFO] [STATION-1] event=SAMPLE_ACCEPTED cycle=6 sample=2 raw=0 loadKgf=0.000000 readTime=2026-09-11T10:31:22.4884957+09:00 words=[12546,8235,11824,12336,816]
2026-09-11 10:31:23.494 +09:00 [SESSION=e093265f1077] [SEQ=108] [PID=3600] [TID=5] [INFO] [STATION-1] event=PLC_REQUEST_CHANGED signal=END_REQ device=D810 value=0 readTime=2026-09-11T10:31:23.4941929+09:00
2026-09-11 10:31:23.494 +09:00 [SESSION=e093265f1077] [SEQ=109] [PID=3600] [TID=5] [INFO] [STATION-1] event=CYCLE_ENDED cycle=6 requestDevice=D810 requestValue=0 sampleCount=2 durationMs=2022 readTime=2026-09-11T10:31:23.4941929+09:00
2026-09-11 10:31:23.496 +09:00 [SESSION=e093265f1077] [SEQ=110] [PID=3600] [TID=1] [INFO] [STATION-1] event=INSPECTION_EVALUATION_STARTED cycle=6 readerSampleCount=2 uiSampleCount=2 lot="260827-A01" fileName="SOFC_A12" operator="홍길동" spec="0.4"
2026-09-11 10:31:23.500 +09:00 [SESSION=e093265f1077] [SEQ=111] [PID=3600] [TID=1] [INFO] [STATION-1] event=INSPECTION_EVALUATED cycle=6 verdict=NG valid=True peakKgf=0.000000 lowerSpecKgf=0.400000 upperSpecKgf=0.400000 sampleCount=2 inspectionCount=6 passCount=0 failCount=6 yieldPercent=0.00 message="검사 완료: PEAK 0.000 kgf / SPEC 0.400 / NG (검사 6, GOOD 0, NG 6, Yield 0.00%)"
2026-09-11 10:31:23.502 +09:00 [SESSION=e093265f1077] [SEQ=112] [PID=3600] [TID=1] [INFO] [STATION-1] event=INSPECTION_BUFFERED_IN_MEMORY cycle=6 lot="260827-A01" fileName="SOFC_A12" verdict=NG lotInspectionCount=6 sampleCount=2
2026-09-11 10:31:23.503 +09:00 [SESSION=e093265f1077] [SEQ=113] [PID=3600] [TID=1] [INFO] [STATION-1] event=ACQUISITION_STATE_CHANGED from=EVALUATING to=WAITSTART
2026-09-11 10:31:24.496 +09:00 [SESSION=e093265f1077] [SEQ=114] [PID=3600] [TID=8] [INFO] [STATION-1] event=PLC_REQUEST_CHANGED signal=END_REQ device=D810 value=0 readTime=2026-09-11T10:31:24.4960366+09:00
2026-09-11 10:31:30.520 +09:00 [SESSION=e093265f1077] [SEQ=115] [PID=3600] [TID=5] [INFO] [STATION-1] event=PLC_HEARTBEAT requestDevice=D810 requestValue=0 loadRaw=0 collecting=False cycle=6 sampleCount=2 acquisitionState=WAITSTART
2026-09-11 10:31:40.545 +09:00 [SESSION=e093265f1077] [SEQ=116] [PID=3600] [TID=5] [INFO] [STATION-1] event=PLC_HEARTBEAT requestDevice=D810 requestValue=0 loadRaw=0 collecting=False cycle=6 sampleCount=2 acquisitionState=WAITSTART
2026-09-11 10:31:50.577 +09:00 [SESSION=e093265f1077] [SEQ=117] [PID=3600] [TID=5] [INFO] [STATION-1] event=PLC_HEARTBEAT requestDevice=D810 requestValue=0 loadRaw=0 collecting=False cycle=6 sampleCount=2 acquisitionState=WAITSTART
2026-09-11 10:32:00.596 +09:00 [SESSION=e093265f1077] [SEQ=118] [PID=3600] [TID=5] [INFO] [STATION-1] event=PLC_HEARTBEAT requestDevice=D810 requestValue=0 loadRaw=0 collecting=False cycle=6 sampleCount=2 acquisitionState=WAITSTART
2026-09-11 10:32:10.610 +09:00 [SESSION=e093265f1077] [SEQ=119] [PID=3600] [TID=5] [INFO] [STATION-1] event=PLC_HEARTBEAT requestDevice=D810 requestValue=0 loadRaw=0 collecting=False cycle=6 sampleCount=2 acquisitionState=WAITSTART
2026-09-11 10:32:20.641 +09:00 [SESSION=e093265f1077] [SEQ=120] [PID=3600] [TID=5] [INFO] [STATION-1] event=PLC_HEARTBEAT requestDevice=D810 requestValue=0 loadRaw=0 collecting=False cycle=6 sampleCount=2 acquisitionState=WAITSTART
2026-09-11 10:32:30.672 +09:00 [SESSION=e093265f1077] [SEQ=121] [PID=3600] [TID=5] [INFO] [STATION-1] event=PLC_HEARTBEAT requestDevice=D810 requestValue=0 loadRaw=0 collecting=False cycle=6 sampleCount=2 acquisitionState=WAITSTART
2026-09-11 10:32:40.726 +09:00 [SESSION=e093265f1077] [SEQ=122] [PID=3600] [TID=8] [INFO] [STATION-1] event=PLC_HEARTBEAT requestDevice=D810 requestValue=0 loadRaw=0 collecting=False cycle=6 sampleCount=2 acquisitionState=WAITSTART
2026-09-11 10:32:50.747 +09:00 [SESSION=e093265f1077] [SEQ=123] [PID=3600] [TID=5] [INFO] [STATION-1] event=PLC_HEARTBEAT requestDevice=D810 requestValue=0 loadRaw=0 collecting=False cycle=6 sampleCount=2 acquisitionState=WAITSTART
2026-09-11 10:33:00.768 +09:00 [SESSION=e093265f1077] [SEQ=124] [PID=3600] [TID=8] [INFO] [STATION-1] event=PLC_HEARTBEAT requestDevice=D810 requestValue=0 loadRaw=0 collecting=False cycle=6 sampleCount=2 acquisitionState=WAITSTART
2026-09-11 10:33:10.783 +09:00 [SESSION=e093265f1077] [SEQ=125] [PID=3600] [TID=12] [INFO] [STATION-1] event=PLC_HEARTBEAT requestDevice=D810 requestValue=0 loadRaw=0 collecting=False cycle=6 sampleCount=2 acquisitionState=WAITSTART
2026-09-11 10:33:20.813 +09:00 [SESSION=e093265f1077] [SEQ=126] [PID=3600] [TID=5] [INFO] [STATION-1] event=PLC_HEARTBEAT requestDevice=D810 requestValue=0 loadRaw=0 collecting=False cycle=6 sampleCount=2 acquisitionState=WAITSTART
2026-09-11 10:33:30.868 +09:00 [SESSION=e093265f1077] [SEQ=127] [PID=3600] [TID=8] [INFO] [STATION-1] event=PLC_HEARTBEAT requestDevice=D810 requestValue=0 loadRaw=0 collecting=False cycle=6 sampleCount=2 acquisitionState=WAITSTART
2026-09-11 10:33:40.913 +09:00 [SESSION=e093265f1077] [SEQ=128] [PID=3600] [TID=5] [INFO] [STATION-1] event=PLC_HEARTBEAT requestDevice=D810 requestValue=0 loadRaw=0 collecting=False cycle=6 sampleCount=2 acquisitionState=WAITSTART
2026-09-11 10:33:50.947 +09:00 [SESSION=e093265f1077] [SEQ=129] [PID=3600] [TID=5] [INFO] [STATION-1] event=PLC_HEARTBEAT requestDevice=D810 requestValue=0 loadRaw=0 collecting=False cycle=6 sampleCount=2 acquisitionState=WAITSTART
2026-09-11 10:34:00.980 +09:00 [SESSION=e093265f1077] [SEQ=130] [PID=3600] [TID=9] [INFO] [STATION-1] event=PLC_HEARTBEAT requestDevice=D810 requestValue=0 loadRaw=0 collecting=False cycle=6 sampleCount=2 acquisitionState=WAITSTART
2026-09-11 10:34:11.008 +09:00 [SESSION=e093265f1077] [SEQ=131] [PID=3600] [TID=5] [INFO] [STATION-1] event=PLC_HEARTBEAT requestDevice=D810 requestValue=0 loadRaw=0 collecting=False cycle=6 sampleCount=2 acquisitionState=WAITSTART
2026-09-11 10:34:21.027 +09:00 [SESSION=e093265f1077] [SEQ=132] [PID=3600] [TID=5] [INFO] [STATION-1] event=PLC_HEARTBEAT requestDevice=D810 requestValue=0 loadRaw=0 collecting=False cycle=6 sampleCount=2 acquisitionState=WAITSTART
2026-09-11 10:34:31.069 +09:00 [SESSION=e093265f1077] [SEQ=133] [PID=3600] [TID=5] [INFO] [STATION-1] event=PLC_HEARTBEAT requestDevice=D810 requestValue=0 loadRaw=0 collecting=False cycle=6 sampleCount=2 acquisitionState=WAITSTART
2026-09-11 10:34:39.389 +09:00 [SESSION=e093265f1077] [SEQ=134] [PID=3600] [TID=8] [ERROR] [STATION-1] event=CONNECTION_STATE_CHANGED state=Error endpoint=172.20.9.100:5000 exception="System.IO.IOException: 전송 연결 현재 연결은 원격 호스트에 의해 강제로 끊겼습니다에서 데이터를 읽을 수 없습니다. ---> System.Net.Sockets.SocketException: 현재 연결은 원격 호스트에 의해 강제로 끊겼습니다 <=    위치: System.Net.Sockets.Socket.EndReceive(IAsyncResult asyncResult) <=    위치: System.Net.Sockets.NetworkStream.EndRead(IAsyncResult asyncResult) <=    --- 내부 예외 스택 추적의 끝 --- <=    위치: System.Net.Sockets.NetworkStream.EndRead(IAsyncResult asyncResult) <=    위치: System.Threading.Tasks.TaskFactory`1.FromAsyncTrimPromise`1.Complete(TInstance thisRef, Func`3 endMethod, IAsyncResult asyncResult, Boolean requiresSynchronization) <= --- 예외가 throw된 이전 위치의 스택 추적 끝 --- <=    위치: System.Runtime.ExceptionServices.ExceptionDispatchInfo.Throw() <=    위치: McpXLib.Transports.TcpPlcTransport.<GetReceivePacketAsync>d__10.MoveNext() <= --- 예외가 throw된 이전 위치의 스택 추적 끝 --- <=    위치: System.Runtime.ExceptionServices.ExceptionDispatchInfo.Throw() <=    위치: System.Runtime.CompilerServices.TaskAwaiter.HandleNonSuccessAndDebuggerNotification(Task task) <=    위치: McpXLib.Transports.TcpPlcTransport.<RequestAsync>d__8.MoveNext() <= --- 예외가 throw된 이전 위치의 스택 추적 끝 --- <=    위치: System.Runtime.ExceptionServices.ExceptionDispatchInfo.Throw() <=    위치: System.Runtime.CompilerServices.TaskAwaiter.HandleNonSuccessAndDebuggerNotification(Task task) <=    위치: McpXLib.Abstructs.BasePlc.<RequestAsync>d__5.MoveNext() <= --- 예외가 throw된 이전 위치의 스택 추적 끝 --- <=    위치: System.Runtime.ExceptionServices.ExceptionDispatchInfo.Throw() <=    위치: System.Runtime.CompilerServices.TaskAwaiter.HandleNonSuccessAndDebuggerNotification(Task task) <=    위치: McpXLib.Commands.WordBatchReadCommand`1.<ExecuteAsync>d__6.MoveNext() <= --- 예외가 throw된 이전 위치의 스택 추적 끝 --- <=    위치: System.Runtime.ExceptionServices.ExceptionDispatchInfo.Throw() <=    위치: System.Runtime.CompilerServices.TaskAwaiter.HandleNonSuccessAndDebuggerNotification(Task task) <=    위치: McpXLib.Commands.PlcCommandHandler`1.<ExecuteAsync>d__0.MoveNext() <= --- 예외가 throw된 이전 위치의 스택 추적 끝 --- <=    위치: System.Runtime.ExceptionServices.ExceptionDispatchInfo.Throw() <=    위치: System.Runtime.CompilerServices.TaskAwaiter.HandleNonSuccessAndDebuggerNotification(Task task) <=    위치: McpXLib.Mcp.<WordBatchReadAsync>d__27`1.MoveNext() <= --- 예외가 throw된 이전 위치의 스택 추적 끝 --- <=    위치: System.Runtime.ExceptionServices.ExceptionDispatchInfo.Throw() <=    위치: System.Runtime.CompilerServices.TaskAwaiter.HandleNonSuccessAndDebuggerNotification(Task task) <=    위치: McpXLib.RandomAccessPlanner.<>c__DisplayClass18_1.<<EmitBatchReadPackets>b__3>d.MoveNext() <= --- 예외가 throw된 이전 위치의 스택 추적 끝 --- <=    위치: System.Runtime.ExceptionServices.ExceptionDispatchInfo.Throw() <=    위치: McpXLib.PacketPlan.<ExecuteAsync>d__14.MoveNext() <= --- 예외가 throw된 이전 위치의 스택 추적 끝 --- <=    위치: System.Runtime.ExceptionServices.ExceptionDispatchInfo.Throw() <=    위치: System.Runtime.CompilerServices.TaskAwaiter.HandleNonSuccessAndDebuggerNotification(Task task) <=    위치: McpXLib.McpX.<OptimizedReadAsync>d__138.MoveNext() <= --- 예외가 throw된 이전 위치의 스택 추적 끝 --- <=    위치: System.Runtime.ExceptionServices.ExceptionDispatchInfo.Throw() <=    위치: System.Runtime.CompilerServices.TaskAwaiter.HandleNonSuccessAndDebuggerNotification(Task task) <=    위치: SOFCMeas.PlcGraphReader.<ReadSnapshotAsync>d__48.MoveNext() 파일 D:\\Works_Updates\\NetSolution\\src\\SOFCMeas\\SOFCMeas\\PlcGraphReader.cs:줄 575 <= --- 예외가 throw된 이전 위치의 스택 추적 끝 --- <=    위치: System.Runtime.ExceptionServices.ExceptionDispatchInfo.Throw() <=    위치: SOFCMeas.PlcGraphReader.<MonitorAsync>d__47.MoveNext() 파일 D:\\Works_Updates\\NetSolution\\src\\SOFCMeas\\SOFCMeas\\PlcGraphReader.cs:줄 464 <= --- 예외가 throw된 이전 위치의 스택 추적 끝 --- <=    위치: System.Runtime.ExceptionServices.ExceptionDispatchInfo.Throw() <=    위치: SOFCMeas.PlcGraphReader.<RunAsync>d__46.MoveNext() 파일 D:\\Works_Updates\\NetSolution\\src\\SOFCMeas\\SOFCMeas\\PlcGraphReader.cs:줄 356"
2026-09-11 10:34:39.411 +09:00 [SESSION=e093265f1077] [SEQ=135] [PID=3600] [TID=8] [ERROR] [STATION-1] event=PLC_COMMUNICATION_FAILED attempt=1 endpoint=172.20.9.100:5000 cycle=6 cycleActive=False sampleCount=2 exception="System.IO.IOException: 전송 연결 현재 연결은 원격 호스트에 의해 강제로 끊겼습니다에서 데이터를 읽을 수 없습니다. ---> System.Net.Sockets.SocketException: 현재 연결은 원격 호스트에 의해 강제로 끊겼습니다 <=    위치: System.Net.Sockets.Socket.EndReceive(IAsyncResult asyncResult) <=    위치: System.Net.Sockets.NetworkStream.EndRead(IAsyncResult asyncResult) <=    --- 내부 예외 스택 추적의 끝 --- <=    위치: System.Net.Sockets.NetworkStream.EndRead(IAsyncResult asyncResult) <=    위치: System.Threading.Tasks.TaskFactory`1.FromAsyncTrimPromise`1.Complete(TInstance thisRef, Func`3 endMethod, IAsyncResult asyncResult, Boolean requiresSynchronization) <= --- 예외가 throw된 이전 위치의 스택 추적 끝 --- <=    위치: System.Runtime.ExceptionServices.ExceptionDispatchInfo.Throw() <=    위치: McpXLib.Transports.TcpPlcTransport.<GetReceivePacketAsync>d__10.MoveNext() <= --- 예외가 throw된 이전 위치의 스택 추적 끝 --- <=    위치: System.Runtime.ExceptionServices.ExceptionDispatchInfo.Throw() <=    위치: System.Runtime.CompilerServices.TaskAwaiter.HandleNonSuccessAndDebuggerNotification(Task task) <=    위치: McpXLib.Transports.TcpPlcTransport.<RequestAsync>d__8.MoveNext() <= --- 예외가 throw된 이전 위치의 스택 추적 끝 --- <=    위치: System.Runtime.ExceptionServices.ExceptionDispatchInfo.Throw() <=    위치: System.Runtime.CompilerServices.TaskAwaiter.HandleNonSuccessAndDebuggerNotification(Task task) <=    위치: McpXLib.Abstructs.BasePlc.<RequestAsync>d__5.MoveNext() <= --- 예외가 throw된 이전 위치의 스택 추적 끝 --- <=    위치: System.Runtime.ExceptionServices.ExceptionDispatchInfo.Throw() <=    위치: System.Runtime.CompilerServices.TaskAwaiter.HandleNonSuccessAndDebuggerNotification(Task task) <=    위치: McpXLib.Commands.WordBatchReadCommand`1.<ExecuteAsync>d__6.MoveNext() <= --- 예외가 throw된 이전 위치의 스택 추적 끝 --- <=    위치: System.Runtime.ExceptionServices.ExceptionDispatchInfo.Throw() <=    위치: System.Runtime.CompilerServices.TaskAwaiter.HandleNonSuccessAndDebuggerNotification(Task task) <=    위치: McpXLib.Commands.PlcCommandHandler`1.<ExecuteAsync>d__0.MoveNext() <= --- 예외가 throw된 이전 위치의 스택 추적 끝 --- <=    위치: System.Runtime.ExceptionServices.ExceptionDispatchInfo.Throw() <=    위치: System.Runtime.CompilerServices.TaskAwaiter.HandleNonSuccessAndDebuggerNotification(Task task) <=    위치: McpXLib.Mcp.<WordBatchReadAsync>d__27`1.MoveNext() <= --- 예외가 throw된 이전 위치의 스택 추적 끝 --- <=    위치: System.Runtime.ExceptionServices.ExceptionDispatchInfo.Throw() <=    위치: System.Runtime.CompilerServices.TaskAwaiter.HandleNonSuccessAndDebuggerNotification(Task task) <=    위치: McpXLib.RandomAccessPlanner.<>c__DisplayClass18_1.<<EmitBatchReadPackets>b__3>d.MoveNext() <= --- 예외가 throw된 이전 위치의 스택 추적 끝 --- <=    위치: System.Runtime.ExceptionServices.ExceptionDispatchInfo.Throw() <=    위치: McpXLib.PacketPlan.<ExecuteAsync>d__14.MoveNext() <= --- 예외가 throw된 이전 위치의 스택 추적 끝 --- <=    위치: System.Runtime.ExceptionServices.ExceptionDispatchInfo.Throw() <=    위치: System.Runtime.CompilerServices.TaskAwaiter.HandleNonSuccessAndDebuggerNotification(Task task) <=    위치: McpXLib.McpX.<OptimizedReadAsync>d__138.MoveNext() <= --- 예외가 throw된 이전 위치의 스택 추적 끝 --- <=    위치: System.Runtime.ExceptionServices.ExceptionDispatchInfo.Throw() <=    위치: System.Runtime.CompilerServices.TaskAwaiter.HandleNonSuccessAndDebuggerNotification(Task task) <=    위치: SOFCMeas.PlcGraphReader.<ReadSnapshotAsync>d__48.MoveNext() 파일 D:\\Works_Updates\\NetSolution\\src\\SOFCMeas\\SOFCMeas\\PlcGraphReader.cs:줄 575 <= --- 예외가 throw된 이전 위치의 스택 추적 끝 --- <=    위치: System.Runtime.ExceptionServices.ExceptionDispatchInfo.Throw() <=    위치: SOFCMeas.PlcGraphReader.<MonitorAsync>d__47.MoveNext() 파일 D:\\Works_Updates\\NetSolution\\src\\SOFCMeas\\SOFCMeas\\PlcGraphReader.cs:줄 464 <= --- 예외가 throw된 이전 위치의 스택 추적 끝 --- <=    위치: System.Runtime.ExceptionServices.ExceptionDispatchInfo.Throw() <=    위치: SOFCMeas.PlcGraphReader.<RunAsync>d__46.MoveNext() 파일 D:\\Works_Updates\\NetSolution\\src\\SOFCMeas\\SOFCMeas\\PlcGraphReader.cs:줄 356"
2026-09-11 10:34:39.412 +09:00 [SESSION=e093265f1077] [SEQ=136] [PID=3600] [TID=8] [INFO] [STATION-1] event=PLC_CONNECTION_CLOSED attempt=1 cancellationRequested=False
2026-09-11 10:34:39.412 +09:00 [SESSION=e093265f1077] [SEQ=137] [PID=3600] [TID=8] [WARN] [STATION-1] event=PLC_RECONNECT_SCHEDULED nextAttempt=2 delayMs=2000
2026-09-11 10:34:41.414 +09:00 [SESSION=e093265f1077] [SEQ=138] [PID=3600] [TID=5] [INFO] [STATION-1] event=CONNECTION_STATE_CHANGED state=Connecting endpoint=172.20.9.100:5000
2026-09-11 10:34:41.414 +09:00 [SESSION=e093265f1077] [SEQ=139] [PID=3600] [TID=5] [INFO] [STATION-1] event=PLC_CONNECT_ATTEMPT attempt=2 endpoint=172.20.9.100:5000
2026-09-11 10:34:41.418 +09:00 [SESSION=e093265f1077] [SEQ=140] [PID=3600] [TID=5] [INFO] [STATION-1] event=CONNECTION_STATE_CHANGED state=Connected endpoint=172.20.9.100:5000
2026-09-11 10:34:41.418 +09:00 [SESSION=e093265f1077] [SEQ=141] [PID=3600] [TID=5] [INFO] [STATION-1] event=PLC_CONNECTED attempt=2 endpoint=172.20.9.100:5000 connectElapsedMs=4
2026-09-11 10:34:41.422 +09:00 [SESSION=e093265f1077] [SEQ=142] [PID=3600] [TID=9] [INFO] [STATION-1] event=PLC_REQUEST_CHANGED signal=END_REQ device=D810 value=0 readTime=2026-09-11T10:34:41.4220750+09:00
2026-09-11 10:34:41.422 +09:00 [SESSION=e093265f1077] [SEQ=143] [PID=3600] [TID=9] [INFO] [STATION-1] event=PLC_HEARTBEAT requestDevice=D810 requestValue=0 loadRaw=0 collecting=False cycle=6 sampleCount=2 acquisitionState=WAITSTART
2026-09-11 10:34:51.452 +09:00 [SESSION=e093265f1077] [SEQ=144] [PID=3600] [TID=5] [INFO] [STATION-1] event=PLC_HEARTBEAT requestDevice=D810 requestValue=0 loadRaw=0 collecting=False cycle=6 sampleCount=2 acquisitionState=WAITSTART
2026-09-11 10:35:01.465 +09:00 [SESSION=e093265f1077] [SEQ=145] [PID=3600] [TID=9] [INFO] [STATION-1] event=PLC_HEARTBEAT requestDevice=D810 requestValue=0 loadRaw=0 collecting=False cycle=6 sampleCount=2 acquisitionState=WAITSTART
2026-09-11 10:35:11.499 +09:00 [SESSION=e093265f1077] [SEQ=146] [PID=3600] [TID=7] [INFO] [STATION-1] event=PLC_HEARTBEAT requestDevice=D810 requestValue=0 loadRaw=0 collecting=False cycle=6 sampleCount=2 acquisitionState=WAITSTART
2026-09-11 10:35:21.516 +09:00 [SESSION=e093265f1077] [SEQ=147] [PID=3600] [TID=5] [INFO] [STATION-1] event=PLC_HEARTBEAT requestDevice=D810 requestValue=0 loadRaw=0 collecting=False cycle=6 sampleCount=2 acquisitionState=WAITSTART
2026-09-11 10:35:31.533 +09:00 [SESSION=e093265f1077] [SEQ=148] [PID=3600] [TID=5] [INFO] [STATION-1] event=PLC_HEARTBEAT requestDevice=D810 requestValue=0 loadRaw=0 collecting=False cycle=6 sampleCount=2 acquisitionState=WAITSTART
2026-09-11 10:35:41.558 +09:00 [SESSION=e093265f1077] [SEQ=149] [PID=3600] [TID=8] [INFO] [STATION-1] event=PLC_HEARTBEAT requestDevice=D810 requestValue=0 loadRaw=0 collecting=False cycle=6 sampleCount=2 acquisitionState=WAITSTART
2026-09-11 10:35:51.578 +09:00 [SESSION=e093265f1077] [SEQ=150] [PID=3600] [TID=12] [INFO] [STATION-1] event=PLC_HEARTBEAT requestDevice=D810 requestValue=0 loadRaw=0 collecting=False cycle=6 sampleCount=2 acquisitionState=WAITSTART
2026-09-11 10:36:01.619 +09:00 [SESSION=e093265f1077] [SEQ=151] [PID=3600] [TID=5] [INFO] [STATION-1] event=PLC_HEARTBEAT requestDevice=D810 requestValue=0 loadRaw=0 collecting=False cycle=6 sampleCount=2 acquisitionState=WAITSTART
2026-09-11 10:36:11.662 +09:00 [SESSION=e093265f1077] [SEQ=152] [PID=3600] [TID=5] [INFO] [STATION-1] event=PLC_HEARTBEAT requestDevice=D810 requestValue=0 loadRaw=0 collecting=False cycle=6 sampleCount=2 acquisitionState=WAITSTART
2026-09-11 10:36:21.684 +09:00 [SESSION=e093265f1077] [SEQ=153] [PID=3600] [TID=5] [INFO] [STATION-1] event=PLC_HEARTBEAT requestDevice=D810 requestValue=0 loadRaw=0 collecting=False cycle=6 sampleCount=2 acquisitionState=WAITSTART
2026-09-11 10:36:31.701 +09:00 [SESSION=e093265f1077] [SEQ=154] [PID=3600] [TID=9] [INFO] [STATION-1] event=PLC_HEARTBEAT requestDevice=D810 requestValue=0 loadRaw=0 collecting=False cycle=6 sampleCount=2 acquisitionState=WAITSTART
2026-09-11 10:36:41.718 +09:00 [SESSION=e093265f1077] [SEQ=155] [PID=3600] [TID=5] [INFO] [STATION-1] event=PLC_HEARTBEAT requestDevice=D810 requestValue=0 loadRaw=0 collecting=False cycle=6 sampleCount=2 acquisitionState=WAITSTART
2026-09-11 10:36:42.739 +09:00 [SESSION=e093265f1077] [SEQ=156] [PID=3600] [TID=5] [INFO] [STATION-1] event=PLC_REQUEST_CHANGED signal=START_REQ device=D810 value=1 readTime=2026-09-11T10:36:42.7394134+09:00
2026-09-11 10:36:42.739 +09:00 [SESSION=e093265f1077] [SEQ=157] [PID=3600] [TID=5] [INFO] [STATION-1] event=CYCLE_STARTED cycle=7 requestDevice=D810 requestValue=1 readTime=2026-09-11T10:36:42.7394134+09:00
2026-09-11 10:36:42.739 +09:00 [SESSION=e093265f1077] [SEQ=158] [PID=3600] [TID=5] [INFO] [STATION-1] event=SAMPLE_ACCEPTED cycle=7 sample=1 raw=-5 loadKgf=-0.005000 readTime=2026-09-11T10:36:42.7394134+09:00 words=[12546,8237,11824,12336,821]
2026-09-11 10:36:42.742 +09:00 [SESSION=e093265f1077] [SEQ=159] [PID=3600] [TID=1] [INFO] [STATION-1] event=CYCLE_UI_STARTED cycle=7 startedAt=2026-09-11T10:36:42.7394134+09:00 lot="260827-A01" fileName="SOFC_A12" operator="홍길동" spec="0.4"
2026-09-11 10:36:43.740 +09:00 [SESSION=e093265f1077] [SEQ=160] [PID=3600] [TID=5] [INFO] [STATION-1] event=SAMPLE_ACCEPTED cycle=7 sample=2 raw=0 loadKgf=0.000000 readTime=2026-09-11T10:36:43.7402357+09:00 words=[12546,8235,11824,12336,816]
2026-09-11 10:36:44.742 +09:00 [SESSION=e093265f1077] [SEQ=161] [PID=3600] [TID=5] [INFO] [STATION-1] event=SAMPLE_ACCEPTED cycle=7 sample=3 raw=120 loadKgf=0.120000 readTime=2026-09-11T10:36:44.7428711+09:00 words=[12546,8235,11824,12849,816]
2026-09-11 10:36:45.744 +09:00 [SESSION=e093265f1077] [SEQ=162] [PID=3600] [TID=8] [INFO] [STATION-1] event=SAMPLE_ACCEPTED cycle=7 sample=4 raw=160 loadKgf=0.160000 readTime=2026-09-11T10:36:45.7447285+09:00 words=[12546,8235,11824,13873,816]
2026-09-11 10:36:46.746 +09:00 [SESSION=e093265f1077] [SEQ=163] [PID=3600] [TID=5] [INFO] [STATION-1] event=SAMPLE_ACCEPTED cycle=7 sample=5 raw=175 loadKgf=0.175000 readTime=2026-09-11T10:36:46.7460184+09:00 words=[12546,8235,11824,14129,821]
2026-09-11 10:36:47.746 +09:00 [SESSION=e093265f1077] [SEQ=164] [PID=3600] [TID=5] [INFO] [STATION-1] event=SAMPLE_ACCEPTED cycle=7 sample=6 raw=195 loadKgf=0.195000 readTime=2026-09-11T10:36:47.7468137+09:00 words=[12546,8235,11824,14641,821]
2026-09-11 10:36:48.746 +09:00 [SESSION=e093265f1077] [SEQ=165] [PID=3600] [TID=5] [INFO] [STATION-1] event=SAMPLE_ACCEPTED cycle=7 sample=7 raw=190 loadKgf=0.190000 readTime=2026-09-11T10:36:48.7466798+09:00 words=[12546,8235,11824,14641,816]
2026-09-11 10:36:49.751 +09:00 [SESSION=e093265f1077] [SEQ=166] [PID=3600] [TID=5] [INFO] [STATION-1] event=SAMPLE_ACCEPTED cycle=7 sample=8 raw=160 loadKgf=0.160000 readTime=2026-09-11T10:36:49.7512947+09:00 words=[12546,8235,11824,13873,816]
2026-09-11 10:36:50.764 +09:00 [SESSION=e093265f1077] [SEQ=167] [PID=3600] [TID=5] [INFO] [STATION-1] event=SAMPLE_ACCEPTED cycle=7 sample=9 raw=215 loadKgf=0.215000 readTime=2026-09-11T10:36:50.7644242+09:00 words=[12546,8235,11824,12594,821]
2026-09-11 10:36:51.764 +09:00 [SESSION=e093265f1077] [SEQ=168] [PID=3600] [TID=5] [INFO] [STATION-1] event=SAMPLE_ACCEPTED cycle=7 sample=10 raw=225 loadKgf=0.225000 readTime=2026-09-11T10:36:51.7646258+09:00 words=[12546,8235,11824,12850,821]
2026-09-11 10:36:51.764 +09:00 [SESSION=e093265f1077] [SEQ=169] [PID=3600] [TID=5] [INFO] [STATION-1] event=PLC_HEARTBEAT requestDevice=D810 requestValue=1 loadRaw=225 collecting=True cycle=7 sampleCount=10 acquisitionState=COLLECTING
2026-09-11 10:36:52.765 +09:00 [SESSION=e093265f1077] [SEQ=170] [PID=3600] [TID=9] [INFO] [STATION-1] event=SAMPLE_ACCEPTED cycle=7 sample=11 raw=240 loadKgf=0.240000 readTime=2026-09-11T10:36:52.7658690+09:00 words=[12546,8235,11824,13362,816]
2026-09-11 10:36:53.780 +09:00 [SESSION=e093265f1077] [SEQ=171] [PID=3600] [TID=12] [INFO] [STATION-1] event=SAMPLE_ACCEPTED cycle=7 sample=12 raw=250 loadKgf=0.250000 readTime=2026-09-11T10:36:53.7806085+09:00 words=[12546,8235,11824,13618,816]
2026-09-11 10:36:54.780 +09:00 [SESSION=e093265f1077] [SEQ=172] [PID=3600] [TID=5] [INFO] [STATION-1] event=SAMPLE_ACCEPTED cycle=7 sample=13 raw=265 loadKgf=0.265000 readTime=2026-09-11T10:36:54.7809680+09:00 words=[12546,8235,11824,13874,821]
2026-09-11 10:36:55.783 +09:00 [SESSION=e093265f1077] [SEQ=173] [PID=3600] [TID=5] [INFO] [STATION-1] event=SAMPLE_ACCEPTED cycle=7 sample=14 raw=270 loadKgf=0.270000 readTime=2026-09-11T10:36:55.7837296+09:00 words=[12546,8235,11824,14130,816]
2026-09-11 10:36:56.796 +09:00 [SESSION=e093265f1077] [SEQ=174] [PID=3600] [TID=5] [INFO] [STATION-1] event=SAMPLE_ACCEPTED cycle=7 sample=15 raw=320 loadKgf=0.320000 readTime=2026-09-11T10:36:56.7960956+09:00 words=[12546,8235,11824,12851,816]
2026-09-11 10:36:57.797 +09:00 [SESSION=e093265f1077] [SEQ=175] [PID=3600] [TID=5] [INFO] [STATION-1] event=SAMPLE_ACCEPTED cycle=7 sample=16 raw=380 loadKgf=0.380000 readTime=2026-09-11T10:36:57.7971522+09:00 words=[12546,8235,11824,14387,816]
2026-09-11 10:36:58.810 +09:00 [SESSION=e093265f1077] [SEQ=176] [PID=3600] [TID=5] [INFO] [STATION-1] event=SAMPLE_ACCEPTED cycle=7 sample=17 raw=440 loadKgf=0.440000 readTime=2026-09-11T10:36:58.8103106+09:00 words=[12546,8235,11824,13364,816]
2026-09-11 10:36:59.812 +09:00 [SESSION=e093265f1077] [SEQ=177] [PID=3600] [TID=12] [INFO] [STATION-1] event=SAMPLE_ACCEPTED cycle=7 sample=18 raw=50 loadKgf=0.050000 readTime=2026-09-11T10:36:59.8124880+09:00 words=[12546,8235,11824,13616,816]
2026-09-11 10:37:00.815 +09:00 [SESSION=e093265f1077] [SEQ=178] [PID=3600] [TID=5] [INFO] [STATION-1] event=SAMPLE_ACCEPTED cycle=7 sample=19 raw=130 loadKgf=0.130000 readTime=2026-09-11T10:37:00.8155495+09:00 words=[12546,8235,11824,13105,816]
2026-09-11 10:37:01.825 +09:00 [SESSION=e093265f1077] [SEQ=179] [PID=3600] [TID=5] [INFO] [STATION-1] event=SAMPLE_ACCEPTED cycle=7 sample=20 raw=210 loadKgf=0.210000 readTime=2026-09-11T10:37:01.8258064+09:00 words=[12546,8235,11824,12594,816]
2026-09-11 10:37:01.825 +09:00 [SESSION=e093265f1077] [SEQ=180] [PID=3600] [TID=5] [INFO] [STATION-1] event=PLC_HEARTBEAT requestDevice=D810 requestValue=1 loadRaw=210 collecting=True cycle=7 sampleCount=20 acquisitionState=COLLECTING
2026-09-11 10:37:02.824 +09:00 [SESSION=e093265f1077] [SEQ=181] [PID=3600] [TID=5] [INFO] [STATION-1] event=SAMPLE_ACCEPTED cycle=7 sample=21 raw=235 loadKgf=0.235000 readTime=2026-09-11T10:37:02.8240351+09:00 words=[12546,8235,11824,13106,821]
2026-09-11 10:37:03.826 +09:00 [SESSION=e093265f1077] [SEQ=182] [PID=3600] [TID=5] [INFO] [STATION-1] event=SAMPLE_ACCEPTED cycle=7 sample=22 raw=255 loadKgf=0.255000 readTime=2026-09-11T10:37:03.8262992+09:00 words=[12546,8235,11824,13618,821]
2026-09-11 10:37:04.826 +09:00 [SESSION=e093265f1077] [SEQ=183] [PID=3600] [TID=5] [INFO] [STATION-1] event=SAMPLE_ACCEPTED cycle=7 sample=23 raw=250 loadKgf=0.250000 readTime=2026-09-11T10:37:04.8262476+09:00 words=[12546,8235,11824,13618,816]
2026-09-11 10:37:05.830 +09:00 [SESSION=e093265f1077] [SEQ=184] [PID=3600] [TID=8] [INFO] [STATION-1] event=SAMPLE_ACCEPTED cycle=7 sample=24 raw=255 loadKgf=0.255000 readTime=2026-09-11T10:37:05.8300651+09:00 words=[12546,8235,11824,13618,821]
2026-09-11 10:37:06.839 +09:00 [SESSION=e093265f1077] [SEQ=185] [PID=3600] [TID=5] [INFO] [STATION-1] event=SAMPLE_ACCEPTED cycle=7 sample=25 raw=75 loadKgf=0.075000 readTime=2026-09-11T10:37:06.8391886+09:00 words=[12546,8235,11824,14128,821]
2026-09-11 10:37:07.835 +09:00 [SESSION=e093265f1077] [SEQ=186] [PID=3600] [TID=5] [INFO] [STATION-1] event=PLC_REQUEST_CHANGED signal=END_REQ device=D810 value=0 readTime=2026-09-11T10:37:07.8359852+09:00
2026-09-11 10:37:07.835 +09:00 [SESSION=e093265f1077] [SEQ=187] [PID=3600] [TID=5] [INFO] [STATION-1] event=CYCLE_ENDED cycle=7 requestDevice=D810 requestValue=0 sampleCount=25 durationMs=25097 readTime=2026-09-11T10:37:07.8359852+09:00
2026-09-11 10:37:07.838 +09:00 [SESSION=e093265f1077] [SEQ=188] [PID=3600] [TID=1] [INFO] [STATION-1] event=INSPECTION_EVALUATION_STARTED cycle=7 readerSampleCount=25 uiSampleCount=25 lot="260827-A01" fileName="SOFC_A12" operator="홍길동" spec="0.4"
2026-09-11 10:37:07.841 +09:00 [SESSION=e093265f1077] [SEQ=189] [PID=3600] [TID=1] [INFO] [STATION-1] event=INSPECTION_EVALUATED cycle=7 verdict=GOOD valid=True peakKgf=0.440000 lowerSpecKgf=0.400000 upperSpecKgf=0.400000 sampleCount=25 inspectionCount=7 passCount=1 failCount=6 yieldPercent=14.29 message="검사 완료: PEAK 0.440 kgf / SPEC 0.400 / GOOD (검사 7, GOOD 1, NG 6, Yield 14.29%)"
2026-09-11 10:37:07.843 +09:00 [SESSION=e093265f1077] [SEQ=190] [PID=3600] [TID=1] [INFO] [STATION-1] event=INSPECTION_BUFFERED_IN_MEMORY cycle=7 lot="260827-A01" fileName="SOFC_A12" verdict=GOOD lotInspectionCount=7 sampleCount=25
2026-09-11 10:37:07.844 +09:00 [SESSION=e093265f1077] [SEQ=191] [PID=3600] [TID=1] [INFO] [STATION-1] event=ACQUISITION_STATE_CHANGED from=EVALUATING to=WAITSTART
2026-09-11 10:37:08.838 +09:00 [SESSION=e093265f1077] [SEQ=192] [PID=3600] [TID=5] [INFO] [STATION-1] event=PLC_REQUEST_CHANGED signal=END_REQ device=D810 value=0 readTime=2026-09-11T10:37:08.8381964+09:00
2026-09-11 10:37:11.857 +09:00 [SESSION=e093265f1077] [SEQ=193] [PID=3600] [TID=5] [INFO] [STATION-1] event=PLC_HEARTBEAT requestDevice=D810 requestValue=0 loadRaw=0 collecting=False cycle=7 sampleCount=25 acquisitionState=WAITSTART
2026-09-11 10:37:21.902 +09:00 [SESSION=e093265f1077] [SEQ=194] [PID=3600] [TID=9] [INFO] [STATION-1] event=PLC_HEARTBEAT requestDevice=D810 requestValue=0 loadRaw=0 collecting=False cycle=7 sampleCount=25 acquisitionState=WAITSTART
2026-09-11 10:37:31.936 +09:00 [SESSION=e093265f1077] [SEQ=195] [PID=3600] [TID=5] [INFO] [STATION-1] event=PLC_HEARTBEAT requestDevice=D810 requestValue=0 loadRaw=0 collecting=False cycle=7 sampleCount=25 acquisitionState=WAITSTART
2026-09-11 10:37:41.967 +09:00 [SESSION=e093265f1077] [SEQ=196] [PID=3600] [TID=5] [INFO] [STATION-1] event=PLC_HEARTBEAT requestDevice=D810 requestValue=0 loadRaw=0 collecting=False cycle=7 sampleCount=25 acquisitionState=WAITSTART
2026-09-11 10:37:51.984 +09:00 [SESSION=e093265f1077] [SEQ=197] [PID=3600] [TID=5] [INFO] [STATION-1] event=PLC_HEARTBEAT requestDevice=D810 requestValue=0 loadRaw=0 collecting=False cycle=7 sampleCount=25 acquisitionState=WAITSTART
2026-09-11 10:38:02.034 +09:00 [SESSION=e093265f1077] [SEQ=198] [PID=3600] [TID=12] [INFO] [STATION-1] event=PLC_HEARTBEAT requestDevice=D810 requestValue=0 loadRaw=0 collecting=False cycle=7 sampleCount=25 acquisitionState=WAITSTART
2026-09-11 10:38:12.053 +09:00 [SESSION=e093265f1077] [SEQ=199] [PID=3600] [TID=9] [INFO] [STATION-1] event=PLC_HEARTBEAT requestDevice=D810 requestValue=0 loadRaw=0 collecting=False cycle=7 sampleCount=25 acquisitionState=WAITSTART
2026-09-11 10:38:22.067 +09:00 [SESSION=e093265f1077] [SEQ=200] [PID=3600] [TID=5] [INFO] [STATION-1] event=PLC_HEARTBEAT requestDevice=D810 requestValue=0 loadRaw=0 collecting=False cycle=7 sampleCount=25 acquisitionState=WAITSTART
2026-09-11 10:38:32.112 +09:00 [SESSION=e093265f1077] [SEQ=201] [PID=3600] [TID=5] [INFO] [STATION-1] event=PLC_HEARTBEAT requestDevice=D810 requestValue=0 loadRaw=0 collecting=False cycle=7 sampleCount=25 acquisitionState=WAITSTART
2026-09-11 10:38:42.141 +09:00 [SESSION=e093265f1077] [SEQ=202] [PID=3600] [TID=5] [INFO] [STATION-1] event=PLC_HEARTBEAT requestDevice=D810 requestValue=0 loadRaw=0 collecting=False cycle=7 sampleCount=25 acquisitionState=WAITSTART
2026-09-11 10:38:52.164 +09:00 [SESSION=e093265f1077] [SEQ=203] [PID=3600] [TID=5] [INFO] [STATION-1] event=PLC_HEARTBEAT requestDevice=D810 requestValue=0 loadRaw=0 collecting=False cycle=7 sampleCount=25 acquisitionState=WAITSTART
2026-09-11 10:39:02.208 +09:00 [SESSION=e093265f1077] [SEQ=204] [PID=3600] [TID=5] [INFO] [STATION-1] event=PLC_HEARTBEAT requestDevice=D810 requestValue=0 loadRaw=0 collecting=False cycle=7 sampleCount=25 acquisitionState=WAITSTART
2026-09-11 10:39:12.239 +09:00 [SESSION=e093265f1077] [SEQ=205] [PID=3600] [TID=5] [INFO] [STATION-1] event=PLC_HEARTBEAT requestDevice=D810 requestValue=0 loadRaw=0 collecting=False cycle=7 sampleCount=25 acquisitionState=WAITSTART
2026-09-11 10:39:22.273 +09:00 [SESSION=e093265f1077] [SEQ=206] [PID=3600] [TID=5] [INFO] [STATION-1] event=PLC_HEARTBEAT requestDevice=D810 requestValue=0 loadRaw=0 collecting=False cycle=7 sampleCount=25 acquisitionState=WAITSTART
2026-09-11 10:39:32.316 +09:00 [SESSION=e093265f1077] [SEQ=207] [PID=3600] [TID=12] [INFO] [STATION-1] event=PLC_HEARTBEAT requestDevice=D810 requestValue=0 loadRaw=0 collecting=False cycle=7 sampleCount=25 acquisitionState=WAITSTART
2026-09-11 10:39:42.347 +09:00 [SESSION=e093265f1077] [SEQ=208] [PID=3600] [TID=5] [INFO] [STATION-1] event=PLC_HEARTBEAT requestDevice=D810 requestValue=0 loadRaw=0 collecting=False cycle=7 sampleCount=25 acquisitionState=WAITSTART
2026-09-11 10:39:52.365 +09:00 [SESSION=e093265f1077] [SEQ=209] [PID=3600] [TID=5] [INFO] [STATION-1] event=PLC_HEARTBEAT requestDevice=D810 requestValue=0 loadRaw=0 collecting=False cycle=7 sampleCount=25 acquisitionState=WAITSTART
2026-09-11 10:40:02.382 +09:00 [SESSION=e093265f1077] [SEQ=210] [PID=3600] [TID=9] [INFO] [STATION-1] event=PLC_HEARTBEAT requestDevice=D810 requestValue=0 loadRaw=0 collecting=False cycle=7 sampleCount=25 acquisitionState=WAITSTART
2026-09-11 10:40:12.413 +09:00 [SESSION=e093265f1077] [SEQ=211] [PID=3600] [TID=5] [INFO] [STATION-1] event=PLC_HEARTBEAT requestDevice=D810 requestValue=0 loadRaw=0 collecting=False cycle=7 sampleCount=25 acquisitionState=WAITSTART
2026-09-11 10:40:22.454 +09:00 [SESSION=e093265f1077] [SEQ=212] [PID=3600] [TID=5] [INFO] [STATION-1] event=PLC_HEARTBEAT requestDevice=D810 requestValue=0 loadRaw=0 collecting=False cycle=7 sampleCount=25 acquisitionState=WAITSTART
2026-09-11 10:40:32.475 +09:00 [SESSION=e093265f1077] [SEQ=213] [PID=3600] [TID=5] [INFO] [STATION-1] event=PLC_HEARTBEAT requestDevice=D810 requestValue=0 loadRaw=0 collecting=False cycle=7 sampleCount=25 acquisitionState=WAITSTART
2026-09-11 10:40:42.501 +09:00 [SESSION=e093265f1077] [SEQ=214] [PID=3600] [TID=5] [INFO] [STATION-1] event=PLC_HEARTBEAT requestDevice=D810 requestValue=0 loadRaw=0 collecting=False cycle=7 sampleCount=25 acquisitionState=WAITSTART
2026-09-11 10:40:52.520 +09:00 [SESSION=e093265f1077] [SEQ=215] [PID=3600] [TID=5] [INFO] [STATION-1] event=PLC_HEARTBEAT requestDevice=D810 requestValue=0 loadRaw=0 collecting=False cycle=7 sampleCount=25 acquisitionState=WAITSTART
2026-09-11 10:41:02.539 +09:00 [SESSION=e093265f1077] [SEQ=216] [PID=3600] [TID=5] [INFO] [STATION-1] event=PLC_HEARTBEAT requestDevice=D810 requestValue=0 loadRaw=0 collecting=False cycle=7 sampleCount=25 acquisitionState=WAITSTART
2026-09-11 10:41:12.566 +09:00 [SESSION=e093265f1077] [SEQ=217] [PID=3600] [TID=8] [INFO] [STATION-1] event=PLC_HEARTBEAT requestDevice=D810 requestValue=0 loadRaw=0 collecting=False cycle=7 sampleCount=25 acquisitionState=WAITSTART
2026-09-11 10:41:22.580 +09:00 [SESSION=e093265f1077] [SEQ=218] [PID=3600] [TID=5] [INFO] [STATION-1] event=PLC_HEARTBEAT requestDevice=D810 requestValue=0 loadRaw=0 collecting=False cycle=7 sampleCount=25 acquisitionState=WAITSTART
2026-09-11 10:41:32.612 +09:00 [SESSION=e093265f1077] [SEQ=219] [PID=3600] [TID=5] [INFO] [STATION-1] event=PLC_HEARTBEAT requestDevice=D810 requestValue=0 loadRaw=0 collecting=False cycle=7 sampleCount=25 acquisitionState=WAITSTART
2026-09-11 10:41:42.631 +09:00 [SESSION=e093265f1077] [SEQ=220] [PID=3600] [TID=9] [INFO] [STATION-1] event=PLC_HEARTBEAT requestDevice=D810 requestValue=0 loadRaw=0 collecting=False cycle=7 sampleCount=25 acquisitionState=WAITSTART
2026-09-11 10:41:52.647 +09:00 [SESSION=e093265f1077] [SEQ=221] [PID=3600] [TID=8] [INFO] [STATION-1] event=PLC_HEARTBEAT requestDevice=D810 requestValue=0 loadRaw=0 collecting=False cycle=7 sampleCount=25 acquisitionState=WAITSTART
2026-09-11 10:42:02.660 +09:00 [SESSION=e093265f1077] [SEQ=222] [PID=3600] [TID=5] [INFO] [STATION-1] event=PLC_HEARTBEAT requestDevice=D810 requestValue=0 loadRaw=0 collecting=False cycle=7 sampleCount=25 acquisitionState=WAITSTART
2026-09-11 10:42:12.681 +09:00 [SESSION=e093265f1077] [SEQ=223] [PID=3600] [TID=5] [INFO] [STATION-1] event=PLC_HEARTBEAT requestDevice=D810 requestValue=0 loadRaw=0 collecting=False cycle=7 sampleCount=25 acquisitionState=WAITSTART
2026-09-11 10:42:22.753 +09:00 [SESSION=e093265f1077] [SEQ=224] [PID=3600] [TID=5] [INFO] [STATION-1] event=PLC_HEARTBEAT requestDevice=D810 requestValue=0 loadRaw=0 collecting=False cycle=7 sampleCount=25 acquisitionState=WAITSTART
2026-09-11 10:42:32.785 +09:00 [SESSION=e093265f1077] [SEQ=225] [PID=3600] [TID=5] [INFO] [STATION-1] event=PLC_HEARTBEAT requestDevice=D810 requestValue=0 loadRaw=0 collecting=False cycle=7 sampleCount=25 acquisitionState=WAITSTART
2026-09-11 10:42:42.804 +09:00 [SESSION=e093265f1077] [SEQ=226] [PID=3600] [TID=5] [INFO] [STATION-1] event=PLC_HEARTBEAT requestDevice=D810 requestValue=0 loadRaw=0 collecting=False cycle=7 sampleCount=25 acquisitionState=WAITSTART
2026-09-11 10:42:52.821 +09:00 [SESSION=e093265f1077] [SEQ=227] [PID=3600] [TID=5] [INFO] [STATION-1] event=PLC_HEARTBEAT requestDevice=D810 requestValue=0 loadRaw=0 collecting=False cycle=7 sampleCount=25 acquisitionState=WAITSTART
2026-09-11 10:43:02.837 +09:00 [SESSION=e093265f1077] [SEQ=228] [PID=3600] [TID=5] [INFO] [STATION-1] event=PLC_HEARTBEAT requestDevice=D810 requestValue=0 loadRaw=0 collecting=False cycle=7 sampleCount=25 acquisitionState=WAITSTART
2026-09-11 10:43:12.853 +09:00 [SESSION=e093265f1077] [SEQ=229] [PID=3600] [TID=9] [INFO] [STATION-1] event=PLC_HEARTBEAT requestDevice=D810 requestValue=0 loadRaw=0 collecting=False cycle=7 sampleCount=25 acquisitionState=WAITSTART
2026-09-11 10:43:13.857 +09:00 [SESSION=e093265f1077] [SEQ=230] [PID=3600] [TID=5] [INFO] [STATION-1] event=PLC_REQUEST_CHANGED signal=START_REQ device=D810 value=1 readTime=2026-09-11T10:43:13.8576312+09:00
2026-09-11 10:43:13.858 +09:00 [SESSION=e093265f1077] [SEQ=231] [PID=3600] [TID=5] [INFO] [STATION-1] event=CYCLE_STARTED cycle=8 requestDevice=D810 requestValue=1 readTime=2026-09-11T10:43:13.8576312+09:00
2026-09-11 10:43:13.858 +09:00 [SESSION=e093265f1077] [SEQ=232] [PID=3600] [TID=5] [INFO] [STATION-1] event=SAMPLE_ACCEPTED cycle=8 sample=1 raw=45 loadKgf=0.045000 readTime=2026-09-11T10:43:13.8576312+09:00 words=[12546,8235,11824,13360,821]
2026-09-11 10:43:13.861 +09:00 [SESSION=e093265f1077] [SEQ=233] [PID=3600] [TID=1] [INFO] [STATION-1] event=CYCLE_UI_STARTED cycle=8 startedAt=2026-09-11T10:43:13.8576312+09:00 lot="260827-A01" fileName="SOFC_A12" operator="홍길동" spec="0.4"
2026-09-11 10:43:14.861 +09:00 [SESSION=e093265f1077] [SEQ=234] [PID=3600] [TID=9] [INFO] [STATION-1] event=SAMPLE_ACCEPTED cycle=8 sample=2 raw=140 loadKgf=0.140000 readTime=2026-09-11T10:43:14.8614559+09:00 words=[12546,8235,11824,13361,816]
2026-09-11 10:43:15.867 +09:00 [SESSION=e093265f1077] [SEQ=235] [PID=3600] [TID=5] [INFO] [STATION-1] event=SAMPLE_ACCEPTED cycle=8 sample=3 raw=275 loadKgf=0.275000 readTime=2026-09-11T10:43:15.8675293+09:00 words=[12546,8235,11824,14130,821]
2026-09-11 10:43:16.872 +09:00 [SESSION=e093265f1077] [SEQ=236] [PID=3600] [TID=5] [INFO] [STATION-1] event=SAMPLE_ACCEPTED cycle=8 sample=4 raw=310 loadKgf=0.310000 readTime=2026-09-11T10:43:16.8722162+09:00 words=[12546,8235,11824,12595,816]
2026-09-11 10:43:17.872 +09:00 [SESSION=e093265f1077] [SEQ=237] [PID=3600] [TID=5] [INFO] [STATION-1] event=SAMPLE_ACCEPTED cycle=8 sample=5 raw=315 loadKgf=0.315000 readTime=2026-09-11T10:43:17.8728533+09:00 words=[12546,8235,11824,12595,821]
2026-09-11 10:43:18.875 +09:00 [SESSION=e093265f1077] [SEQ=238] [PID=3600] [TID=12] [INFO] [STATION-1] event=SAMPLE_ACCEPTED cycle=8 sample=6 raw=320 loadKgf=0.320000 readTime=2026-09-11T10:43:18.8755235+09:00 words=[12546,8235,11824,12851,816]
2026-09-11 10:43:19.885 +09:00 [SESSION=e093265f1077] [SEQ=239] [PID=3600] [TID=12] [INFO] [STATION-1] event=SAMPLE_ACCEPTED cycle=8 sample=7 raw=330 loadKgf=0.330000 readTime=2026-09-11T10:43:19.8859443+09:00 words=[12546,8235,11824,13107,816]
2026-09-11 10:43:20.886 +09:00 [SESSION=e093265f1077] [SEQ=240] [PID=3600] [TID=5] [INFO] [STATION-1] event=SAMPLE_ACCEPTED cycle=8 sample=8 raw=330 loadKgf=0.330000 readTime=2026-09-11T10:43:20.8868077+09:00 words=[12546,8235,11824,13107,816]
2026-09-11 10:43:21.889 +09:00 [SESSION=e093265f1077] [SEQ=241] [PID=3600] [TID=5] [INFO] [STATION-1] event=SAMPLE_ACCEPTED cycle=8 sample=9 raw=340 loadKgf=0.340000 readTime=2026-09-11T10:43:21.8896961+09:00 words=[12546,8235,11824,13363,816]
2026-09-11 10:43:22.892 +09:00 [SESSION=e093265f1077] [SEQ=242] [PID=3600] [TID=5] [INFO] [STATION-1] event=SAMPLE_ACCEPTED cycle=8 sample=10 raw=345 loadKgf=0.345000 readTime=2026-09-11T10:43:22.8926671+09:00 words=[12546,8235,11824,13363,821]
2026-09-11 10:43:22.892 +09:00 [SESSION=e093265f1077] [SEQ=243] [PID=3600] [TID=5] [INFO] [STATION-1] event=PLC_HEARTBEAT requestDevice=D810 requestValue=1 loadRaw=345 collecting=True cycle=8 sampleCount=10 acquisitionState=COLLECTING
2026-09-11 10:43:23.904 +09:00 [SESSION=e093265f1077] [SEQ=244] [PID=3600] [TID=5] [INFO] [STATION-1] event=SAMPLE_ACCEPTED cycle=8 sample=11 raw=350 loadKgf=0.350000 readTime=2026-09-11T10:43:23.9046529+09:00 words=[12546,8235,11824,13619,816]
2026-09-11 10:43:24.903 +09:00 [SESSION=e093265f1077] [SEQ=245] [PID=3600] [TID=5] [INFO] [STATION-1] event=SAMPLE_ACCEPTED cycle=8 sample=12 raw=360 loadKgf=0.360000 readTime=2026-09-11T10:43:24.9039203+09:00 words=[12546,8235,11824,13875,816]
2026-09-11 10:43:25.906 +09:00 [SESSION=e093265f1077] [SEQ=246] [PID=3600] [TID=5] [INFO] [STATION-1] event=SAMPLE_ACCEPTED cycle=8 sample=13 raw=360 loadKgf=0.360000 readTime=2026-09-11T10:43:25.9063508+09:00 words=[12546,8235,11824,13875,816]
2026-09-11 10:43:26.921 +09:00 [SESSION=e093265f1077] [SEQ=247] [PID=3600] [TID=9] [INFO] [STATION-1] event=SAMPLE_ACCEPTED cycle=8 sample=14 raw=370 loadKgf=0.370000 readTime=2026-09-11T10:43:26.9212306+09:00 words=[12546,8235,11824,14131,816]
2026-09-11 10:43:27.921 +09:00 [SESSION=e093265f1077] [SEQ=248] [PID=3600] [TID=5] [INFO] [STATION-1] event=SAMPLE_ACCEPTED cycle=8 sample=15 raw=370 loadKgf=0.370000 readTime=2026-09-11T10:43:27.9216395+09:00 words=[12546,8235,11824,14131,816]
2026-09-11 10:43:28.922 +09:00 [SESSION=e093265f1077] [SEQ=249] [PID=3600] [TID=5] [INFO] [STATION-1] event=SAMPLE_ACCEPTED cycle=8 sample=16 raw=380 loadKgf=0.380000 readTime=2026-09-11T10:43:28.9223778+09:00 words=[12546,8235,11824,14387,816]
2026-09-11 10:43:29.931 +09:00 [SESSION=e093265f1077] [SEQ=250] [PID=3600] [TID=8] [INFO] [STATION-1] event=SAMPLE_ACCEPTED cycle=8 sample=17 raw=385 loadKgf=0.385000 readTime=2026-09-11T10:43:29.9315668+09:00 words=[12546,8235,11824,14387,821]
2026-09-11 10:43:30.933 +09:00 [SESSION=e093265f1077] [SEQ=251] [PID=3600] [TID=5] [INFO] [STATION-1] event=SAMPLE_ACCEPTED cycle=8 sample=18 raw=390 loadKgf=0.390000 readTime=2026-09-11T10:43:30.9336772+09:00 words=[12546,8235,11824,14643,816]
2026-09-11 10:43:31.936 +09:00 [SESSION=e093265f1077] [SEQ=252] [PID=3600] [TID=5] [INFO] [STATION-1] event=SAMPLE_ACCEPTED cycle=8 sample=19 raw=400 loadKgf=0.400000 readTime=2026-09-11T10:43:31.9361200+09:00 words=[12546,8235,11824,12340,816]
2026-09-11 10:43:32.936 +09:00 [SESSION=e093265f1077] [SEQ=253] [PID=3600] [TID=8] [INFO] [STATION-1] event=SAMPLE_ACCEPTED cycle=8 sample=20 raw=400 loadKgf=0.400000 readTime=2026-09-11T10:43:32.9365303+09:00 words=[12546,8235,11824,12340,816]
2026-09-11 10:43:32.936 +09:00 [SESSION=e093265f1077] [SEQ=254] [PID=3600] [TID=8] [INFO] [STATION-1] event=PLC_HEARTBEAT requestDevice=D810 requestValue=1 loadRaw=400 collecting=True cycle=8 sampleCount=20 acquisitionState=COLLECTING
2026-09-11 10:43:33.935 +09:00 [SESSION=e093265f1077] [SEQ=255] [PID=3600] [TID=5] [INFO] [STATION-1] event=PLC_REQUEST_CHANGED signal=END_REQ device=D810 value=0 readTime=2026-09-11T10:43:33.9355583+09:00
2026-09-11 10:43:33.935 +09:00 [SESSION=e093265f1077] [SEQ=256] [PID=3600] [TID=5] [INFO] [STATION-1] event=CYCLE_ENDED cycle=8 requestDevice=D810 requestValue=0 sampleCount=20 durationMs=20078 readTime=2026-09-11T10:43:33.9355583+09:00
2026-09-11 10:43:33.938 +09:00 [SESSION=e093265f1077] [SEQ=257] [PID=3600] [TID=1] [INFO] [STATION-1] event=INSPECTION_EVALUATION_STARTED cycle=8 readerSampleCount=20 uiSampleCount=20 lot="260827-A01" fileName="SOFC_A12" operator="홍길동" spec="0.4"
2026-09-11 10:43:33.941 +09:00 [SESSION=e093265f1077] [SEQ=258] [PID=3600] [TID=1] [INFO] [STATION-1] event=INSPECTION_EVALUATED cycle=8 verdict=GOOD valid=True peakKgf=0.400000 lowerSpecKgf=0.400000 upperSpecKgf=0.400000 sampleCount=20 inspectionCount=8 passCount=2 failCount=6 yieldPercent=25.00 message="검사 완료: PEAK 0.400 kgf / SPEC 0.400 / GOOD (검사 8, GOOD 2, NG 6, Yield 25.00%)"
2026-09-11 10:43:33.943 +09:00 [SESSION=e093265f1077] [SEQ=259] [PID=3600] [TID=1] [INFO] [STATION-1] event=INSPECTION_BUFFERED_IN_MEMORY cycle=8 lot="260827-A01" fileName="SOFC_A12" verdict=GOOD lotInspectionCount=8 sampleCount=20
2026-09-11 10:43:33.944 +09:00 [SESSION=e093265f1077] [SEQ=260] [PID=3600] [TID=1] [INFO] [STATION-1] event=ACQUISITION_STATE_CHANGED from=EVALUATING to=WAITSTART
2026-09-11 10:43:34.936 +09:00 [SESSION=e093265f1077] [SEQ=261] [PID=3600] [TID=5] [INFO] [STATION-1] event=PLC_REQUEST_CHANGED signal=END_REQ device=D810 value=0 readTime=2026-09-11T10:43:34.9367803+09:00
2026-09-11 10:43:42.951 +09:00 [SESSION=e093265f1077] [SEQ=262] [PID=3600] [TID=8] [INFO] [STATION-1] event=PLC_HEARTBEAT requestDevice=D810 requestValue=0 loadRaw=0 collecting=False cycle=8 sampleCount=20 acquisitionState=WAITSTART
2026-09-11 10:43:52.968 +09:00 [SESSION=e093265f1077] [SEQ=263] [PID=3600] [TID=9] [INFO] [STATION-1] event=PLC_HEARTBEAT requestDevice=D810 requestValue=0 loadRaw=0 collecting=False cycle=8 sampleCount=20 acquisitionState=WAITSTART
2026-09-11 10:44:03.006 +09:00 [SESSION=e093265f1077] [SEQ=264] [PID=3600] [TID=9] [INFO] [STATION-1] event=PLC_HEARTBEAT requestDevice=D810 requestValue=0 loadRaw=0 collecting=False cycle=8 sampleCount=20 acquisitionState=WAITSTART
2026-09-11 10:44:13.033 +09:00 [SESSION=e093265f1077] [SEQ=265] [PID=3600] [TID=5] [INFO] [STATION-1] event=PLC_HEARTBEAT requestDevice=D810 requestValue=0 loadRaw=0 collecting=False cycle=8 sampleCount=20 acquisitionState=WAITSTART
2026-09-11 10:44:23.049 +09:00 [SESSION=e093265f1077] [SEQ=266] [PID=3600] [TID=5] [INFO] [STATION-1] event=PLC_HEARTBEAT requestDevice=D810 requestValue=0 loadRaw=0 collecting=False cycle=8 sampleCount=20 acquisitionState=WAITSTART
2026-09-11 10:44:33.061 +09:00 [SESSION=e093265f1077] [SEQ=267] [PID=3600] [TID=5] [INFO] [STATION-1] event=PLC_HEARTBEAT requestDevice=D810 requestValue=0 loadRaw=0 collecting=False cycle=8 sampleCount=20 acquisitionState=WAITSTART
2026-09-11 10:44:43.082 +09:00 [SESSION=e093265f1077] [SEQ=268] [PID=3600] [TID=5] [INFO] [STATION-1] event=PLC_HEARTBEAT requestDevice=D810 requestValue=0 loadRaw=0 collecting=False cycle=8 sampleCount=20 acquisitionState=WAITSTART
2026-09-11 10:44:53.112 +09:00 [SESSION=e093265f1077] [SEQ=269] [PID=3600] [TID=9] [INFO] [STATION-1] event=PLC_HEARTBEAT requestDevice=D810 requestValue=0 loadRaw=0 collecting=False cycle=8 sampleCount=20 acquisitionState=WAITSTART
2026-09-11 10:45:03.133 +09:00 [SESSION=e093265f1077] [SEQ=270] [PID=3600] [TID=8] [INFO] [STATION-1] event=PLC_HEARTBEAT requestDevice=D810 requestValue=0 loadRaw=0 collecting=False cycle=8 sampleCount=20 acquisitionState=WAITSTART
2026-09-11 10:45:13.150 +09:00 [SESSION=e093265f1077] [SEQ=271] [PID=3600] [TID=5] [INFO] [STATION-1] event=PLC_HEARTBEAT requestDevice=D810 requestValue=0 loadRaw=0 collecting=False cycle=8 sampleCount=20 acquisitionState=WAITSTART
2026-09-11 10:45:23.177 +09:00 [SESSION=e093265f1077] [SEQ=272] [PID=3600] [TID=9] [INFO] [STATION-1] event=PLC_HEARTBEAT requestDevice=D810 requestValue=0 loadRaw=0 collecting=False cycle=8 sampleCount=20 acquisitionState=WAITSTART
2026-09-11 10:45:33.205 +09:00 [SESSION=e093265f1077] [SEQ=273] [PID=3600] [TID=5] [INFO] [STATION-1] event=PLC_HEARTBEAT requestDevice=D810 requestValue=0 loadRaw=0 collecting=False cycle=8 sampleCount=20 acquisitionState=WAITSTART
2026-09-11 10:45:43.252 +09:00 [SESSION=e093265f1077] [SEQ=274] [PID=3600] [TID=9] [INFO] [STATION-1] event=PLC_HEARTBEAT requestDevice=D810 requestValue=0 loadRaw=0 collecting=False cycle=8 sampleCount=20 acquisitionState=WAITSTART
2026-09-11 10:45:53.289 +09:00 [SESSION=e093265f1077] [SEQ=275] [PID=3600] [TID=5] [INFO] [STATION-1] event=PLC_HEARTBEAT requestDevice=D810 requestValue=0 loadRaw=0 collecting=False cycle=8 sampleCount=20 acquisitionState=WAITSTART
2026-09-11 10:46:03.316 +09:00 [SESSION=e093265f1077] [SEQ=276] [PID=3600] [TID=5] [INFO] [STATION-1] event=PLC_HEARTBEAT requestDevice=D810 requestValue=0 loadRaw=0 collecting=False cycle=8 sampleCount=20 acquisitionState=WAITSTART
2026-09-11 10:46:08.654 +09:00 [SESSION=e093265f1077] [SEQ=277] [PID=3600] [TID=1] [WARN] [APPLICATION] event=UNSAVED_LOT_DATA_DISCARDED station1Count=8 station2Count=0 collectionActive=False saveRunning=False
2026-09-11 10:46:08.689 +09:00 [SESSION=e093265f1077] [SEQ=278] [PID=3600] [TID=1] [INFO] [APPLICATION] event=APPLICATION_STOPPING closeReason=UserClosing uptimeSeconds=1061.854
2026-09-11 10:46:08.695 +09:00 [SESSION=e093265f1077] [SEQ=279] [PID=3600] [TID=1] [INFO] [STATION-1] event=READER_STOP_REQUESTED cycle=8 cycleActive=False sampleCount=20
2026-09-11 10:46:08.696 +09:00 [SESSION=e093265f1077] [SEQ=280] [PID=3600] [TID=5] [INFO] [STATION-1] event=PLC_CONNECTION_CLOSED attempt=2 cancellationRequested=True
2026-09-11 10:46:08.697 +09:00 [SESSION=e093265f1077] [SEQ=281] [PID=3600] [TID=1] [INFO] [STATION-1] event=CONNECTION_STATE_CHANGED state=Disconnected endpoint=172.20.9.100:5000
2026-09-11 10:46:08.697 +09:00 [SESSION=e093265f1077] [SEQ=282] [PID=3600] [TID=1] [INFO] [STATION-1] event=READER_STOPPED connectionAttempts=2 lastCycle=8 lastSampleCount=20
2026-09-11 10:46:08.701 +09:00 [SESSION=e093265f1077] [SEQ=283] [PID=3600] [TID=1] [INFO] [STATION-2] event=READER_STOP_REQUESTED cycle=0 cycleActive=False sampleCount=0
2026-09-11 10:46:08.701 +09:00 [SESSION=e093265f1077] [SEQ=284] [PID=3600] [TID=1] [INFO] [STATION-2] event=CONNECTION_STATE_CHANGED state=Disconnected endpoint=172.20.9.101:5000
2026-09-11 10:46:08.702 +09:00 [SESSION=e093265f1077] [SEQ=285] [PID=3600] [TID=1] [INFO] [STATION-2] event=READER_STOPPED connectionAttempts=0 lastCycle=0 lastSampleCount=0
2026-09-11 10:46:08.702 +09:00 [SESSION=e093265f1077] [SEQ=286] [PID=3600] [TID=1] [INFO] [APPLICATION] event=APPLICATION_STOPPED uptimeSeconds=1061.867
2026-09-11 10:46:08.764 +09:00 [SESSION=e093265f1077] [SEQ=287] [PID=3600] [TID=1] [INFO] [APPLICATION] event=APPLICATION_MESSAGE_LOOP_EXITED
2026-09-11 10:57:20.461 +09:00 [SESSION=6baf1a1c3217] [SEQ=1] [PID=10280] [TID=1] [INFO] [APPLICATION] event=APPLICATION_BOOTSTRAP_STARTED session=6baf1a1c3217
2026-09-11 10:57:20.509 +09:00 [SESSION=6baf1a1c3217] [SEQ=2] [PID=10280] [TID=1] [INFO] [LICENSE] event=LICENSE_VALIDATION_SUCCEEDED licensedAdapterFound=true durationPolicy=PERMANENT firstRunUtc=not_applicable expirationUtc=not_applicable
2026-09-11 10:57:21.192 +09:00 [SESSION=6baf1a1c3217] [SEQ=3] [PID=10280] [TID=1] [INFO] [APPLICATION] event=STORAGE_INITIALIZED applicationRoot="C:\\SOFCMeas" dataRoot="C:\\SOFCMeas\\Data" logRoot="C:\\SOFCMeas\\log" retentionDays=30 autoDelete=True maxFileMb=20
2026-09-11 10:57:21.216 +09:00 [SESSION=6baf1a1c3217] [SEQ=4] [PID=10280] [TID=1] [INFO] [STATION-1] event=PLC_SETTINGS_LOADED station=1 endpoint=172.20.9.100:5000 autoConnect=True pollMs=1000 reconnectMs=2000 timeoutMs=3000 loadScale=1000 maxGraphPoints=0 requestDevice=D810 startValue=1 endValue=0 loadRaw=D700 loadWords=5 loadFormat=ASCII_STX_HEADER_SIGN_MAGNITUDE_ETX
2026-09-11 10:57:21.216 +09:00 [SESSION=6baf1a1c3217] [SEQ=5] [PID=10280] [TID=1] [INFO] [STATION-2] event=PLC_SETTINGS_LOADED station=2 endpoint=172.20.9.101:5000 autoConnect=True pollMs=1000 reconnectMs=2000 timeoutMs=3000 loadScale=1000 maxGraphPoints=0 requestDevice=D810 startValue=1 endValue=0 loadRaw=D700 loadWords=5 loadFormat=ASCII_STX_HEADER_SIGN_MAGNITUDE_ETX
2026-09-11 10:57:21.242 +09:00 [SESSION=6baf1a1c3217] [SEQ=6] [PID=10280] [TID=1] [INFO] [STATION-1] event=PLC_READER_INITIALIZED
2026-09-11 10:57:21.243 +09:00 [SESSION=6baf1a1c3217] [SEQ=7] [PID=10280] [TID=1] [INFO] [STATION-2] event=PLC_READER_INITIALIZED
2026-09-11 10:57:21.357 +09:00 [SESSION=6baf1a1c3217] [SEQ=8] [PID=10280] [TID=1] [INFO] [APPLICATION] event=APPLICATION_STARTED product=SOFCMeas version=1.0.0.0 session=6baf1a1c3217 machine="SHBANG" os="Microsoft Windows NT 10.0.19045.0" process64Bit=True clr="4.0.30319.42000"
2026-09-11 10:57:21.357 +09:00 [SESSION=6baf1a1c3217] [SEQ=9] [PID=10280] [TID=1] [INFO] [APPLICATION] event=PLC_READERS_START_REQUESTED stations=STATION-1,STATION-2
2026-09-11 10:57:21.360 +09:00 [SESSION=6baf1a1c3217] [SEQ=10] [PID=10280] [TID=1] [INFO] [STATION-1] event=READER_STARTED endpoint=172.20.9.100:5000 pollMs=1000 timeoutMs=3000 reconnectMs=2000
2026-09-11 10:57:21.370 +09:00 [SESSION=6baf1a1c3217] [SEQ=11] [PID=10280] [TID=1] [INFO] [STATION-2] event=READER_STARTED endpoint=172.20.9.101:5000 pollMs=1000 timeoutMs=3000 reconnectMs=2000
2026-09-11 10:57:21.376 +09:00 [SESSION=6baf1a1c3217] [SEQ=12] [PID=10280] [TID=1] [INFO] [LOG-CLEANUP] event=LOG_CLEANUP_STARTED force=False retentionDays=30 firstRetainedDate=2026-08-13 root="C:\\SOFCMeas\\log" scope=log_only dataDeletion=false
2026-09-11 10:57:21.378 +09:00 [SESSION=6baf1a1c3217] [SEQ=13] [PID=10280] [TID=4] [INFO] [STATION-1] event=CONNECTION_STATE_CHANGED state=Connecting endpoint=172.20.9.100:5000
2026-09-11 10:57:21.380 +09:00 [SESSION=6baf1a1c3217] [SEQ=14] [PID=10280] [TID=5] [INFO] [STATION-2] event=CONNECTION_STATE_CHANGED state=Connecting endpoint=172.20.9.101:5000
2026-09-11 10:57:21.380 +09:00 [SESSION=6baf1a1c3217] [SEQ=15] [PID=10280] [TID=4] [INFO] [STATION-1] event=PLC_CONNECT_ATTEMPT attempt=1 endpoint=172.20.9.100:5000
2026-09-11 10:57:21.381 +09:00 [SESSION=6baf1a1c3217] [SEQ=16] [PID=10280] [TID=5] [INFO] [STATION-2] event=PLC_CONNECT_ATTEMPT attempt=1 endpoint=172.20.9.101:5000
2026-09-11 10:57:21.392 +09:00 [SESSION=6baf1a1c3217] [SEQ=17] [PID=10280] [TID=5] [INFO] [STATION-2] event=CONNECTION_STATE_CHANGED state=Connected endpoint=172.20.9.101:5000
2026-09-11 10:57:21.392 +09:00 [SESSION=6baf1a1c3217] [SEQ=18] [PID=10280] [TID=5] [INFO] [STATION-2] event=PLC_CONNECTED attempt=1 endpoint=172.20.9.101:5000 connectElapsedMs=12
2026-09-11 10:57:21.392 +09:00 [SESSION=6baf1a1c3217] [SEQ=19] [PID=10280] [TID=4] [INFO] [STATION-1] event=CONNECTION_STATE_CHANGED state=Connected endpoint=172.20.9.100:5000
2026-09-11 10:57:21.394 +09:00 [SESSION=6baf1a1c3217] [SEQ=20] [PID=10280] [TID=4] [INFO] [STATION-1] event=PLC_CONNECTED attempt=1 endpoint=172.20.9.100:5000 connectElapsedMs=17
2026-09-11 10:57:21.435 +09:00 [SESSION=6baf1a1c3217] [SEQ=21] [PID=10280] [TID=1] [INFO] [LOG-CLEANUP] event=LOG_CLEANUP_COMPLETED force=False firstRetainedDate=2026-08-13 deletedFiles=0 deletedDayDirectories=0 failedDayDirectories=0 elapsedMs=59 scope=log_only dataDeletion=false
2026-09-11 10:57:21.495 +09:00 [SESSION=6baf1a1c3217] [SEQ=22] [PID=10280] [TID=4] [INFO] [STATION-1] event=PLC_HEARTBEAT requestDevice=D810 requestValue=0 loadRaw=0 collecting=False cycle=0 sampleCount=0 acquisitionState=DISABLED
2026-09-11 10:57:21.495 +09:00 [SESSION=6baf1a1c3217] [SEQ=23] [PID=10280] [TID=5] [INFO] [STATION-2] event=PLC_HEARTBEAT requestDevice=D810 requestValue=0 loadRaw=0 collecting=False cycle=0 sampleCount=0 acquisitionState=DISABLED
2026-09-11 10:57:32.458 +09:00 [SESSION=6baf1a1c3217] [SEQ=24] [PID=10280] [TID=4] [INFO] [STATION-2] event=PLC_HEARTBEAT requestDevice=D810 requestValue=0 loadRaw=0 collecting=False cycle=0 sampleCount=0 acquisitionState=DISABLED
2026-09-11 10:57:32.458 +09:00 [SESSION=6baf1a1c3217] [SEQ=25] [PID=10280] [TID=5] [INFO] [STATION-1] event=PLC_HEARTBEAT requestDevice=D810 requestValue=0 loadRaw=0 collecting=False cycle=0 sampleCount=0 acquisitionState=DISABLED
2026-09-11 10:57:37.779 +09:00 [SESSION=6baf1a1c3217] [SEQ=26] [PID=10280] [TID=1] [INFO] [SETTINGS] event=SPEC_SETTINGS_APPLIED station1Kgf=0.410000 station2Kgf=0.400000
2026-09-11 10:57:37.787 +09:00 [SESSION=6baf1a1c3217] [SEQ=27] [PID=10280] [TID=6] [INFO] [STATION-1] event=PLC_CONNECTION_CLOSED attempt=1 cancellationRequested=True
2026-09-11 10:57:37.787 +09:00 [SESSION=6baf1a1c3217] [SEQ=28] [PID=10280] [TID=4] [INFO] [STATION-2] event=PLC_CONNECTION_CLOSED attempt=1 cancellationRequested=True
2026-09-11 10:57:37.789 +09:00 [SESSION=6baf1a1c3217] [SEQ=29] [PID=10280] [TID=4] [INFO] [STATION-2] event=CONNECTION_STATE_CHANGED state=Disconnected endpoint=172.20.9.101:500
2026-09-11 10:57:37.789 +09:00 [SESSION=6baf1a1c3217] [SEQ=30] [PID=10280] [TID=4] [INFO] [STATION-2] event=READER_SETTINGS_APPLIED endpoint=172.20.9.101:500 pollMs=1000 reconnectMs=2000 timeoutMs=3000 requestDevice=D810 loadRaw=D700
2026-09-11 10:57:37.790 +09:00 [SESSION=6baf1a1c3217] [SEQ=31] [PID=10280] [TID=4] [INFO] [STATION-2] event=READER_STARTED endpoint=172.20.9.101:500 pollMs=1000 timeoutMs=3000 reconnectMs=2000
2026-09-11 10:57:37.790 +09:00 [SESSION=6baf1a1c3217] [SEQ=32] [PID=10280] [TID=5] [INFO] [STATION-2] event=CONNECTION_STATE_CHANGED state=Connecting endpoint=172.20.9.101:500
2026-09-11 10:57:37.790 +09:00 [SESSION=6baf1a1c3217] [SEQ=33] [PID=10280] [TID=5] [INFO] [STATION-2] event=PLC_CONNECT_ATTEMPT attempt=2 endpoint=172.20.9.101:500
2026-09-11 10:57:37.787 +09:00 [SESSION=6baf1a1c3217] [SEQ=34] [PID=10280] [TID=6] [INFO] [STATION-1] event=CONNECTION_STATE_CHANGED state=Disconnected endpoint=172.20.9.100:500
2026-09-11 10:57:37.791 +09:00 [SESSION=6baf1a1c3217] [SEQ=35] [PID=10280] [TID=6] [INFO] [STATION-1] event=READER_SETTINGS_APPLIED endpoint=172.20.9.100:500 pollMs=1000 reconnectMs=2000 timeoutMs=3000 requestDevice=D810 loadRaw=D700
2026-09-11 10:57:37.792 +09:00 [SESSION=6baf1a1c3217] [SEQ=36] [PID=10280] [TID=6] [INFO] [STATION-1] event=READER_STARTED endpoint=172.20.9.100:500 pollMs=1000 timeoutMs=3000 reconnectMs=2000
2026-09-11 10:57:37.792 +09:00 [SESSION=6baf1a1c3217] [SEQ=37] [PID=10280] [TID=4] [INFO] [STATION-1] event=CONNECTION_STATE_CHANGED state=Connecting endpoint=172.20.9.100:500
2026-09-11 10:57:37.792 +09:00 [SESSION=6baf1a1c3217] [SEQ=38] [PID=10280] [TID=4] [INFO] [STATION-1] event=PLC_CONNECT_ATTEMPT attempt=2 endpoint=172.20.9.100:500
2026-09-11 10:57:37.804 +09:00 [SESSION=6baf1a1c3217] [SEQ=39] [PID=10280] [TID=1] [INFO] [STATION-1] event=PLC_SETTINGS_LOADED station=1 endpoint=172.20.9.100:500 autoConnect=True pollMs=1000 reconnectMs=2000 timeoutMs=3000 loadScale=1000 maxGraphPoints=0 requestDevice=D810 startValue=1 endValue=0 loadRaw=D700 loadWords=5 loadFormat=ASCII_STX_HEADER_SIGN_MAGNITUDE_ETX
2026-09-11 10:57:37.804 +09:00 [SESSION=6baf1a1c3217] [SEQ=40] [PID=10280] [TID=1] [INFO] [STATION-2] event=PLC_SETTINGS_LOADED station=2 endpoint=172.20.9.101:500 autoConnect=True pollMs=1000 reconnectMs=2000 timeoutMs=3000 loadScale=1000 maxGraphPoints=0 requestDevice=D810 startValue=1 endValue=0 loadRaw=D700 loadWords=5 loadFormat=ASCII_STX_HEADER_SIGN_MAGNITUDE_ETX
2026-09-11 10:57:37.804 +09:00 [SESSION=6baf1a1c3217] [SEQ=41] [PID=10280] [TID=1] [INFO] [SETTINGS] event=MEASUREMENT_SETTINGS_APPLIED simulation=False station1PollMs=1000 station2PollMs=1000
2026-09-11 10:57:39.802 +09:00 [SESSION=6baf1a1c3217] [SEQ=42] [PID=10280] [TID=4] [ERROR] [STATION-1] event=CONNECTION_STATE_CHANGED state=Error endpoint=172.20.9.100:500 exception="System.Net.Sockets.SocketException (0x80004005): 대상 컴퓨터에서 연결을 거부했으므로 연결하지 못했습니다 172.20.9.100:500 <=    위치: System.Net.Sockets.Socket.InternalEndConnect(IAsyncResult asyncResult) <=    위치: System.Net.Sockets.Socket.EndConnect(IAsyncResult asyncResult) <=    위치: System.Net.Sockets.TcpClient.EndConnect(IAsyncResult asyncResult) <=    위치: System.Threading.Tasks.TaskFactory`1.FromAsyncCoreLogic(IAsyncResult iar, Func`2 endFunction, Action`1 endAction, Task`1 promise, Boolean requiresSynchronization)"
2026-09-11 10:57:39.802 +09:00 [SESSION=6baf1a1c3217] [SEQ=43] [PID=10280] [TID=5] [ERROR] [STATION-2] event=CONNECTION_STATE_CHANGED state=Error endpoint=172.20.9.101:500 exception="System.Net.Sockets.SocketException (0x80004005): 대상 컴퓨터에서 연결을 거부했으므로 연결하지 못했습니다 172.20.9.101:500 <=    위치: System.Net.Sockets.Socket.InternalEndConnect(IAsyncResult asyncResult) <=    위치: System.Net.Sockets.Socket.EndConnect(IAsyncResult asyncResult) <=    위치: System.Net.Sockets.TcpClient.EndConnect(IAsyncResult asyncResult) <=    위치: System.Threading.Tasks.TaskFactory`1.FromAsyncCoreLogic(IAsyncResult iar, Func`2 endFunction, Action`1 endAction, Task`1 promise, Boolean requiresSynchronization)"
2026-09-11 10:57:39.810 +09:00 [SESSION=6baf1a1c3217] [SEQ=44] [PID=10280] [TID=5] [ERROR] [STATION-2] event=PLC_COMMUNICATION_FAILED attempt=2 endpoint=172.20.9.101:500 cycle=0 cycleActive=False sampleCount=0 exception="System.Net.Sockets.SocketException (0x80004005): 대상 컴퓨터에서 연결을 거부했으므로 연결하지 못했습니다 172.20.9.101:500 <=    위치: System.Net.Sockets.Socket.InternalEndConnect(IAsyncResult asyncResult) <=    위치: System.Net.Sockets.Socket.EndConnect(IAsyncResult asyncResult) <=    위치: System.Net.Sockets.TcpClient.EndConnect(IAsyncResult asyncResult) <=    위치: System.Threading.Tasks.TaskFactory`1.FromAsyncCoreLogic(IAsyncResult iar, Func`2 endFunction, Action`1 endAction, Task`1 promise, Boolean requiresSynchronization)"
2026-09-11 10:57:39.810 +09:00 [SESSION=6baf1a1c3217] [SEQ=45] [PID=10280] [TID=5] [INFO] [STATION-2] event=PLC_CONNECTION_CLOSED attempt=2 cancellationRequested=False
2026-09-11 10:57:39.812 +09:00 [SESSION=6baf1a1c3217] [SEQ=46] [PID=10280] [TID=5] [WARN] [STATION-2] event=PLC_RECONNECT_SCHEDULED nextAttempt=3 delayMs=2000
2026-09-11 10:57:39.810 +09:00 [SESSION=6baf1a1c3217] [SEQ=47] [PID=10280] [TID=4] [ERROR] [STATION-1] event=PLC_COMMUNICATION_FAILED attempt=2 endpoint=172.20.9.100:500 cycle=0 cycleActive=False sampleCount=0 exception="System.Net.Sockets.SocketException (0x80004005): 대상 컴퓨터에서 연결을 거부했으므로 연결하지 못했습니다 172.20.9.100:500 <=    위치: System.Net.Sockets.Socket.InternalEndConnect(IAsyncResult asyncResult) <=    위치: System.Net.Sockets.Socket.EndConnect(IAsyncResult asyncResult) <=    위치: System.Net.Sockets.TcpClient.EndConnect(IAsyncResult asyncResult) <=    위치: System.Threading.Tasks.TaskFactory`1.FromAsyncCoreLogic(IAsyncResult iar, Func`2 endFunction, Action`1 endAction, Task`1 promise, Boolean requiresSynchronization)"
2026-09-11 10:57:39.812 +09:00 [SESSION=6baf1a1c3217] [SEQ=48] [PID=10280] [TID=4] [INFO] [STATION-1] event=PLC_CONNECTION_CLOSED attempt=2 cancellationRequested=False
2026-09-11 10:57:39.812 +09:00 [SESSION=6baf1a1c3217] [SEQ=49] [PID=10280] [TID=4] [WARN] [STATION-1] event=PLC_RECONNECT_SCHEDULED nextAttempt=3 delayMs=2000
2026-09-11 10:57:41.814 +09:00 [SESSION=6baf1a1c3217] [SEQ=50] [PID=10280] [TID=6] [INFO] [STATION-1] event=CONNECTION_STATE_CHANGED state=Connecting endpoint=172.20.9.100:500
2026-09-11 10:57:41.814 +09:00 [SESSION=6baf1a1c3217] [SEQ=51] [PID=10280] [TID=6] [INFO] [STATION-1] event=PLC_CONNECT_ATTEMPT attempt=3 endpoint=172.20.9.100:500
2026-09-11 10:57:41.814 +09:00 [SESSION=6baf1a1c3217] [SEQ=52] [PID=10280] [TID=7] [INFO] [STATION-2] event=CONNECTION_STATE_CHANGED state=Connecting endpoint=172.20.9.101:500
2026-09-11 10:57:41.815 +09:00 [SESSION=6baf1a1c3217] [SEQ=53] [PID=10280] [TID=7] [INFO] [STATION-2] event=PLC_CONNECT_ATTEMPT attempt=3 endpoint=172.20.9.101:500
2026-09-11 10:57:43.832 +09:00 [SESSION=6baf1a1c3217] [SEQ=54] [PID=10280] [TID=7] [ERROR] [STATION-2] event=CONNECTION_STATE_CHANGED state=Error endpoint=172.20.9.101:500 exception="System.Net.Sockets.SocketException (0x80004005): 대상 컴퓨터에서 연결을 거부했으므로 연결하지 못했습니다 172.20.9.101:500 <=    위치: System.Net.Sockets.Socket.InternalEndConnect(IAsyncResult asyncResult) <=    위치: System.Net.Sockets.Socket.EndConnect(IAsyncResult asyncResult) <=    위치: System.Net.Sockets.TcpClient.EndConnect(IAsyncResult asyncResult) <=    위치: System.Threading.Tasks.TaskFactory`1.FromAsyncCoreLogic(IAsyncResult iar, Func`2 endFunction, Action`1 endAction, Task`1 promise, Boolean requiresSynchronization)"
2026-09-11 10:57:43.834 +09:00 [SESSION=6baf1a1c3217] [SEQ=55] [PID=10280] [TID=7] [ERROR] [STATION-2] event=PLC_COMMUNICATION_FAILED attempt=3 endpoint=172.20.9.101:500 cycle=0 cycleActive=False sampleCount=0 exception="System.Net.Sockets.SocketException (0x80004005): 대상 컴퓨터에서 연결을 거부했으므로 연결하지 못했습니다 172.20.9.101:500 <=    위치: System.Net.Sockets.Socket.InternalEndConnect(IAsyncResult asyncResult) <=    위치: System.Net.Sockets.Socket.EndConnect(IAsyncResult asyncResult) <=    위치: System.Net.Sockets.TcpClient.EndConnect(IAsyncResult asyncResult) <=    위치: System.Threading.Tasks.TaskFactory`1.FromAsyncCoreLogic(IAsyncResult iar, Func`2 endFunction, Action`1 endAction, Task`1 promise, Boolean requiresSynchronization)"
2026-09-11 10:57:43.832 +09:00 [SESSION=6baf1a1c3217] [SEQ=56] [PID=10280] [TID=6] [ERROR] [STATION-1] event=CONNECTION_STATE_CHANGED state=Error endpoint=172.20.9.100:500 exception="System.Net.Sockets.SocketException (0x80004005): 대상 컴퓨터에서 연결을 거부했으므로 연결하지 못했습니다 172.20.9.100:500 <=    위치: System.Net.Sockets.Socket.InternalEndConnect(IAsyncResult asyncResult) <=    위치: System.Net.Sockets.Socket.EndConnect(IAsyncResult asyncResult) <=    위치: System.Net.Sockets.TcpClient.EndConnect(IAsyncResult asyncResult) <=    위치: System.Threading.Tasks.TaskFactory`1.FromAsyncCoreLogic(IAsyncResult iar, Func`2 endFunction, Action`1 endAction, Task`1 promise, Boolean requiresSynchronization)"
2026-09-11 10:57:43.834 +09:00 [SESSION=6baf1a1c3217] [SEQ=57] [PID=10280] [TID=6] [ERROR] [STATION-1] event=PLC_COMMUNICATION_FAILED attempt=3 endpoint=172.20.9.100:500 cycle=0 cycleActive=False sampleCount=0 exception="System.Net.Sockets.SocketException (0x80004005): 대상 컴퓨터에서 연결을 거부했으므로 연결하지 못했습니다 172.20.9.100:500 <=    위치: System.Net.Sockets.Socket.InternalEndConnect(IAsyncResult asyncResult) <=    위치: System.Net.Sockets.Socket.EndConnect(IAsyncResult asyncResult) <=    위치: System.Net.Sockets.TcpClient.EndConnect(IAsyncResult asyncResult) <=    위치: System.Threading.Tasks.TaskFactory`1.FromAsyncCoreLogic(IAsyncResult iar, Func`2 endFunction, Action`1 endAction, Task`1 promise, Boolean requiresSynchronization)"
2026-09-11 10:57:43.834 +09:00 [SESSION=6baf1a1c3217] [SEQ=58] [PID=10280] [TID=6] [INFO] [STATION-1] event=PLC_CONNECTION_CLOSED attempt=3 cancellationRequested=False
2026-09-11 10:57:43.834 +09:00 [SESSION=6baf1a1c3217] [SEQ=59] [PID=10280] [TID=6] [WARN] [STATION-1] event=PLC_RECONNECT_SCHEDULED nextAttempt=4 delayMs=2000
2026-09-11 10:57:43.834 +09:00 [SESSION=6baf1a1c3217] [SEQ=60] [PID=10280] [TID=7] [INFO] [STATION-2] event=PLC_CONNECTION_CLOSED attempt=3 cancellationRequested=False
2026-09-11 10:57:43.836 +09:00 [SESSION=6baf1a1c3217] [SEQ=61] [PID=10280] [TID=7] [WARN] [STATION-2] event=PLC_RECONNECT_SCHEDULED nextAttempt=4 delayMs=2000
2026-09-11 10:57:45.837 +09:00 [SESSION=6baf1a1c3217] [SEQ=62] [PID=10280] [TID=4] [INFO] [STATION-2] event=CONNECTION_STATE_CHANGED state=Connecting endpoint=172.20.9.101:500
2026-09-11 10:57:45.837 +09:00 [SESSION=6baf1a1c3217] [SEQ=63] [PID=10280] [TID=4] [INFO] [STATION-2] event=PLC_CONNECT_ATTEMPT attempt=4 endpoint=172.20.9.101:500
2026-09-11 10:57:45.837 +09:00 [SESSION=6baf1a1c3217] [SEQ=64] [PID=10280] [TID=5] [INFO] [STATION-1] event=CONNECTION_STATE_CHANGED state=Connecting endpoint=172.20.9.100:500
2026-09-11 10:57:45.838 +09:00 [SESSION=6baf1a1c3217] [SEQ=65] [PID=10280] [TID=5] [INFO] [STATION-1] event=PLC_CONNECT_ATTEMPT attempt=4 endpoint=172.20.9.100:500
2026-09-11 10:57:47.846 +09:00 [SESSION=6baf1a1c3217] [SEQ=66] [PID=10280] [TID=5] [ERROR] [STATION-1] event=CONNECTION_STATE_CHANGED state=Error endpoint=172.20.9.100:500 exception="System.Net.Sockets.SocketException (0x80004005): 대상 컴퓨터에서 연결을 거부했으므로 연결하지 못했습니다 172.20.9.100:500 <=    위치: System.Net.Sockets.Socket.InternalEndConnect(IAsyncResult asyncResult) <=    위치: System.Net.Sockets.Socket.EndConnect(IAsyncResult asyncResult) <=    위치: System.Net.Sockets.TcpClient.EndConnect(IAsyncResult asyncResult) <=    위치: System.Threading.Tasks.TaskFactory`1.FromAsyncCoreLogic(IAsyncResult iar, Func`2 endFunction, Action`1 endAction, Task`1 promise, Boolean requiresSynchronization)"
2026-09-11 10:57:47.846 +09:00 [SESSION=6baf1a1c3217] [SEQ=67] [PID=10280] [TID=5] [ERROR] [STATION-1] event=PLC_COMMUNICATION_FAILED attempt=4 endpoint=172.20.9.100:500 cycle=0 cycleActive=False sampleCount=0 exception="System.Net.Sockets.SocketException (0x80004005): 대상 컴퓨터에서 연결을 거부했으므로 연결하지 못했습니다 172.20.9.100:500 <=    위치: System.Net.Sockets.Socket.InternalEndConnect(IAsyncResult asyncResult) <=    위치: System.Net.Sockets.Socket.EndConnect(IAsyncResult asyncResult) <=    위치: System.Net.Sockets.TcpClient.EndConnect(IAsyncResult asyncResult) <=    위치: System.Threading.Tasks.TaskFactory`1.FromAsyncCoreLogic(IAsyncResult iar, Func`2 endFunction, Action`1 endAction, Task`1 promise, Boolean requiresSynchronization)"
2026-09-11 10:57:47.847 +09:00 [SESSION=6baf1a1c3217] [SEQ=68] [PID=10280] [TID=5] [INFO] [STATION-1] event=PLC_CONNECTION_CLOSED attempt=4 cancellationRequested=False
2026-09-11 10:57:47.847 +09:00 [SESSION=6baf1a1c3217] [SEQ=69] [PID=10280] [TID=5] [WARN] [STATION-1] event=PLC_RECONNECT_SCHEDULED nextAttempt=5 delayMs=2000
2026-09-11 10:57:47.849 +09:00 [SESSION=6baf1a1c3217] [SEQ=70] [PID=10280] [TID=4] [ERROR] [STATION-2] event=CONNECTION_STATE_CHANGED state=Error endpoint=172.20.9.101:500 exception="System.Net.Sockets.SocketException (0x80004005): 대상 컴퓨터에서 연결을 거부했으므로 연결하지 못했습니다 172.20.9.101:500 <=    위치: System.Net.Sockets.Socket.InternalEndConnect(IAsyncResult asyncResult) <=    위치: System.Net.Sockets.Socket.EndConnect(IAsyncResult asyncResult) <=    위치: System.Net.Sockets.TcpClient.EndConnect(IAsyncResult asyncResult) <=    위치: System.Threading.Tasks.TaskFactory`1.FromAsyncCoreLogic(IAsyncResult iar, Func`2 endFunction, Action`1 endAction, Task`1 promise, Boolean requiresSynchronization)"
2026-09-11 10:57:47.849 +09:00 [SESSION=6baf1a1c3217] [SEQ=71] [PID=10280] [TID=4] [ERROR] [STATION-2] event=PLC_COMMUNICATION_FAILED attempt=4 endpoint=172.20.9.101:500 cycle=0 cycleActive=False sampleCount=0 exception="System.Net.Sockets.SocketException (0x80004005): 대상 컴퓨터에서 연결을 거부했으므로 연결하지 못했습니다 172.20.9.101:500 <=    위치: System.Net.Sockets.Socket.InternalEndConnect(IAsyncResult asyncResult) <=    위치: System.Net.Sockets.Socket.EndConnect(IAsyncResult asyncResult) <=    위치: System.Net.Sockets.TcpClient.EndConnect(IAsyncResult asyncResult) <=    위치: System.Threading.Tasks.TaskFactory`1.FromAsyncCoreLogic(IAsyncResult iar, Func`2 endFunction, Action`1 endAction, Task`1 promise, Boolean requiresSynchronization)"
2026-09-11 10:57:47.849 +09:00 [SESSION=6baf1a1c3217] [SEQ=72] [PID=10280] [TID=4] [INFO] [STATION-2] event=PLC_CONNECTION_CLOSED attempt=4 cancellationRequested=False
2026-09-11 10:57:47.849 +09:00 [SESSION=6baf1a1c3217] [SEQ=73] [PID=10280] [TID=4] [WARN] [STATION-2] event=PLC_RECONNECT_SCHEDULED nextAttempt=5 delayMs=2000
2026-09-11 10:57:49.850 +09:00 [SESSION=6baf1a1c3217] [SEQ=74] [PID=10280] [TID=4] [INFO] [STATION-1] event=CONNECTION_STATE_CHANGED state=Connecting endpoint=172.20.9.100:500
2026-09-11 10:57:49.850 +09:00 [SESSION=6baf1a1c3217] [SEQ=75] [PID=10280] [TID=4] [INFO] [STATION-1] event=PLC_CONNECT_ATTEMPT attempt=5 endpoint=172.20.9.100:500
2026-09-11 10:57:49.860 +09:00 [SESSION=6baf1a1c3217] [SEQ=76] [PID=10280] [TID=5] [INFO] [STATION-2] event=CONNECTION_STATE_CHANGED state=Connecting endpoint=172.20.9.101:500
2026-09-11 10:57:49.860 +09:00 [SESSION=6baf1a1c3217] [SEQ=77] [PID=10280] [TID=5] [INFO] [STATION-2] event=PLC_CONNECT_ATTEMPT attempt=5 endpoint=172.20.9.101:500
2026-09-11 10:57:51.870 +09:00 [SESSION=6baf1a1c3217] [SEQ=78] [PID=10280] [TID=4] [ERROR] [STATION-1] event=CONNECTION_STATE_CHANGED state=Error endpoint=172.20.9.100:500 exception="System.Net.Sockets.SocketException (0x80004005): 대상 컴퓨터에서 연결을 거부했으므로 연결하지 못했습니다 172.20.9.100:500 <=    위치: System.Net.Sockets.Socket.InternalEndConnect(IAsyncResult asyncResult) <=    위치: System.Net.Sockets.Socket.EndConnect(IAsyncResult asyncResult) <=    위치: System.Net.Sockets.TcpClient.EndConnect(IAsyncResult asyncResult) <=    위치: System.Threading.Tasks.TaskFactory`1.FromAsyncCoreLogic(IAsyncResult iar, Func`2 endFunction, Action`1 endAction, Task`1 promise, Boolean requiresSynchronization)"
2026-09-11 10:57:51.870 +09:00 [SESSION=6baf1a1c3217] [SEQ=79] [PID=10280] [TID=4] [ERROR] [STATION-1] event=PLC_COMMUNICATION_FAILED attempt=5 endpoint=172.20.9.100:500 cycle=0 cycleActive=False sampleCount=0 exception="System.Net.Sockets.SocketException (0x80004005): 대상 컴퓨터에서 연결을 거부했으므로 연결하지 못했습니다 172.20.9.100:500 <=    위치: System.Net.Sockets.Socket.InternalEndConnect(IAsyncResult asyncResult) <=    위치: System.Net.Sockets.Socket.EndConnect(IAsyncResult asyncResult) <=    위치: System.Net.Sockets.TcpClient.EndConnect(IAsyncResult asyncResult) <=    위치: System.Threading.Tasks.TaskFactory`1.FromAsyncCoreLogic(IAsyncResult iar, Func`2 endFunction, Action`1 endAction, Task`1 promise, Boolean requiresSynchronization)"
2026-09-11 10:57:51.871 +09:00 [SESSION=6baf1a1c3217] [SEQ=80] [PID=10280] [TID=4] [INFO] [STATION-1] event=PLC_CONNECTION_CLOSED attempt=5 cancellationRequested=False
2026-09-11 10:57:51.871 +09:00 [SESSION=6baf1a1c3217] [SEQ=81] [PID=10280] [TID=4] [WARN] [STATION-1] event=PLC_RECONNECT_SCHEDULED nextAttempt=6 delayMs=2000
2026-09-11 10:57:51.877 +09:00 [SESSION=6baf1a1c3217] [SEQ=82] [PID=10280] [TID=5] [ERROR] [STATION-2] event=CONNECTION_STATE_CHANGED state=Error endpoint=172.20.9.101:500 exception="System.Net.Sockets.SocketException (0x80004005): 대상 컴퓨터에서 연결을 거부했으므로 연결하지 못했습니다 172.20.9.101:500 <=    위치: System.Net.Sockets.Socket.InternalEndConnect(IAsyncResult asyncResult) <=    위치: System.Net.Sockets.Socket.EndConnect(IAsyncResult asyncResult) <=    위치: System.Net.Sockets.TcpClient.EndConnect(IAsyncResult asyncResult) <=    위치: System.Threading.Tasks.TaskFactory`1.FromAsyncCoreLogic(IAsyncResult iar, Func`2 endFunction, Action`1 endAction, Task`1 promise, Boolean requiresSynchronization)"
2026-09-11 10:57:51.878 +09:00 [SESSION=6baf1a1c3217] [SEQ=83] [PID=10280] [TID=5] [ERROR] [STATION-2] event=PLC_COMMUNICATION_FAILED attempt=5 endpoint=172.20.9.101:500 cycle=0 cycleActive=False sampleCount=0 exception="System.Net.Sockets.SocketException (0x80004005): 대상 컴퓨터에서 연결을 거부했으므로 연결하지 못했습니다 172.20.9.101:500 <=    위치: System.Net.Sockets.Socket.InternalEndConnect(IAsyncResult asyncResult) <=    위치: System.Net.Sockets.Socket.EndConnect(IAsyncResult asyncResult) <=    위치: System.Net.Sockets.TcpClient.EndConnect(IAsyncResult asyncResult) <=    위치: System.Threading.Tasks.TaskFactory`1.FromAsyncCoreLogic(IAsyncResult iar, Func`2 endFunction, Action`1 endAction, Task`1 promise, Boolean requiresSynchronization)"
2026-09-11 10:57:51.878 +09:00 [SESSION=6baf1a1c3217] [SEQ=84] [PID=10280] [TID=5] [INFO] [STATION-2] event=PLC_CONNECTION_CLOSED attempt=5 cancellationRequested=False
2026-09-11 10:57:51.878 +09:00 [SESSION=6baf1a1c3217] [SEQ=85] [PID=10280] [TID=5] [WARN] [STATION-2] event=PLC_RECONNECT_SCHEDULED nextAttempt=6 delayMs=2000
2026-09-11 10:57:53.873 +09:00 [SESSION=6baf1a1c3217] [SEQ=86] [PID=10280] [TID=4] [INFO] [STATION-1] event=CONNECTION_STATE_CHANGED state=Connecting endpoint=172.20.9.100:500
2026-09-11 10:57:53.873 +09:00 [SESSION=6baf1a1c3217] [SEQ=87] [PID=10280] [TID=4] [INFO] [STATION-1] event=PLC_CONNECT_ATTEMPT attempt=6 endpoint=172.20.9.100:500
2026-09-11 10:57:53.879 +09:00 [SESSION=6baf1a1c3217] [SEQ=88] [PID=10280] [TID=5] [INFO] [STATION-2] event=CONNECTION_STATE_CHANGED state=Connecting endpoint=172.20.9.101:500
2026-09-11 10:57:53.879 +09:00 [SESSION=6baf1a1c3217] [SEQ=89] [PID=10280] [TID=5] [INFO] [STATION-2] event=PLC_CONNECT_ATTEMPT attempt=6 endpoint=172.20.9.101:500
2026-09-11 10:57:55.883 +09:00 [SESSION=6baf1a1c3217] [SEQ=90] [PID=10280] [TID=4] [ERROR] [STATION-1] event=CONNECTION_STATE_CHANGED state=Error endpoint=172.20.9.100:500 exception="System.Net.Sockets.SocketException (0x80004005): 대상 컴퓨터에서 연결을 거부했으므로 연결하지 못했습니다 172.20.9.100:500 <=    위치: System.Net.Sockets.Socket.InternalEndConnect(IAsyncResult asyncResult) <=    위치: System.Net.Sockets.Socket.EndConnect(IAsyncResult asyncResult) <=    위치: System.Net.Sockets.TcpClient.EndConnect(IAsyncResult asyncResult) <=    위치: System.Threading.Tasks.TaskFactory`1.FromAsyncCoreLogic(IAsyncResult iar, Func`2 endFunction, Action`1 endAction, Task`1 promise, Boolean requiresSynchronization)"
2026-09-11 10:57:55.883 +09:00 [SESSION=6baf1a1c3217] [SEQ=91] [PID=10280] [TID=4] [ERROR] [STATION-1] event=PLC_COMMUNICATION_FAILED attempt=6 endpoint=172.20.9.100:500 cycle=0 cycleActive=False sampleCount=0 exception="System.Net.Sockets.SocketException (0x80004005): 대상 컴퓨터에서 연결을 거부했으므로 연결하지 못했습니다 172.20.9.100:500 <=    위치: System.Net.Sockets.Socket.InternalEndConnect(IAsyncResult asyncResult) <=    위치: System.Net.Sockets.Socket.EndConnect(IAsyncResult asyncResult) <=    위치: System.Net.Sockets.TcpClient.EndConnect(IAsyncResult asyncResult) <=    위치: System.Threading.Tasks.TaskFactory`1.FromAsyncCoreLogic(IAsyncResult iar, Func`2 endFunction, Action`1 endAction, Task`1 promise, Boolean requiresSynchronization)"
2026-09-11 10:57:55.883 +09:00 [SESSION=6baf1a1c3217] [SEQ=92] [PID=10280] [TID=4] [INFO] [STATION-1] event=PLC_CONNECTION_CLOSED attempt=6 cancellationRequested=False
2026-09-11 10:57:55.884 +09:00 [SESSION=6baf1a1c3217] [SEQ=93] [PID=10280] [TID=4] [WARN] [STATION-1] event=PLC_RECONNECT_SCHEDULED nextAttempt=7 delayMs=2000
2026-09-11 10:57:55.890 +09:00 [SESSION=6baf1a1c3217] [SEQ=94] [PID=10280] [TID=5] [ERROR] [STATION-2] event=CONNECTION_STATE_CHANGED state=Error endpoint=172.20.9.101:500 exception="System.Net.Sockets.SocketException (0x80004005): 대상 컴퓨터에서 연결을 거부했으므로 연결하지 못했습니다 172.20.9.101:500 <=    위치: System.Net.Sockets.Socket.InternalEndConnect(IAsyncResult asyncResult) <=    위치: System.Net.Sockets.Socket.EndConnect(IAsyncResult asyncResult) <=    위치: System.Net.Sockets.TcpClient.EndConnect(IAsyncResult asyncResult) <=    위치: System.Threading.Tasks.TaskFactory`1.FromAsyncCoreLogic(IAsyncResult iar, Func`2 endFunction, Action`1 endAction, Task`1 promise, Boolean requiresSynchronization)"
2026-09-11 10:57:55.891 +09:00 [SESSION=6baf1a1c3217] [SEQ=95] [PID=10280] [TID=5] [ERROR] [STATION-2] event=PLC_COMMUNICATION_FAILED attempt=6 endpoint=172.20.9.101:500 cycle=0 cycleActive=False sampleCount=0 exception="System.Net.Sockets.SocketException (0x80004005): 대상 컴퓨터에서 연결을 거부했으므로 연결하지 못했습니다 172.20.9.101:500 <=    위치: System.Net.Sockets.Socket.InternalEndConnect(IAsyncResult asyncResult) <=    위치: System.Net.Sockets.Socket.EndConnect(IAsyncResult asyncResult) <=    위치: System.Net.Sockets.TcpClient.EndConnect(IAsyncResult asyncResult) <=    위치: System.Threading.Tasks.TaskFactory`1.FromAsyncCoreLogic(IAsyncResult iar, Func`2 endFunction, Action`1 endAction, Task`1 promise, Boolean requiresSynchronization)"
2026-09-11 10:57:55.891 +09:00 [SESSION=6baf1a1c3217] [SEQ=96] [PID=10280] [TID=5] [INFO] [STATION-2] event=PLC_CONNECTION_CLOSED attempt=6 cancellationRequested=False
2026-09-11 10:57:55.891 +09:00 [SESSION=6baf1a1c3217] [SEQ=97] [PID=10280] [TID=5] [WARN] [STATION-2] event=PLC_RECONNECT_SCHEDULED nextAttempt=7 delayMs=2000
2026-09-11 10:57:57.885 +09:00 [SESSION=6baf1a1c3217] [SEQ=98] [PID=10280] [TID=4] [INFO] [STATION-1] event=CONNECTION_STATE_CHANGED state=Connecting endpoint=172.20.9.100:500
2026-09-11 10:57:57.885 +09:00 [SESSION=6baf1a1c3217] [SEQ=99] [PID=10280] [TID=4] [INFO] [STATION-1] event=PLC_CONNECT_ATTEMPT attempt=7 endpoint=172.20.9.100:500
2026-09-11 10:57:57.893 +09:00 [SESSION=6baf1a1c3217] [SEQ=100] [PID=10280] [TID=5] [INFO] [STATION-2] event=CONNECTION_STATE_CHANGED state=Connecting endpoint=172.20.9.101:500
2026-09-11 10:57:57.893 +09:00 [SESSION=6baf1a1c3217] [SEQ=101] [PID=10280] [TID=5] [INFO] [STATION-2] event=PLC_CONNECT_ATTEMPT attempt=7 endpoint=172.20.9.101:500
2026-09-11 10:57:59.893 +09:00 [SESSION=6baf1a1c3217] [SEQ=102] [PID=10280] [TID=4] [ERROR] [STATION-1] event=CONNECTION_STATE_CHANGED state=Error endpoint=172.20.9.100:500 exception="System.Net.Sockets.SocketException (0x80004005): 대상 컴퓨터에서 연결을 거부했으므로 연결하지 못했습니다 172.20.9.100:500 <=    위치: System.Net.Sockets.Socket.InternalEndConnect(IAsyncResult asyncResult) <=    위치: System.Net.Sockets.Socket.EndConnect(IAsyncResult asyncResult) <=    위치: System.Net.Sockets.TcpClient.EndConnect(IAsyncResult asyncResult) <=    위치: System.Threading.Tasks.TaskFactory`1.FromAsyncCoreLogic(IAsyncResult iar, Func`2 endFunction, Action`1 endAction, Task`1 promise, Boolean requiresSynchronization)"
2026-09-11 10:57:59.895 +09:00 [SESSION=6baf1a1c3217] [SEQ=103] [PID=10280] [TID=4] [ERROR] [STATION-1] event=PLC_COMMUNICATION_FAILED attempt=7 endpoint=172.20.9.100:500 cycle=0 cycleActive=False sampleCount=0 exception="System.Net.Sockets.SocketException (0x80004005): 대상 컴퓨터에서 연결을 거부했으므로 연결하지 못했습니다 172.20.9.100:500 <=    위치: System.Net.Sockets.Socket.InternalEndConnect(IAsyncResult asyncResult) <=    위치: System.Net.Sockets.Socket.EndConnect(IAsyncResult asyncResult) <=    위치: System.Net.Sockets.TcpClient.EndConnect(IAsyncResult asyncResult) <=    위치: System.Threading.Tasks.TaskFactory`1.FromAsyncCoreLogic(IAsyncResult iar, Func`2 endFunction, Action`1 endAction, Task`1 promise, Boolean requiresSynchronization)"
2026-09-11 10:57:59.895 +09:00 [SESSION=6baf1a1c3217] [SEQ=104] [PID=10280] [TID=4] [INFO] [STATION-1] event=PLC_CONNECTION_CLOSED attempt=7 cancellationRequested=False
2026-09-11 10:57:59.895 +09:00 [SESSION=6baf1a1c3217] [SEQ=105] [PID=10280] [TID=4] [WARN] [STATION-1] event=PLC_RECONNECT_SCHEDULED nextAttempt=8 delayMs=2000
2026-09-11 10:57:59.908 +09:00 [SESSION=6baf1a1c3217] [SEQ=106] [PID=10280] [TID=5] [ERROR] [STATION-2] event=CONNECTION_STATE_CHANGED state=Error endpoint=172.20.9.101:500 exception="System.Net.Sockets.SocketException (0x80004005): 대상 컴퓨터에서 연결을 거부했으므로 연결하지 못했습니다 172.20.9.101:500 <=    위치: System.Net.Sockets.Socket.InternalEndConnect(IAsyncResult asyncResult) <=    위치: System.Net.Sockets.Socket.EndConnect(IAsyncResult asyncResult) <=    위치: System.Net.Sockets.TcpClient.EndConnect(IAsyncResult asyncResult) <=    위치: System.Threading.Tasks.TaskFactory`1.FromAsyncCoreLogic(IAsyncResult iar, Func`2 endFunction, Action`1 endAction, Task`1 promise, Boolean requiresSynchronization)"
2026-09-11 10:57:59.908 +09:00 [SESSION=6baf1a1c3217] [SEQ=107] [PID=10280] [TID=5] [ERROR] [STATION-2] event=PLC_COMMUNICATION_FAILED attempt=7 endpoint=172.20.9.101:500 cycle=0 cycleActive=False sampleCount=0 exception="System.Net.Sockets.SocketException (0x80004005): 대상 컴퓨터에서 연결을 거부했으므로 연결하지 못했습니다 172.20.9.101:500 <=    위치: System.Net.Sockets.Socket.InternalEndConnect(IAsyncResult asyncResult) <=    위치: System.Net.Sockets.Socket.EndConnect(IAsyncResult asyncResult) <=    위치: System.Net.Sockets.TcpClient.EndConnect(IAsyncResult asyncResult) <=    위치: System.Threading.Tasks.TaskFactory`1.FromAsyncCoreLogic(IAsyncResult iar, Func`2 endFunction, Action`1 endAction, Task`1 promise, Boolean requiresSynchronization)"
2026-09-11 10:57:59.912 +09:00 [SESSION=6baf1a1c3217] [SEQ=108] [PID=10280] [TID=5] [INFO] [STATION-2] event=PLC_CONNECTION_CLOSED attempt=7 cancellationRequested=False
2026-09-11 10:57:59.912 +09:00 [SESSION=6baf1a1c3217] [SEQ=109] [PID=10280] [TID=5] [WARN] [STATION-2] event=PLC_RECONNECT_SCHEDULED nextAttempt=8 delayMs=2000
2026-09-11 10:58:01.897 +09:00 [SESSION=6baf1a1c3217] [SEQ=110] [PID=10280] [TID=4] [INFO] [STATION-1] event=CONNECTION_STATE_CHANGED state=Connecting endpoint=172.20.9.100:500
2026-09-11 10:58:01.897 +09:00 [SESSION=6baf1a1c3217] [SEQ=111] [PID=10280] [TID=4] [INFO] [STATION-1] event=PLC_CONNECT_ATTEMPT attempt=8 endpoint=172.20.9.100:500
2026-09-11 10:58:01.914 +09:00 [SESSION=6baf1a1c3217] [SEQ=112] [PID=10280] [TID=5] [INFO] [STATION-2] event=CONNECTION_STATE_CHANGED state=Connecting endpoint=172.20.9.101:500
2026-09-11 10:58:01.914 +09:00 [SESSION=6baf1a1c3217] [SEQ=113] [PID=10280] [TID=5] [INFO] [STATION-2] event=PLC_CONNECT_ATTEMPT attempt=8 endpoint=172.20.9.101:500
2026-09-11 10:58:03.905 +09:00 [SESSION=6baf1a1c3217] [SEQ=114] [PID=10280] [TID=4] [ERROR] [STATION-1] event=CONNECTION_STATE_CHANGED state=Error endpoint=172.20.9.100:500 exception="System.Net.Sockets.SocketException (0x80004005): 대상 컴퓨터에서 연결을 거부했으므로 연결하지 못했습니다 172.20.9.100:500 <=    위치: System.Net.Sockets.Socket.InternalEndConnect(IAsyncResult asyncResult) <=    위치: System.Net.Sockets.Socket.EndConnect(IAsyncResult asyncResult) <=    위치: System.Net.Sockets.TcpClient.EndConnect(IAsyncResult asyncResult) <=    위치: System.Threading.Tasks.TaskFactory`1.FromAsyncCoreLogic(IAsyncResult iar, Func`2 endFunction, Action`1 endAction, Task`1 promise, Boolean requiresSynchronization)"
2026-09-11 10:58:03.906 +09:00 [SESSION=6baf1a1c3217] [SEQ=115] [PID=10280] [TID=4] [ERROR] [STATION-1] event=PLC_COMMUNICATION_FAILED attempt=8 endpoint=172.20.9.100:500 cycle=0 cycleActive=False sampleCount=0 exception="System.Net.Sockets.SocketException (0x80004005): 대상 컴퓨터에서 연결을 거부했으므로 연결하지 못했습니다 172.20.9.100:500 <=    위치: System.Net.Sockets.Socket.InternalEndConnect(IAsyncResult asyncResult) <=    위치: System.Net.Sockets.Socket.EndConnect(IAsyncResult asyncResult) <=    위치: System.Net.Sockets.TcpClient.EndConnect(IAsyncResult asyncResult) <=    위치: System.Threading.Tasks.TaskFactory`1.FromAsyncCoreLogic(IAsyncResult iar, Func`2 endFunction, Action`1 endAction, Task`1 promise, Boolean requiresSynchronization)"
2026-09-11 10:58:03.906 +09:00 [SESSION=6baf1a1c3217] [SEQ=116] [PID=10280] [TID=4] [INFO] [STATION-1] event=PLC_CONNECTION_CLOSED attempt=8 cancellationRequested=False
2026-09-11 10:58:03.907 +09:00 [SESSION=6baf1a1c3217] [SEQ=117] [PID=10280] [TID=4] [WARN] [STATION-1] event=PLC_RECONNECT_SCHEDULED nextAttempt=9 delayMs=2000
2026-09-11 10:58:03.920 +09:00 [SESSION=6baf1a1c3217] [SEQ=118] [PID=10280] [TID=5] [ERROR] [STATION-2] event=CONNECTION_STATE_CHANGED state=Error endpoint=172.20.9.101:500 exception="System.Net.Sockets.SocketException (0x80004005): 대상 컴퓨터에서 연결을 거부했으므로 연결하지 못했습니다 172.20.9.101:500 <=    위치: System.Net.Sockets.Socket.InternalEndConnect(IAsyncResult asyncResult) <=    위치: System.Net.Sockets.Socket.EndConnect(IAsyncResult asyncResult) <=    위치: System.Net.Sockets.TcpClient.EndConnect(IAsyncResult asyncResult) <=    위치: System.Threading.Tasks.TaskFactory`1.FromAsyncCoreLogic(IAsyncResult iar, Func`2 endFunction, Action`1 endAction, Task`1 promise, Boolean requiresSynchronization)"
2026-09-11 10:58:03.920 +09:00 [SESSION=6baf1a1c3217] [SEQ=119] [PID=10280] [TID=5] [ERROR] [STATION-2] event=PLC_COMMUNICATION_FAILED attempt=8 endpoint=172.20.9.101:500 cycle=0 cycleActive=False sampleCount=0 exception="System.Net.Sockets.SocketException (0x80004005): 대상 컴퓨터에서 연결을 거부했으므로 연결하지 못했습니다 172.20.9.101:500 <=    위치: System.Net.Sockets.Socket.InternalEndConnect(IAsyncResult asyncResult) <=    위치: System.Net.Sockets.Socket.EndConnect(IAsyncResult asyncResult) <=    위치: System.Net.Sockets.TcpClient.EndConnect(IAsyncResult asyncResult) <=    위치: System.Threading.Tasks.TaskFactory`1.FromAsyncCoreLogic(IAsyncResult iar, Func`2 endFunction, Action`1 endAction, Task`1 promise, Boolean requiresSynchronization)"
2026-09-11 10:58:03.920 +09:00 [SESSION=6baf1a1c3217] [SEQ=120] [PID=10280] [TID=5] [INFO] [STATION-2] event=PLC_CONNECTION_CLOSED attempt=8 cancellationRequested=False
2026-09-11 10:58:03.920 +09:00 [SESSION=6baf1a1c3217] [SEQ=121] [PID=10280] [TID=5] [WARN] [STATION-2] event=PLC_RECONNECT_SCHEDULED nextAttempt=9 delayMs=2000
2026-09-11 10:58:05.908 +09:00 [SESSION=6baf1a1c3217] [SEQ=122] [PID=10280] [TID=4] [INFO] [STATION-1] event=CONNECTION_STATE_CHANGED state=Connecting endpoint=172.20.9.100:500
2026-09-11 10:58:05.908 +09:00 [SESSION=6baf1a1c3217] [SEQ=123] [PID=10280] [TID=4] [INFO] [STATION-1] event=PLC_CONNECT_ATTEMPT attempt=9 endpoint=172.20.9.100:500
2026-09-11 10:58:05.923 +09:00 [SESSION=6baf1a1c3217] [SEQ=124] [PID=10280] [TID=5] [INFO] [STATION-2] event=CONNECTION_STATE_CHANGED state=Connecting endpoint=172.20.9.101:500
2026-09-11 10:58:05.924 +09:00 [SESSION=6baf1a1c3217] [SEQ=125] [PID=10280] [TID=5] [INFO] [STATION-2] event=PLC_CONNECT_ATTEMPT attempt=9 endpoint=172.20.9.101:500
2026-09-11 10:58:07.918 +09:00 [SESSION=6baf1a1c3217] [SEQ=126] [PID=10280] [TID=4] [ERROR] [STATION-1] event=CONNECTION_STATE_CHANGED state=Error endpoint=172.20.9.100:500 exception="System.Net.Sockets.SocketException (0x80004005): 대상 컴퓨터에서 연결을 거부했으므로 연결하지 못했습니다 172.20.9.100:500 <=    위치: System.Net.Sockets.Socket.InternalEndConnect(IAsyncResult asyncResult) <=    위치: System.Net.Sockets.Socket.EndConnect(IAsyncResult asyncResult) <=    위치: System.Net.Sockets.TcpClient.EndConnect(IAsyncResult asyncResult) <=    위치: System.Threading.Tasks.TaskFactory`1.FromAsyncCoreLogic(IAsyncResult iar, Func`2 endFunction, Action`1 endAction, Task`1 promise, Boolean requiresSynchronization)"
2026-09-11 10:58:07.919 +09:00 [SESSION=6baf1a1c3217] [SEQ=127] [PID=10280] [TID=4] [ERROR] [STATION-1] event=PLC_COMMUNICATION_FAILED attempt=9 endpoint=172.20.9.100:500 cycle=0 cycleActive=False sampleCount=0 exception="System.Net.Sockets.SocketException (0x80004005): 대상 컴퓨터에서 연결을 거부했으므로 연결하지 못했습니다 172.20.9.100:500 <=    위치: System.Net.Sockets.Socket.InternalEndConnect(IAsyncResult asyncResult) <=    위치: System.Net.Sockets.Socket.EndConnect(IAsyncResult asyncResult) <=    위치: System.Net.Sockets.TcpClient.EndConnect(IAsyncResult asyncResult) <=    위치: System.Threading.Tasks.TaskFactory`1.FromAsyncCoreLogic(IAsyncResult iar, Func`2 endFunction, Action`1 endAction, Task`1 promise, Boolean requiresSynchronization)"
2026-09-11 10:58:07.919 +09:00 [SESSION=6baf1a1c3217] [SEQ=128] [PID=10280] [TID=4] [INFO] [STATION-1] event=PLC_CONNECTION_CLOSED attempt=9 cancellationRequested=False
2026-09-11 10:58:07.919 +09:00 [SESSION=6baf1a1c3217] [SEQ=129] [PID=10280] [TID=4] [WARN] [STATION-1] event=PLC_RECONNECT_SCHEDULED nextAttempt=10 delayMs=2000
2026-09-11 10:58:07.934 +09:00 [SESSION=6baf1a1c3217] [SEQ=130] [PID=10280] [TID=5] [ERROR] [STATION-2] event=CONNECTION_STATE_CHANGED state=Error endpoint=172.20.9.101:500 exception="System.Net.Sockets.SocketException (0x80004005): 대상 컴퓨터에서 연결을 거부했으므로 연결하지 못했습니다 172.20.9.101:500 <=    위치: System.Net.Sockets.Socket.InternalEndConnect(IAsyncResult asyncResult) <=    위치: System.Net.Sockets.Socket.EndConnect(IAsyncResult asyncResult) <=    위치: System.Net.Sockets.TcpClient.EndConnect(IAsyncResult asyncResult) <=    위치: System.Threading.Tasks.TaskFactory`1.FromAsyncCoreLogic(IAsyncResult iar, Func`2 endFunction, Action`1 endAction, Task`1 promise, Boolean requiresSynchronization)"
2026-09-11 10:58:07.934 +09:00 [SESSION=6baf1a1c3217] [SEQ=131] [PID=10280] [TID=5] [ERROR] [STATION-2] event=PLC_COMMUNICATION_FAILED attempt=9 endpoint=172.20.9.101:500 cycle=0 cycleActive=False sampleCount=0 exception="System.Net.Sockets.SocketException (0x80004005): 대상 컴퓨터에서 연결을 거부했으므로 연결하지 못했습니다 172.20.9.101:500 <=    위치: System.Net.Sockets.Socket.InternalEndConnect(IAsyncResult asyncResult) <=    위치: System.Net.Sockets.Socket.EndConnect(IAsyncResult asyncResult) <=    위치: System.Net.Sockets.TcpClient.EndConnect(IAsyncResult asyncResult) <=    위치: System.Threading.Tasks.TaskFactory`1.FromAsyncCoreLogic(IAsyncResult iar, Func`2 endFunction, Action`1 endAction, Task`1 promise, Boolean requiresSynchronization)"
2026-09-11 10:58:07.934 +09:00 [SESSION=6baf1a1c3217] [SEQ=132] [PID=10280] [TID=5] [INFO] [STATION-2] event=PLC_CONNECTION_CLOSED attempt=9 cancellationRequested=False
2026-09-11 10:58:07.935 +09:00 [SESSION=6baf1a1c3217] [SEQ=133] [PID=10280] [TID=5] [WARN] [STATION-2] event=PLC_RECONNECT_SCHEDULED nextAttempt=10 delayMs=2000
2026-09-11 10:58:09.921 +09:00 [SESSION=6baf1a1c3217] [SEQ=134] [PID=10280] [TID=4] [INFO] [STATION-1] event=CONNECTION_STATE_CHANGED state=Connecting endpoint=172.20.9.100:500
2026-09-11 10:58:09.921 +09:00 [SESSION=6baf1a1c3217] [SEQ=135] [PID=10280] [TID=4] [INFO] [STATION-1] event=PLC_CONNECT_ATTEMPT attempt=10 endpoint=172.20.9.100:500
2026-09-11 10:58:09.937 +09:00 [SESSION=6baf1a1c3217] [SEQ=136] [PID=10280] [TID=5] [INFO] [STATION-2] event=CONNECTION_STATE_CHANGED state=Connecting endpoint=172.20.9.101:500
2026-09-11 10:58:09.937 +09:00 [SESSION=6baf1a1c3217] [SEQ=137] [PID=10280] [TID=5] [INFO] [STATION-2] event=PLC_CONNECT_ATTEMPT attempt=10 endpoint=172.20.9.101:500
2026-09-11 10:58:11.928 +09:00 [SESSION=6baf1a1c3217] [SEQ=138] [PID=10280] [TID=4] [ERROR] [STATION-1] event=CONNECTION_STATE_CHANGED state=Error endpoint=172.20.9.100:500 exception="System.Net.Sockets.SocketException (0x80004005): 대상 컴퓨터에서 연결을 거부했으므로 연결하지 못했습니다 172.20.9.100:500 <=    위치: System.Net.Sockets.Socket.InternalEndConnect(IAsyncResult asyncResult) <=    위치: System.Net.Sockets.Socket.EndConnect(IAsyncResult asyncResult) <=    위치: System.Net.Sockets.TcpClient.EndConnect(IAsyncResult asyncResult) <=    위치: System.Threading.Tasks.TaskFactory`1.FromAsyncCoreLogic(IAsyncResult iar, Func`2 endFunction, Action`1 endAction, Task`1 promise, Boolean requiresSynchronization)"
2026-09-11 10:58:11.930 +09:00 [SESSION=6baf1a1c3217] [SEQ=139] [PID=10280] [TID=4] [ERROR] [STATION-1] event=PLC_COMMUNICATION_FAILED attempt=10 endpoint=172.20.9.100:500 cycle=0 cycleActive=False sampleCount=0 exception="System.Net.Sockets.SocketException (0x80004005): 대상 컴퓨터에서 연결을 거부했으므로 연결하지 못했습니다 172.20.9.100:500 <=    위치: System.Net.Sockets.Socket.InternalEndConnect(IAsyncResult asyncResult) <=    위치: System.Net.Sockets.Socket.EndConnect(IAsyncResult asyncResult) <=    위치: System.Net.Sockets.TcpClient.EndConnect(IAsyncResult asyncResult) <=    위치: System.Threading.Tasks.TaskFactory`1.FromAsyncCoreLogic(IAsyncResult iar, Func`2 endFunction, Action`1 endAction, Task`1 promise, Boolean requiresSynchronization)"
2026-09-11 10:58:11.930 +09:00 [SESSION=6baf1a1c3217] [SEQ=140] [PID=10280] [TID=4] [INFO] [STATION-1] event=PLC_CONNECTION_CLOSED attempt=10 cancellationRequested=False
2026-09-11 10:58:11.930 +09:00 [SESSION=6baf1a1c3217] [SEQ=141] [PID=10280] [TID=4] [WARN] [STATION-1] event=PLC_RECONNECT_SCHEDULED nextAttempt=11 delayMs=2000
2026-09-11 10:58:11.946 +09:00 [SESSION=6baf1a1c3217] [SEQ=142] [PID=10280] [TID=5] [ERROR] [STATION-2] event=CONNECTION_STATE_CHANGED state=Error endpoint=172.20.9.101:500 exception="System.Net.Sockets.SocketException (0x80004005): 대상 컴퓨터에서 연결을 거부했으므로 연결하지 못했습니다 172.20.9.101:500 <=    위치: System.Net.Sockets.Socket.InternalEndConnect(IAsyncResult asyncResult) <=    위치: System.Net.Sockets.Socket.EndConnect(IAsyncResult asyncResult) <=    위치: System.Net.Sockets.TcpClient.EndConnect(IAsyncResult asyncResult) <=    위치: System.Threading.Tasks.TaskFactory`1.FromAsyncCoreLogic(IAsyncResult iar, Func`2 endFunction, Action`1 endAction, Task`1 promise, Boolean requiresSynchronization)"
2026-09-11 10:58:11.946 +09:00 [SESSION=6baf1a1c3217] [SEQ=143] [PID=10280] [TID=5] [ERROR] [STATION-2] event=PLC_COMMUNICATION_FAILED attempt=10 endpoint=172.20.9.101:500 cycle=0 cycleActive=False sampleCount=0 exception="System.Net.Sockets.SocketException (0x80004005): 대상 컴퓨터에서 연결을 거부했으므로 연결하지 못했습니다 172.20.9.101:500 <=    위치: System.Net.Sockets.Socket.InternalEndConnect(IAsyncResult asyncResult) <=    위치: System.Net.Sockets.Socket.EndConnect(IAsyncResult asyncResult) <=    위치: System.Net.Sockets.TcpClient.EndConnect(IAsyncResult asyncResult) <=    위치: System.Threading.Tasks.TaskFactory`1.FromAsyncCoreLogic(IAsyncResult iar, Func`2 endFunction, Action`1 endAction, Task`1 promise, Boolean requiresSynchronization)"
2026-09-11 10:58:11.946 +09:00 [SESSION=6baf1a1c3217] [SEQ=144] [PID=10280] [TID=5] [INFO] [STATION-2] event=PLC_CONNECTION_CLOSED attempt=10 cancellationRequested=False
2026-09-11 10:58:11.948 +09:00 [SESSION=6baf1a1c3217] [SEQ=145] [PID=10280] [TID=5] [WARN] [STATION-2] event=PLC_RECONNECT_SCHEDULED nextAttempt=11 delayMs=2000
2026-09-11 10:58:13.932 +09:00 [SESSION=6baf1a1c3217] [SEQ=146] [PID=10280] [TID=4] [INFO] [STATION-1] event=CONNECTION_STATE_CHANGED state=Connecting endpoint=172.20.9.100:500
2026-09-11 10:58:13.932 +09:00 [SESSION=6baf1a1c3217] [SEQ=147] [PID=10280] [TID=4] [INFO] [STATION-1] event=PLC_CONNECT_ATTEMPT attempt=11 endpoint=172.20.9.100:500
2026-09-11 10:58:13.948 +09:00 [SESSION=6baf1a1c3217] [SEQ=148] [PID=10280] [TID=5] [INFO] [STATION-2] event=CONNECTION_STATE_CHANGED state=Connecting endpoint=172.20.9.101:500
2026-09-11 10:58:13.948 +09:00 [SESSION=6baf1a1c3217] [SEQ=149] [PID=10280] [TID=5] [INFO] [STATION-2] event=PLC_CONNECT_ATTEMPT attempt=11 endpoint=172.20.9.101:500
2026-09-11 10:58:15.941 +09:00 [SESSION=6baf1a1c3217] [SEQ=150] [PID=10280] [TID=4] [ERROR] [STATION-1] event=CONNECTION_STATE_CHANGED state=Error endpoint=172.20.9.100:500 exception="System.Net.Sockets.SocketException (0x80004005): 대상 컴퓨터에서 연결을 거부했으므로 연결하지 못했습니다 172.20.9.100:500 <=    위치: System.Net.Sockets.Socket.InternalEndConnect(IAsyncResult asyncResult) <=    위치: System.Net.Sockets.Socket.EndConnect(IAsyncResult asyncResult) <=    위치: System.Net.Sockets.TcpClient.EndConnect(IAsyncResult asyncResult) <=    위치: System.Threading.Tasks.TaskFactory`1.FromAsyncCoreLogic(IAsyncResult iar, Func`2 endFunction, Action`1 endAction, Task`1 promise, Boolean requiresSynchronization)"
2026-09-11 10:58:15.941 +09:00 [SESSION=6baf1a1c3217] [SEQ=151] [PID=10280] [TID=4] [ERROR] [STATION-1] event=PLC_COMMUNICATION_FAILED attempt=11 endpoint=172.20.9.100:500 cycle=0 cycleActive=False sampleCount=0 exception="System.Net.Sockets.SocketException (0x80004005): 대상 컴퓨터에서 연결을 거부했으므로 연결하지 못했습니다 172.20.9.100:500 <=    위치: System.Net.Sockets.Socket.InternalEndConnect(IAsyncResult asyncResult) <=    위치: System.Net.Sockets.Socket.EndConnect(IAsyncResult asyncResult) <=    위치: System.Net.Sockets.TcpClient.EndConnect(IAsyncResult asyncResult) <=    위치: System.Threading.Tasks.TaskFactory`1.FromAsyncCoreLogic(IAsyncResult iar, Func`2 endFunction, Action`1 endAction, Task`1 promise, Boolean requiresSynchronization)"
2026-09-11 10:58:15.943 +09:00 [SESSION=6baf1a1c3217] [SEQ=152] [PID=10280] [TID=4] [INFO] [STATION-1] event=PLC_CONNECTION_CLOSED attempt=11 cancellationRequested=False
2026-09-11 10:58:15.943 +09:00 [SESSION=6baf1a1c3217] [SEQ=153] [PID=10280] [TID=4] [WARN] [STATION-1] event=PLC_RECONNECT_SCHEDULED nextAttempt=12 delayMs=2000
2026-09-11 10:58:15.955 +09:00 [SESSION=6baf1a1c3217] [SEQ=154] [PID=10280] [TID=5] [ERROR] [STATION-2] event=CONNECTION_STATE_CHANGED state=Error endpoint=172.20.9.101:500 exception="System.Net.Sockets.SocketException (0x80004005): 대상 컴퓨터에서 연결을 거부했으므로 연결하지 못했습니다 172.20.9.101:500 <=    위치: System.Net.Sockets.Socket.InternalEndConnect(IAsyncResult asyncResult) <=    위치: System.Net.Sockets.Socket.EndConnect(IAsyncResult asyncResult) <=    위치: System.Net.Sockets.TcpClient.EndConnect(IAsyncResult asyncResult) <=    위치: System.Threading.Tasks.TaskFactory`1.FromAsyncCoreLogic(IAsyncResult iar, Func`2 endFunction, Action`1 endAction, Task`1 promise, Boolean requiresSynchronization)"
2026-09-11 10:58:15.955 +09:00 [SESSION=6baf1a1c3217] [SEQ=155] [PID=10280] [TID=5] [ERROR] [STATION-2] event=PLC_COMMUNICATION_FAILED attempt=11 endpoint=172.20.9.101:500 cycle=0 cycleActive=False sampleCount=0 exception="System.Net.Sockets.SocketException (0x80004005): 대상 컴퓨터에서 연결을 거부했으므로 연결하지 못했습니다 172.20.9.101:500 <=    위치: System.Net.Sockets.Socket.InternalEndConnect(IAsyncResult asyncResult) <=    위치: System.Net.Sockets.Socket.EndConnect(IAsyncResult asyncResult) <=    위치: System.Net.Sockets.TcpClient.EndConnect(IAsyncResult asyncResult) <=    위치: System.Threading.Tasks.TaskFactory`1.FromAsyncCoreLogic(IAsyncResult iar, Func`2 endFunction, Action`1 endAction, Task`1 promise, Boolean requiresSynchronization)"
2026-09-11 10:58:15.957 +09:00 [SESSION=6baf1a1c3217] [SEQ=156] [PID=10280] [TID=5] [INFO] [STATION-2] event=PLC_CONNECTION_CLOSED attempt=11 cancellationRequested=False
2026-09-11 10:58:15.957 +09:00 [SESSION=6baf1a1c3217] [SEQ=157] [PID=10280] [TID=5] [WARN] [STATION-2] event=PLC_RECONNECT_SCHEDULED nextAttempt=12 delayMs=2000
2026-09-11 10:58:17.946 +09:00 [SESSION=6baf1a1c3217] [SEQ=158] [PID=10280] [TID=4] [INFO] [STATION-1] event=CONNECTION_STATE_CHANGED state=Connecting endpoint=172.20.9.100:500
2026-09-11 10:58:17.946 +09:00 [SESSION=6baf1a1c3217] [SEQ=159] [PID=10280] [TID=4] [INFO] [STATION-1] event=PLC_CONNECT_ATTEMPT attempt=12 endpoint=172.20.9.100:500
2026-09-11 10:58:17.960 +09:00 [SESSION=6baf1a1c3217] [SEQ=160] [PID=10280] [TID=5] [INFO] [STATION-2] event=CONNECTION_STATE_CHANGED state=Connecting endpoint=172.20.9.101:500
2026-09-11 10:58:17.960 +09:00 [SESSION=6baf1a1c3217] [SEQ=161] [PID=10280] [TID=5] [INFO] [STATION-2] event=PLC_CONNECT_ATTEMPT attempt=12 endpoint=172.20.9.101:500
2026-09-11 10:58:19.950 +09:00 [SESSION=6baf1a1c3217] [SEQ=162] [PID=10280] [TID=4] [ERROR] [STATION-1] event=CONNECTION_STATE_CHANGED state=Error endpoint=172.20.9.100:500 exception="System.Net.Sockets.SocketException (0x80004005): 대상 컴퓨터에서 연결을 거부했으므로 연결하지 못했습니다 172.20.9.100:500 <=    위치: System.Net.Sockets.Socket.InternalEndConnect(IAsyncResult asyncResult) <=    위치: System.Net.Sockets.Socket.EndConnect(IAsyncResult asyncResult) <=    위치: System.Net.Sockets.TcpClient.EndConnect(IAsyncResult asyncResult) <=    위치: System.Threading.Tasks.TaskFactory`1.FromAsyncCoreLogic(IAsyncResult iar, Func`2 endFunction, Action`1 endAction, Task`1 promise, Boolean requiresSynchronization)"
2026-09-11 10:58:19.950 +09:00 [SESSION=6baf1a1c3217] [SEQ=163] [PID=10280] [TID=4] [ERROR] [STATION-1] event=PLC_COMMUNICATION_FAILED attempt=12 endpoint=172.20.9.100:500 cycle=0 cycleActive=False sampleCount=0 exception="System.Net.Sockets.SocketException (0x80004005): 대상 컴퓨터에서 연결을 거부했으므로 연결하지 못했습니다 172.20.9.100:500 <=    위치: System.Net.Sockets.Socket.InternalEndConnect(IAsyncResult asyncResult) <=    위치: System.Net.Sockets.Socket.EndConnect(IAsyncResult asyncResult) <=    위치: System.Net.Sockets.TcpClient.EndConnect(IAsyncResult asyncResult) <=    위치: System.Threading.Tasks.TaskFactory`1.FromAsyncCoreLogic(IAsyncResult iar, Func`2 endFunction, Action`1 endAction, Task`1 promise, Boolean requiresSynchronization)"
2026-09-11 10:58:19.952 +09:00 [SESSION=6baf1a1c3217] [SEQ=164] [PID=10280] [TID=4] [INFO] [STATION-1] event=PLC_CONNECTION_CLOSED attempt=12 cancellationRequested=False
2026-09-11 10:58:19.952 +09:00 [SESSION=6baf1a1c3217] [SEQ=165] [PID=10280] [TID=4] [WARN] [STATION-1] event=PLC_RECONNECT_SCHEDULED nextAttempt=13 delayMs=2000
2026-09-11 10:58:19.966 +09:00 [SESSION=6baf1a1c3217] [SEQ=166] [PID=10280] [TID=5] [ERROR] [STATION-2] event=CONNECTION_STATE_CHANGED state=Error endpoint=172.20.9.101:500 exception="System.Net.Sockets.SocketException (0x80004005): 대상 컴퓨터에서 연결을 거부했으므로 연결하지 못했습니다 172.20.9.101:500 <=    위치: System.Net.Sockets.Socket.InternalEndConnect(IAsyncResult asyncResult) <=    위치: System.Net.Sockets.Socket.EndConnect(IAsyncResult asyncResult) <=    위치: System.Net.Sockets.TcpClient.EndConnect(IAsyncResult asyncResult) <=    위치: System.Threading.Tasks.TaskFactory`1.FromAsyncCoreLogic(IAsyncResult iar, Func`2 endFunction, Action`1 endAction, Task`1 promise, Boolean requiresSynchronization)"
2026-09-11 10:58:19.966 +09:00 [SESSION=6baf1a1c3217] [SEQ=167] [PID=10280] [TID=5] [ERROR] [STATION-2] event=PLC_COMMUNICATION_FAILED attempt=12 endpoint=172.20.9.101:500 cycle=0 cycleActive=False sampleCount=0 exception="System.Net.Sockets.SocketException (0x80004005): 대상 컴퓨터에서 연결을 거부했으므로 연결하지 못했습니다 172.20.9.101:500 <=    위치: System.Net.Sockets.Socket.InternalEndConnect(IAsyncResult asyncResult) <=    위치: System.Net.Sockets.Socket.EndConnect(IAsyncResult asyncResult) <=    위치: System.Net.Sockets.TcpClient.EndConnect(IAsyncResult asyncResult) <=    위치: System.Threading.Tasks.TaskFactory`1.FromAsyncCoreLogic(IAsyncResult iar, Func`2 endFunction, Action`1 endAction, Task`1 promise, Boolean requiresSynchronization)"
2026-09-11 10:58:19.966 +09:00 [SESSION=6baf1a1c3217] [SEQ=168] [PID=10280] [TID=5] [INFO] [STATION-2] event=PLC_CONNECTION_CLOSED attempt=12 cancellationRequested=False
2026-09-11 10:58:19.966 +09:00 [SESSION=6baf1a1c3217] [SEQ=169] [PID=10280] [TID=5] [WARN] [STATION-2] event=PLC_RECONNECT_SCHEDULED nextAttempt=13 delayMs=2000
2026-09-11 10:58:21.953 +09:00 [SESSION=6baf1a1c3217] [SEQ=170] [PID=10280] [TID=4] [INFO] [STATION-1] event=CONNECTION_STATE_CHANGED state=Connecting endpoint=172.20.9.100:500
2026-09-11 10:58:21.953 +09:00 [SESSION=6baf1a1c3217] [SEQ=171] [PID=10280] [TID=4] [INFO] [STATION-1] event=PLC_CONNECT_ATTEMPT attempt=13 endpoint=172.20.9.100:500
2026-09-11 10:58:21.969 +09:00 [SESSION=6baf1a1c3217] [SEQ=172] [PID=10280] [TID=5] [INFO] [STATION-2] event=CONNECTION_STATE_CHANGED state=Connecting endpoint=172.20.9.101:500
2026-09-11 10:58:21.969 +09:00 [SESSION=6baf1a1c3217] [SEQ=173] [PID=10280] [TID=5] [INFO] [STATION-2] event=PLC_CONNECT_ATTEMPT attempt=13 endpoint=172.20.9.101:500
2026-09-11 10:58:23.961 +09:00 [SESSION=6baf1a1c3217] [SEQ=174] [PID=10280] [TID=4] [ERROR] [STATION-1] event=CONNECTION_STATE_CHANGED state=Error endpoint=172.20.9.100:500 exception="System.Net.Sockets.SocketException (0x80004005): 대상 컴퓨터에서 연결을 거부했으므로 연결하지 못했습니다 172.20.9.100:500 <=    위치: System.Net.Sockets.Socket.InternalEndConnect(IAsyncResult asyncResult) <=    위치: System.Net.Sockets.Socket.EndConnect(IAsyncResult asyncResult) <=    위치: System.Net.Sockets.TcpClient.EndConnect(IAsyncResult asyncResult) <=    위치: System.Threading.Tasks.TaskFactory`1.FromAsyncCoreLogic(IAsyncResult iar, Func`2 endFunction, Action`1 endAction, Task`1 promise, Boolean requiresSynchronization)"
2026-09-11 10:58:23.961 +09:00 [SESSION=6baf1a1c3217] [SEQ=175] [PID=10280] [TID=4] [ERROR] [STATION-1] event=PLC_COMMUNICATION_FAILED attempt=13 endpoint=172.20.9.100:500 cycle=0 cycleActive=False sampleCount=0 exception="System.Net.Sockets.SocketException (0x80004005): 대상 컴퓨터에서 연결을 거부했으므로 연결하지 못했습니다 172.20.9.100:500 <=    위치: System.Net.Sockets.Socket.InternalEndConnect(IAsyncResult asyncResult) <=    위치: System.Net.Sockets.Socket.EndConnect(IAsyncResult asyncResult) <=    위치: System.Net.Sockets.TcpClient.EndConnect(IAsyncResult asyncResult) <=    위치: System.Threading.Tasks.TaskFactory`1.FromAsyncCoreLogic(IAsyncResult iar, Func`2 endFunction, Action`1 endAction, Task`1 promise, Boolean requiresSynchronization)"
2026-09-11 10:58:23.961 +09:00 [SESSION=6baf1a1c3217] [SEQ=176] [PID=10280] [TID=4] [INFO] [STATION-1] event=PLC_CONNECTION_CLOSED attempt=13 cancellationRequested=False
2026-09-11 10:58:23.963 +09:00 [SESSION=6baf1a1c3217] [SEQ=177] [PID=10280] [TID=4] [WARN] [STATION-1] event=PLC_RECONNECT_SCHEDULED nextAttempt=14 delayMs=2000
2026-09-11 10:58:23.975 +09:00 [SESSION=6baf1a1c3217] [SEQ=178] [PID=10280] [TID=5] [ERROR] [STATION-2] event=CONNECTION_STATE_CHANGED state=Error endpoint=172.20.9.101:500 exception="System.Net.Sockets.SocketException (0x80004005): 대상 컴퓨터에서 연결을 거부했으므로 연결하지 못했습니다 172.20.9.101:500 <=    위치: System.Net.Sockets.Socket.InternalEndConnect(IAsyncResult asyncResult) <=    위치: System.Net.Sockets.Socket.EndConnect(IAsyncResult asyncResult) <=    위치: System.Net.Sockets.TcpClient.EndConnect(IAsyncResult asyncResult) <=    위치: System.Threading.Tasks.TaskFactory`1.FromAsyncCoreLogic(IAsyncResult iar, Func`2 endFunction, Action`1 endAction, Task`1 promise, Boolean requiresSynchronization)"
2026-09-11 10:58:23.975 +09:00 [SESSION=6baf1a1c3217] [SEQ=179] [PID=10280] [TID=5] [ERROR] [STATION-2] event=PLC_COMMUNICATION_FAILED attempt=13 endpoint=172.20.9.101:500 cycle=0 cycleActive=False sampleCount=0 exception="System.Net.Sockets.SocketException (0x80004005): 대상 컴퓨터에서 연결을 거부했으므로 연결하지 못했습니다 172.20.9.101:500 <=    위치: System.Net.Sockets.Socket.InternalEndConnect(IAsyncResult asyncResult) <=    위치: System.Net.Sockets.Socket.EndConnect(IAsyncResult asyncResult) <=    위치: System.Net.Sockets.TcpClient.EndConnect(IAsyncResult asyncResult) <=    위치: System.Threading.Tasks.TaskFactory`1.FromAsyncCoreLogic(IAsyncResult iar, Func`2 endFunction, Action`1 endAction, Task`1 promise, Boolean requiresSynchronization)"
2026-09-11 10:58:23.975 +09:00 [SESSION=6baf1a1c3217] [SEQ=180] [PID=10280] [TID=5] [INFO] [STATION-2] event=PLC_CONNECTION_CLOSED attempt=13 cancellationRequested=False
2026-09-11 10:58:23.977 +09:00 [SESSION=6baf1a1c3217] [SEQ=181] [PID=10280] [TID=5] [WARN] [STATION-2] event=PLC_RECONNECT_SCHEDULED nextAttempt=14 delayMs=2000
2026-09-11 10:58:25.964 +09:00 [SESSION=6baf1a1c3217] [SEQ=182] [PID=10280] [TID=4] [INFO] [STATION-1] event=CONNECTION_STATE_CHANGED state=Connecting endpoint=172.20.9.100:500
2026-09-11 10:58:25.964 +09:00 [SESSION=6baf1a1c3217] [SEQ=183] [PID=10280] [TID=4] [INFO] [STATION-1] event=PLC_CONNECT_ATTEMPT attempt=14 endpoint=172.20.9.100:500
2026-09-11 10:58:25.978 +09:00 [SESSION=6baf1a1c3217] [SEQ=184] [PID=10280] [TID=5] [INFO] [STATION-2] event=CONNECTION_STATE_CHANGED state=Connecting endpoint=172.20.9.101:500
2026-09-11 10:58:25.978 +09:00 [SESSION=6baf1a1c3217] [SEQ=185] [PID=10280] [TID=5] [INFO] [STATION-2] event=PLC_CONNECT_ATTEMPT attempt=14 endpoint=172.20.9.101:500
2026-09-11 10:58:27.985 +09:00 [SESSION=6baf1a1c3217] [SEQ=186] [PID=10280] [TID=4] [ERROR] [STATION-1] event=CONNECTION_STATE_CHANGED state=Error endpoint=172.20.9.100:500 exception="System.Net.Sockets.SocketException (0x80004005): 대상 컴퓨터에서 연결을 거부했으므로 연결하지 못했습니다 172.20.9.100:500 <=    위치: System.Net.Sockets.Socket.InternalEndConnect(IAsyncResult asyncResult) <=    위치: System.Net.Sockets.Socket.EndConnect(IAsyncResult asyncResult) <=    위치: System.Net.Sockets.TcpClient.EndConnect(IAsyncResult asyncResult) <=    위치: System.Threading.Tasks.TaskFactory`1.FromAsyncCoreLogic(IAsyncResult iar, Func`2 endFunction, Action`1 endAction, Task`1 promise, Boolean requiresSynchronization)"
2026-09-11 10:58:27.985 +09:00 [SESSION=6baf1a1c3217] [SEQ=187] [PID=10280] [TID=4] [ERROR] [STATION-1] event=PLC_COMMUNICATION_FAILED attempt=14 endpoint=172.20.9.100:500 cycle=0 cycleActive=False sampleCount=0 exception="System.Net.Sockets.SocketException (0x80004005): 대상 컴퓨터에서 연결을 거부했으므로 연결하지 못했습니다 172.20.9.100:500 <=    위치: System.Net.Sockets.Socket.InternalEndConnect(IAsyncResult asyncResult) <=    위치: System.Net.Sockets.Socket.EndConnect(IAsyncResult asyncResult) <=    위치: System.Net.Sockets.TcpClient.EndConnect(IAsyncResult asyncResult) <=    위치: System.Threading.Tasks.TaskFactory`1.FromAsyncCoreLogic(IAsyncResult iar, Func`2 endFunction, Action`1 endAction, Task`1 promise, Boolean requiresSynchronization)"
2026-09-11 10:58:27.985 +09:00 [SESSION=6baf1a1c3217] [SEQ=188] [PID=10280] [TID=4] [INFO] [STATION-1] event=PLC_CONNECTION_CLOSED attempt=14 cancellationRequested=False
2026-09-11 10:58:27.985 +09:00 [SESSION=6baf1a1c3217] [SEQ=189] [PID=10280] [TID=4] [WARN] [STATION-1] event=PLC_RECONNECT_SCHEDULED nextAttempt=15 delayMs=2000
2026-09-11 10:58:27.997 +09:00 [SESSION=6baf1a1c3217] [SEQ=190] [PID=10280] [TID=5] [ERROR] [STATION-2] event=CONNECTION_STATE_CHANGED state=Error endpoint=172.20.9.101:500 exception="System.Net.Sockets.SocketException (0x80004005): 대상 컴퓨터에서 연결을 거부했으므로 연결하지 못했습니다 172.20.9.101:500 <=    위치: System.Net.Sockets.Socket.InternalEndConnect(IAsyncResult asyncResult) <=    위치: System.Net.Sockets.Socket.EndConnect(IAsyncResult asyncResult) <=    위치: System.Net.Sockets.TcpClient.EndConnect(IAsyncResult asyncResult) <=    위치: System.Threading.Tasks.TaskFactory`1.FromAsyncCoreLogic(IAsyncResult iar, Func`2 endFunction, Action`1 endAction, Task`1 promise, Boolean requiresSynchronization)"
2026-09-11 10:58:27.997 +09:00 [SESSION=6baf1a1c3217] [SEQ=191] [PID=10280] [TID=5] [ERROR] [STATION-2] event=PLC_COMMUNICATION_FAILED attempt=14 endpoint=172.20.9.101:500 cycle=0 cycleActive=False sampleCount=0 exception="System.Net.Sockets.SocketException (0x80004005): 대상 컴퓨터에서 연결을 거부했으므로 연결하지 못했습니다 172.20.9.101:500 <=    위치: System.Net.Sockets.Socket.InternalEndConnect(IAsyncResult asyncResult) <=    위치: System.Net.Sockets.Socket.EndConnect(IAsyncResult asyncResult) <=    위치: System.Net.Sockets.TcpClient.EndConnect(IAsyncResult asyncResult) <=    위치: System.Threading.Tasks.TaskFactory`1.FromAsyncCoreLogic(IAsyncResult iar, Func`2 endFunction, Action`1 endAction, Task`1 promise, Boolean requiresSynchronization)"
2026-09-11 10:58:27.997 +09:00 [SESSION=6baf1a1c3217] [SEQ=192] [PID=10280] [TID=5] [INFO] [STATION-2] event=PLC_CONNECTION_CLOSED attempt=14 cancellationRequested=False
2026-09-11 10:58:27.997 +09:00 [SESSION=6baf1a1c3217] [SEQ=193] [PID=10280] [TID=5] [WARN] [STATION-2] event=PLC_RECONNECT_SCHEDULED nextAttempt=15 delayMs=2000
2026-09-11 10:58:29.988 +09:00 [SESSION=6baf1a1c3217] [SEQ=194] [PID=10280] [TID=4] [INFO] [STATION-1] event=CONNECTION_STATE_CHANGED state=Connecting endpoint=172.20.9.100:500
2026-09-11 10:58:29.988 +09:00 [SESSION=6baf1a1c3217] [SEQ=195] [PID=10280] [TID=4] [INFO] [STATION-1] event=PLC_CONNECT_ATTEMPT attempt=15 endpoint=172.20.9.100:500
2026-09-11 10:58:30.000 +09:00 [SESSION=6baf1a1c3217] [SEQ=196] [PID=10280] [TID=5] [INFO] [STATION-2] event=CONNECTION_STATE_CHANGED state=Connecting endpoint=172.20.9.101:500
2026-09-11 10:58:30.000 +09:00 [SESSION=6baf1a1c3217] [SEQ=197] [PID=10280] [TID=5] [INFO] [STATION-2] event=PLC_CONNECT_ATTEMPT attempt=15 endpoint=172.20.9.101:500
2026-09-11 10:58:31.995 +09:00 [SESSION=6baf1a1c3217] [SEQ=198] [PID=10280] [TID=4] [ERROR] [STATION-1] event=CONNECTION_STATE_CHANGED state=Error endpoint=172.20.9.100:500 exception="System.Net.Sockets.SocketException (0x80004005): 대상 컴퓨터에서 연결을 거부했으므로 연결하지 못했습니다 172.20.9.100:500 <=    위치: System.Net.Sockets.Socket.InternalEndConnect(IAsyncResult asyncResult) <=    위치: System.Net.Sockets.Socket.EndConnect(IAsyncResult asyncResult) <=    위치: System.Net.Sockets.TcpClient.EndConnect(IAsyncResult asyncResult) <=    위치: System.Threading.Tasks.TaskFactory`1.FromAsyncCoreLogic(IAsyncResult iar, Func`2 endFunction, Action`1 endAction, Task`1 promise, Boolean requiresSynchronization)"
2026-09-11 10:58:31.995 +09:00 [SESSION=6baf1a1c3217] [SEQ=199] [PID=10280] [TID=4] [ERROR] [STATION-1] event=PLC_COMMUNICATION_FAILED attempt=15 endpoint=172.20.9.100:500 cycle=0 cycleActive=False sampleCount=0 exception="System.Net.Sockets.SocketException (0x80004005): 대상 컴퓨터에서 연결을 거부했으므로 연결하지 못했습니다 172.20.9.100:500 <=    위치: System.Net.Sockets.Socket.InternalEndConnect(IAsyncResult asyncResult) <=    위치: System.Net.Sockets.Socket.EndConnect(IAsyncResult asyncResult) <=    위치: System.Net.Sockets.TcpClient.EndConnect(IAsyncResult asyncResult) <=    위치: System.Threading.Tasks.TaskFactory`1.FromAsyncCoreLogic(IAsyncResult iar, Func`2 endFunction, Action`1 endAction, Task`1 promise, Boolean requiresSynchronization)"
2026-09-11 10:58:31.995 +09:00 [SESSION=6baf1a1c3217] [SEQ=200] [PID=10280] [TID=4] [INFO] [STATION-1] event=PLC_CONNECTION_CLOSED attempt=15 cancellationRequested=False
2026-09-11 10:58:31.996 +09:00 [SESSION=6baf1a1c3217] [SEQ=201] [PID=10280] [TID=4] [WARN] [STATION-1] event=PLC_RECONNECT_SCHEDULED nextAttempt=16 delayMs=2000
2026-09-11 10:58:32.009 +09:00 [SESSION=6baf1a1c3217] [SEQ=202] [PID=10280] [TID=5] [ERROR] [STATION-2] event=CONNECTION_STATE_CHANGED state=Error endpoint=172.20.9.101:500 exception="System.Net.Sockets.SocketException (0x80004005): 대상 컴퓨터에서 연결을 거부했으므로 연결하지 못했습니다 172.20.9.101:500 <=    위치: System.Net.Sockets.Socket.InternalEndConnect(IAsyncResult asyncResult) <=    위치: System.Net.Sockets.Socket.EndConnect(IAsyncResult asyncResult) <=    위치: System.Net.Sockets.TcpClient.EndConnect(IAsyncResult asyncResult) <=    위치: System.Threading.Tasks.TaskFactory`1.FromAsyncCoreLogic(IAsyncResult iar, Func`2 endFunction, Action`1 endAction, Task`1 promise, Boolean requiresSynchronization)"
2026-09-11 10:58:32.009 +09:00 [SESSION=6baf1a1c3217] [SEQ=203] [PID=10280] [TID=5] [ERROR] [STATION-2] event=PLC_COMMUNICATION_FAILED attempt=15 endpoint=172.20.9.101:500 cycle=0 cycleActive=False sampleCount=0 exception="System.Net.Sockets.SocketException (0x80004005): 대상 컴퓨터에서 연결을 거부했으므로 연결하지 못했습니다 172.20.9.101:500 <=    위치: System.Net.Sockets.Socket.InternalEndConnect(IAsyncResult asyncResult) <=    위치: System.Net.Sockets.Socket.EndConnect(IAsyncResult asyncResult) <=    위치: System.Net.Sockets.TcpClient.EndConnect(IAsyncResult asyncResult) <=    위치: System.Threading.Tasks.TaskFactory`1.FromAsyncCoreLogic(IAsyncResult iar, Func`2 endFunction, Action`1 endAction, Task`1 promise, Boolean requiresSynchronization)"
2026-09-11 10:58:32.010 +09:00 [SESSION=6baf1a1c3217] [SEQ=204] [PID=10280] [TID=5] [INFO] [STATION-2] event=PLC_CONNECTION_CLOSED attempt=15 cancellationRequested=False
2026-09-11 10:58:32.010 +09:00 [SESSION=6baf1a1c3217] [SEQ=205] [PID=10280] [TID=5] [WARN] [STATION-2] event=PLC_RECONNECT_SCHEDULED nextAttempt=16 delayMs=2000
2026-09-11 10:58:33.999 +09:00 [SESSION=6baf1a1c3217] [SEQ=206] [PID=10280] [TID=4] [INFO] [STATION-1] event=CONNECTION_STATE_CHANGED state=Connecting endpoint=172.20.9.100:500
2026-09-11 10:58:33.999 +09:00 [SESSION=6baf1a1c3217] [SEQ=207] [PID=10280] [TID=4] [INFO] [STATION-1] event=PLC_CONNECT_ATTEMPT attempt=16 endpoint=172.20.9.100:500
2026-09-11 10:58:34.012 +09:00 [SESSION=6baf1a1c3217] [SEQ=208] [PID=10280] [TID=5] [INFO] [STATION-2] event=CONNECTION_STATE_CHANGED state=Connecting endpoint=172.20.9.101:500
2026-09-11 10:58:34.012 +09:00 [SESSION=6baf1a1c3217] [SEQ=209] [PID=10280] [TID=5] [INFO] [STATION-2] event=PLC_CONNECT_ATTEMPT attempt=16 endpoint=172.20.9.101:500
2026-09-11 10:58:36.010 +09:00 [SESSION=6baf1a1c3217] [SEQ=210] [PID=10280] [TID=4] [ERROR] [STATION-1] event=CONNECTION_STATE_CHANGED state=Error endpoint=172.20.9.100:500 exception="System.Net.Sockets.SocketException (0x80004005): 대상 컴퓨터에서 연결을 거부했으므로 연결하지 못했습니다 172.20.9.100:500 <=    위치: System.Net.Sockets.Socket.InternalEndConnect(IAsyncResult asyncResult) <=    위치: System.Net.Sockets.Socket.EndConnect(IAsyncResult asyncResult) <=    위치: System.Net.Sockets.TcpClient.EndConnect(IAsyncResult asyncResult) <=    위치: System.Threading.Tasks.TaskFactory`1.FromAsyncCoreLogic(IAsyncResult iar, Func`2 endFunction, Action`1 endAction, Task`1 promise, Boolean requiresSynchronization)"
2026-09-11 10:58:36.010 +09:00 [SESSION=6baf1a1c3217] [SEQ=211] [PID=10280] [TID=4] [ERROR] [STATION-1] event=PLC_COMMUNICATION_FAILED attempt=16 endpoint=172.20.9.100:500 cycle=0 cycleActive=False sampleCount=0 exception="System.Net.Sockets.SocketException (0x80004005): 대상 컴퓨터에서 연결을 거부했으므로 연결하지 못했습니다 172.20.9.100:500 <=    위치: System.Net.Sockets.Socket.InternalEndConnect(IAsyncResult asyncResult) <=    위치: System.Net.Sockets.Socket.EndConnect(IAsyncResult asyncResult) <=    위치: System.Net.Sockets.TcpClient.EndConnect(IAsyncResult asyncResult) <=    위치: System.Threading.Tasks.TaskFactory`1.FromAsyncCoreLogic(IAsyncResult iar, Func`2 endFunction, Action`1 endAction, Task`1 promise, Boolean requiresSynchronization)"
2026-09-11 10:58:36.012 +09:00 [SESSION=6baf1a1c3217] [SEQ=212] [PID=10280] [TID=4] [INFO] [STATION-1] event=PLC_CONNECTION_CLOSED attempt=16 cancellationRequested=False
2026-09-11 10:58:36.012 +09:00 [SESSION=6baf1a1c3217] [SEQ=213] [PID=10280] [TID=4] [WARN] [STATION-1] event=PLC_RECONNECT_SCHEDULED nextAttempt=17 delayMs=2000
2026-09-11 10:58:36.016 +09:00 [SESSION=6baf1a1c3217] [SEQ=214] [PID=10280] [TID=5] [ERROR] [STATION-2] event=CONNECTION_STATE_CHANGED state=Error endpoint=172.20.9.101:500 exception="System.Net.Sockets.SocketException (0x80004005): 대상 컴퓨터에서 연결을 거부했으므로 연결하지 못했습니다 172.20.9.101:500 <=    위치: System.Net.Sockets.Socket.InternalEndConnect(IAsyncResult asyncResult) <=    위치: System.Net.Sockets.Socket.EndConnect(IAsyncResult asyncResult) <=    위치: System.Net.Sockets.TcpClient.EndConnect(IAsyncResult asyncResult) <=    위치: System.Threading.Tasks.TaskFactory`1.FromAsyncCoreLogic(IAsyncResult iar, Func`2 endFunction, Action`1 endAction, Task`1 promise, Boolean requiresSynchronization)"
2026-09-11 10:58:36.016 +09:00 [SESSION=6baf1a1c3217] [SEQ=215] [PID=10280] [TID=5] [ERROR] [STATION-2] event=PLC_COMMUNICATION_FAILED attempt=16 endpoint=172.20.9.101:500 cycle=0 cycleActive=False sampleCount=0 exception="System.Net.Sockets.SocketException (0x80004005): 대상 컴퓨터에서 연결을 거부했으므로 연결하지 못했습니다 172.20.9.101:500 <=    위치: System.Net.Sockets.Socket.InternalEndConnect(IAsyncResult asyncResult) <=    위치: System.Net.Sockets.Socket.EndConnect(IAsyncResult asyncResult) <=    위치: System.Net.Sockets.TcpClient.EndConnect(IAsyncResult asyncResult) <=    위치: System.Threading.Tasks.TaskFactory`1.FromAsyncCoreLogic(IAsyncResult iar, Func`2 endFunction, Action`1 endAction, Task`1 promise, Boolean requiresSynchronization)"
2026-09-11 10:58:36.018 +09:00 [SESSION=6baf1a1c3217] [SEQ=216] [PID=10280] [TID=5] [INFO] [STATION-2] event=PLC_CONNECTION_CLOSED attempt=16 cancellationRequested=False
2026-09-11 10:58:36.018 +09:00 [SESSION=6baf1a1c3217] [SEQ=217] [PID=10280] [TID=5] [WARN] [STATION-2] event=PLC_RECONNECT_SCHEDULED nextAttempt=17 delayMs=2000
2026-09-11 10:58:38.013 +09:00 [SESSION=6baf1a1c3217] [SEQ=218] [PID=10280] [TID=4] [INFO] [STATION-1] event=CONNECTION_STATE_CHANGED state=Connecting endpoint=172.20.9.100:500
2026-09-11 10:58:38.013 +09:00 [SESSION=6baf1a1c3217] [SEQ=219] [PID=10280] [TID=4] [INFO] [STATION-1] event=PLC_CONNECT_ATTEMPT attempt=17 endpoint=172.20.9.100:500
2026-09-11 10:58:38.021 +09:00 [SESSION=6baf1a1c3217] [SEQ=220] [PID=10280] [TID=5] [INFO] [STATION-2] event=CONNECTION_STATE_CHANGED state=Connecting endpoint=172.20.9.101:500
2026-09-11 10:58:38.021 +09:00 [SESSION=6baf1a1c3217] [SEQ=221] [PID=10280] [TID=5] [INFO] [STATION-2] event=PLC_CONNECT_ATTEMPT attempt=17 endpoint=172.20.9.101:500
2026-09-11 10:58:40.025 +09:00 [SESSION=6baf1a1c3217] [SEQ=222] [PID=10280] [TID=4] [ERROR] [STATION-1] event=CONNECTION_STATE_CHANGED state=Error endpoint=172.20.9.100:500 exception="System.Net.Sockets.SocketException (0x80004005): 대상 컴퓨터에서 연결을 거부했으므로 연결하지 못했습니다 172.20.9.100:500 <=    위치: System.Net.Sockets.Socket.InternalEndConnect(IAsyncResult asyncResult) <=    위치: System.Net.Sockets.Socket.EndConnect(IAsyncResult asyncResult) <=    위치: System.Net.Sockets.TcpClient.EndConnect(IAsyncResult asyncResult) <=    위치: System.Threading.Tasks.TaskFactory`1.FromAsyncCoreLogic(IAsyncResult iar, Func`2 endFunction, Action`1 endAction, Task`1 promise, Boolean requiresSynchronization)"
2026-09-11 10:58:40.025 +09:00 [SESSION=6baf1a1c3217] [SEQ=223] [PID=10280] [TID=4] [ERROR] [STATION-1] event=PLC_COMMUNICATION_FAILED attempt=17 endpoint=172.20.9.100:500 cycle=0 cycleActive=False sampleCount=0 exception="System.Net.Sockets.SocketException (0x80004005): 대상 컴퓨터에서 연결을 거부했으므로 연결하지 못했습니다 172.20.9.100:500 <=    위치: System.Net.Sockets.Socket.InternalEndConnect(IAsyncResult asyncResult) <=    위치: System.Net.Sockets.Socket.EndConnect(IAsyncResult asyncResult) <=    위치: System.Net.Sockets.TcpClient.EndConnect(IAsyncResult asyncResult) <=    위치: System.Threading.Tasks.TaskFactory`1.FromAsyncCoreLogic(IAsyncResult iar, Func`2 endFunction, Action`1 endAction, Task`1 promise, Boolean requiresSynchronization)"
2026-09-11 10:58:40.025 +09:00 [SESSION=6baf1a1c3217] [SEQ=224] [PID=10280] [TID=4] [INFO] [STATION-1] event=PLC_CONNECTION_CLOSED attempt=17 cancellationRequested=False
2026-09-11 10:58:40.025 +09:00 [SESSION=6baf1a1c3217] [SEQ=225] [PID=10280] [TID=4] [WARN] [STATION-1] event=PLC_RECONNECT_SCHEDULED nextAttempt=18 delayMs=2000
2026-09-11 10:58:40.033 +09:00 [SESSION=6baf1a1c3217] [SEQ=226] [PID=10280] [TID=5] [ERROR] [STATION-2] event=CONNECTION_STATE_CHANGED state=Error endpoint=172.20.9.101:500 exception="System.Net.Sockets.SocketException (0x80004005): 대상 컴퓨터에서 연결을 거부했으므로 연결하지 못했습니다 172.20.9.101:500 <=    위치: System.Net.Sockets.Socket.InternalEndConnect(IAsyncResult asyncResult) <=    위치: System.Net.Sockets.Socket.EndConnect(IAsyncResult asyncResult) <=    위치: System.Net.Sockets.TcpClient.EndConnect(IAsyncResult asyncResult) <=    위치: System.Threading.Tasks.TaskFactory`1.FromAsyncCoreLogic(IAsyncResult iar, Func`2 endFunction, Action`1 endAction, Task`1 promise, Boolean requiresSynchronization)"
2026-09-11 10:58:40.033 +09:00 [SESSION=6baf1a1c3217] [SEQ=227] [PID=10280] [TID=5] [ERROR] [STATION-2] event=PLC_COMMUNICATION_FAILED attempt=17 endpoint=172.20.9.101:500 cycle=0 cycleActive=False sampleCount=0 exception="System.Net.Sockets.SocketException (0x80004005): 대상 컴퓨터에서 연결을 거부했으므로 연결하지 못했습니다 172.20.9.101:500 <=    위치: System.Net.Sockets.Socket.InternalEndConnect(IAsyncResult asyncResult) <=    위치: System.Net.Sockets.Socket.EndConnect(IAsyncResult asyncResult) <=    위치: System.Net.Sockets.TcpClient.EndConnect(IAsyncResult asyncResult) <=    위치: System.Threading.Tasks.TaskFactory`1.FromAsyncCoreLogic(IAsyncResult iar, Func`2 endFunction, Action`1 endAction, Task`1 promise, Boolean requiresSynchronization)"
2026-09-11 10:58:40.033 +09:00 [SESSION=6baf1a1c3217] [SEQ=228] [PID=10280] [TID=5] [INFO] [STATION-2] event=PLC_CONNECTION_CLOSED attempt=17 cancellationRequested=False
2026-09-11 10:58:40.035 +09:00 [SESSION=6baf1a1c3217] [SEQ=229] [PID=10280] [TID=5] [WARN] [STATION-2] event=PLC_RECONNECT_SCHEDULED nextAttempt=18 delayMs=2000
2026-09-11 10:58:42.027 +09:00 [SESSION=6baf1a1c3217] [SEQ=230] [PID=10280] [TID=4] [INFO] [STATION-1] event=CONNECTION_STATE_CHANGED state=Connecting endpoint=172.20.9.100:500
2026-09-11 10:58:42.027 +09:00 [SESSION=6baf1a1c3217] [SEQ=231] [PID=10280] [TID=4] [INFO] [STATION-1] event=PLC_CONNECT_ATTEMPT attempt=18 endpoint=172.20.9.100:500
2026-09-11 10:58:42.037 +09:00 [SESSION=6baf1a1c3217] [SEQ=232] [PID=10280] [TID=5] [INFO] [STATION-2] event=CONNECTION_STATE_CHANGED state=Connecting endpoint=172.20.9.101:500
2026-09-11 10:58:42.037 +09:00 [SESSION=6baf1a1c3217] [SEQ=233] [PID=10280] [TID=5] [INFO] [STATION-2] event=PLC_CONNECT_ATTEMPT attempt=18 endpoint=172.20.9.101:500
2026-09-11 10:58:43.594 +09:00 [SESSION=6baf1a1c3217] [SEQ=234] [PID=10280] [TID=1] [INFO] [SETTINGS] event=SPEC_SETTINGS_APPLIED station1Kgf=0.410000 station2Kgf=0.400000
2026-09-11 10:58:44.038 +09:00 [SESSION=6baf1a1c3217] [SEQ=235] [PID=10280] [TID=4] [INFO] [STATION-1] event=PLC_CONNECTION_CLOSED attempt=18 cancellationRequested=True
2026-09-11 10:58:44.039 +09:00 [SESSION=6baf1a1c3217] [SEQ=236] [PID=10280] [TID=4] [INFO] [STATION-1] event=CONNECTION_STATE_CHANGED state=Disconnected endpoint=172.20.9.100:5000
2026-09-11 10:58:44.039 +09:00 [SESSION=6baf1a1c3217] [SEQ=237] [PID=10280] [TID=4] [INFO] [STATION-1] event=READER_SETTINGS_APPLIED endpoint=172.20.9.100:5000 pollMs=500 reconnectMs=2000 timeoutMs=3000 requestDevice=D810 loadRaw=D700
2026-09-11 10:58:44.039 +09:00 [SESSION=6baf1a1c3217] [SEQ=238] [PID=10280] [TID=4] [INFO] [STATION-1] event=READER_STARTED endpoint=172.20.9.100:5000 pollMs=500 timeoutMs=3000 reconnectMs=2000
2026-09-11 10:58:44.040 +09:00 [SESSION=6baf1a1c3217] [SEQ=239] [PID=10280] [TID=6] [INFO] [STATION-1] event=CONNECTION_STATE_CHANGED state=Connecting endpoint=172.20.9.100:5000
2026-09-11 10:58:44.040 +09:00 [SESSION=6baf1a1c3217] [SEQ=240] [PID=10280] [TID=6] [INFO] [STATION-1] event=PLC_CONNECT_ATTEMPT attempt=19 endpoint=172.20.9.100:5000
2026-09-11 10:58:44.041 +09:00 [SESSION=6baf1a1c3217] [SEQ=241] [PID=10280] [TID=6] [INFO] [STATION-1] event=CONNECTION_STATE_CHANGED state=Connected endpoint=172.20.9.100:5000
2026-09-11 10:58:44.042 +09:00 [SESSION=6baf1a1c3217] [SEQ=242] [PID=10280] [TID=6] [INFO] [STATION-1] event=PLC_CONNECTED attempt=19 endpoint=172.20.9.100:5000 connectElapsedMs=2
2026-09-11 10:58:44.046 +09:00 [SESSION=6baf1a1c3217] [SEQ=243] [PID=10280] [TID=14] [INFO] [STATION-1] event=PLC_HEARTBEAT requestDevice=D810 requestValue=0 loadRaw=0 collecting=False cycle=0 sampleCount=0 acquisitionState=DISABLED
2026-09-11 10:58:44.047 +09:00 [SESSION=6baf1a1c3217] [SEQ=244] [PID=10280] [TID=5] [INFO] [STATION-2] event=PLC_CONNECTION_CLOSED attempt=18 cancellationRequested=True
2026-09-11 10:58:44.047 +09:00 [SESSION=6baf1a1c3217] [SEQ=245] [PID=10280] [TID=5] [INFO] [STATION-2] event=CONNECTION_STATE_CHANGED state=Disconnected endpoint=172.20.9.101:5000
2026-09-11 10:58:44.048 +09:00 [SESSION=6baf1a1c3217] [SEQ=246] [PID=10280] [TID=5] [INFO] [STATION-2] event=READER_SETTINGS_APPLIED endpoint=172.20.9.101:5000 pollMs=500 reconnectMs=2000 timeoutMs=3000 requestDevice=D810 loadRaw=D700
2026-09-11 10:58:44.048 +09:00 [SESSION=6baf1a1c3217] [SEQ=247] [PID=10280] [TID=5] [INFO] [STATION-2] event=READER_STARTED endpoint=172.20.9.101:5000 pollMs=500 timeoutMs=3000 reconnectMs=2000
2026-09-11 10:58:44.048 +09:00 [SESSION=6baf1a1c3217] [SEQ=248] [PID=10280] [TID=4] [INFO] [STATION-2] event=CONNECTION_STATE_CHANGED state=Connecting endpoint=172.20.9.101:5000
2026-09-11 10:58:44.049 +09:00 [SESSION=6baf1a1c3217] [SEQ=249] [PID=10280] [TID=4] [INFO] [STATION-2] event=PLC_CONNECT_ATTEMPT attempt=19 endpoint=172.20.9.101:5000
2026-09-11 10:58:44.051 +09:00 [SESSION=6baf1a1c3217] [SEQ=250] [PID=10280] [TID=4] [INFO] [STATION-2] event=CONNECTION_STATE_CHANGED state=Connected endpoint=172.20.9.101:5000
2026-09-11 10:58:44.051 +09:00 [SESSION=6baf1a1c3217] [SEQ=251] [PID=10280] [TID=4] [INFO] [STATION-2] event=PLC_CONNECTED attempt=19 endpoint=172.20.9.101:5000 connectElapsedMs=3
2026-09-11 10:58:44.053 +09:00 [SESSION=6baf1a1c3217] [SEQ=252] [PID=10280] [TID=1] [INFO] [STATION-1] event=PLC_SETTINGS_LOADED station=1 endpoint=172.20.9.100:5000 autoConnect=True pollMs=500 reconnectMs=2000 timeoutMs=3000 loadScale=1000 maxGraphPoints=0 requestDevice=D810 startValue=1 endValue=0 loadRaw=D700 loadWords=5 loadFormat=ASCII_STX_HEADER_SIGN_MAGNITUDE_ETX
2026-09-11 10:58:44.053 +09:00 [SESSION=6baf1a1c3217] [SEQ=253] [PID=10280] [TID=1] [INFO] [STATION-2] event=PLC_SETTINGS_LOADED station=2 endpoint=172.20.9.101:5000 autoConnect=True pollMs=500 reconnectMs=2000 timeoutMs=3000 loadScale=1000 maxGraphPoints=0 requestDevice=D810 startValue=1 endValue=0 loadRaw=D700 loadWords=5 loadFormat=ASCII_STX_HEADER_SIGN_MAGNITUDE_ETX
2026-09-11 10:58:44.053 +09:00 [SESSION=6baf1a1c3217] [SEQ=254] [PID=10280] [TID=1] [INFO] [SETTINGS] event=MEASUREMENT_SETTINGS_APPLIED simulation=False station1PollMs=500 station2PollMs=500
2026-09-11 10:58:44.055 +09:00 [SESSION=6baf1a1c3217] [SEQ=255] [PID=10280] [TID=4] [INFO] [STATION-2] event=PLC_HEARTBEAT requestDevice=D810 requestValue=0 loadRaw=0 collecting=False cycle=0 sampleCount=0 acquisitionState=DISABLED
2026-09-11 10:58:54.117 +09:00 [SESSION=6baf1a1c3217] [SEQ=256] [PID=10280] [TID=5] [INFO] [STATION-2] event=PLC_HEARTBEAT requestDevice=D810 requestValue=0 loadRaw=0 collecting=False cycle=0 sampleCount=0 acquisitionState=DISABLED
2026-09-11 10:58:54.119 +09:00 [SESSION=6baf1a1c3217] [SEQ=257] [PID=10280] [TID=4] [INFO] [STATION-1] event=PLC_HEARTBEAT requestDevice=D810 requestValue=0 loadRaw=0 collecting=False cycle=0 sampleCount=0 acquisitionState=DISABLED
2026-09-11 10:59:04.185 +09:00 [SESSION=6baf1a1c3217] [SEQ=258] [PID=10280] [TID=4] [INFO] [STATION-1] event=PLC_HEARTBEAT requestDevice=D810 requestValue=0 loadRaw=0 collecting=False cycle=0 sampleCount=0 acquisitionState=DISABLED
2026-09-11 10:59:04.185 +09:00 [SESSION=6baf1a1c3217] [SEQ=259] [PID=10280] [TID=4] [INFO] [STATION-2] event=PLC_HEARTBEAT requestDevice=D810 requestValue=0 loadRaw=0 collecting=False cycle=0 sampleCount=0 acquisitionState=DISABLED
2026-09-11 10:59:14.231 +09:00 [SESSION=6baf1a1c3217] [SEQ=260] [PID=10280] [TID=4] [INFO] [STATION-2] event=PLC_HEARTBEAT requestDevice=D810 requestValue=0 loadRaw=0 collecting=False cycle=0 sampleCount=0 acquisitionState=DISABLED
2026-09-11 10:59:14.232 +09:00 [SESSION=6baf1a1c3217] [SEQ=261] [PID=10280] [TID=4] [INFO] [STATION-1] event=PLC_HEARTBEAT requestDevice=D810 requestValue=0 loadRaw=0 collecting=False cycle=0 sampleCount=0 acquisitionState=DISABLED
2026-09-11 10:59:24.271 +09:00 [SESSION=6baf1a1c3217] [SEQ=262] [PID=10280] [TID=4] [INFO] [STATION-1] event=PLC_HEARTBEAT requestDevice=D810 requestValue=0 loadRaw=0 collecting=False cycle=0 sampleCount=0 acquisitionState=DISABLED
2026-09-11 10:59:24.271 +09:00 [SESSION=6baf1a1c3217] [SEQ=263] [PID=10280] [TID=5] [INFO] [STATION-2] event=PLC_HEARTBEAT requestDevice=D810 requestValue=0 loadRaw=0 collecting=False cycle=0 sampleCount=0 acquisitionState=DISABLED
2026-09-11 10:59:30.792 +09:00 [SESSION=6baf1a1c3217] [SEQ=264] [PID=10280] [TID=4] [INFO] [STATION-2] event=PLC_START_IGNORED state=DISABLED requestDevice=D810 requestValue=1
2026-09-11 10:59:31.500 +09:00 [SESSION=6baf1a1c3217] [SEQ=265] [PID=10280] [TID=1] [WARN] [STATION-2] event=READER_START_IGNORED reason=already_started
2026-09-11 10:59:31.805 +09:00 [SESSION=6baf1a1c3217] [SEQ=266] [PID=10280] [TID=8] [INFO] [STATION-2] event=PLC_REQUEST_CHANGED signal=START_REQ device=D810 value=1 readTime=2026-09-11T10:59:31.8037892+09:00
2026-09-11 10:59:31.807 +09:00 [SESSION=6baf1a1c3217] [SEQ=267] [PID=10280] [TID=8] [INFO] [STATION-2] event=CYCLE_STARTED cycle=1 requestDevice=D810 requestValue=1 readTime=2026-09-11T10:59:31.8037892+09:00
2026-09-11 10:59:31.807 +09:00 [SESSION=6baf1a1c3217] [SEQ=268] [PID=10280] [TID=8] [INFO] [STATION-2] event=SAMPLE_ACCEPTED cycle=1 sample=1 raw=115 loadKgf=0.115000 readTime=2026-09-11T10:59:31.8037892+09:00 words=[12546,8235,11824,12593,821]
2026-09-11 10:59:31.827 +09:00 [SESSION=6baf1a1c3217] [SEQ=269] [PID=10280] [TID=1] [WARN] [STATION-2] event=LOT_AUTO_PREPARED reason=start_request_before_file_create station=#2 lot="260827-B03" fileName="SOFC_B07" operator="김영희" spec="0.4"
2026-09-11 10:59:31.827 +09:00 [SESSION=6baf1a1c3217] [SEQ=270] [PID=10280] [TID=1] [INFO] [STATION-2] event=CYCLE_UI_STARTED cycle=1 startedAt=2026-09-11T10:59:31.8037892+09:00 lot="260827-B03" fileName="SOFC_B07" operator="김영희" spec="0.4"
2026-09-11 10:59:32.301 +09:00 [SESSION=6baf1a1c3217] [SEQ=271] [PID=10280] [TID=1] [WARN] [STATION-1] event=READER_START_IGNORED reason=already_started
2026-09-11 10:59:32.303 +09:00 [SESSION=6baf1a1c3217] [SEQ=272] [PID=10280] [TID=4] [INFO] [STATION-2] event=SAMPLE_ACCEPTED cycle=1 sample=2 raw=190 loadKgf=0.190000 readTime=2026-09-11T10:59:32.3038715+09:00 words=[12546,8235,11824,14641,816]
2026-09-11 10:59:32.305 +09:00 [SESSION=6baf1a1c3217] [SEQ=273] [PID=10280] [TID=4] [INFO] [STATION-1] event=PLC_REQUEST_CHANGED signal=END_REQ device=D810 value=0 readTime=2026-09-11T10:59:32.3058713+09:00
2026-09-11 10:59:32.807 +09:00 [SESSION=6baf1a1c3217] [SEQ=274] [PID=10280] [TID=4] [INFO] [STATION-2] event=SAMPLE_ACCEPTED cycle=1 sample=3 raw=260 loadKgf=0.260000 readTime=2026-09-11T10:59:32.8070378+09:00 words=[12546,8235,11824,13874,816]
2026-09-11 10:59:33.319 +09:00 [SESSION=6baf1a1c3217] [SEQ=275] [PID=10280] [TID=4] [INFO] [STATION-2] event=SAMPLE_ACCEPTED cycle=1 sample=4 raw=305 loadKgf=0.305000 readTime=2026-09-11T10:59:33.3194728+09:00 words=[12546,8235,11824,12339,821]
2026-09-11 10:59:33.821 +09:00 [SESSION=6baf1a1c3217] [SEQ=276] [PID=10280] [TID=4] [INFO] [STATION-2] event=SAMPLE_ACCEPTED cycle=1 sample=5 raw=315 loadKgf=0.315000 readTime=2026-09-11T10:59:33.8211671+09:00 words=[12546,8235,11824,12595,821]
2026-09-11 10:59:34.317 +09:00 [SESSION=6baf1a1c3217] [SEQ=277] [PID=10280] [TID=4] [INFO] [STATION-1] event=PLC_HEARTBEAT requestDevice=D810 requestValue=0 loadRaw=0 collecting=False cycle=0 sampleCount=0 acquisitionState=WAITSTART
2026-09-11 10:59:34.321 +09:00 [SESSION=6baf1a1c3217] [SEQ=278] [PID=10280] [TID=4] [INFO] [STATION-2] event=SAMPLE_ACCEPTED cycle=1 sample=6 raw=320 loadKgf=0.320000 readTime=2026-09-11T10:59:34.3210296+09:00 words=[12546,8235,11824,12851,816]
2026-09-11 10:59:34.321 +09:00 [SESSION=6baf1a1c3217] [SEQ=279] [PID=10280] [TID=4] [INFO] [STATION-2] event=PLC_HEARTBEAT requestDevice=D810 requestValue=1 loadRaw=320 collecting=True cycle=1 sampleCount=6 acquisitionState=COLLECTING
2026-09-11 10:59:34.823 +09:00 [SESSION=6baf1a1c3217] [SEQ=280] [PID=10280] [TID=4] [INFO] [STATION-2] event=SAMPLE_ACCEPTED cycle=1 sample=7 raw=325 loadKgf=0.325000 readTime=2026-09-11T10:59:34.8238057+09:00 words=[12546,8235,11824,12851,821]
2026-09-11 10:59:35.326 +09:00 [SESSION=6baf1a1c3217] [SEQ=281] [PID=10280] [TID=4] [INFO] [STATION-2] event=SAMPLE_ACCEPTED cycle=1 sample=8 raw=325 loadKgf=0.325000 readTime=2026-09-11T10:59:35.3268434+09:00 words=[12546,8235,11824,12851,821]
2026-09-11 10:59:35.823 +09:00 [SESSION=6baf1a1c3217] [SEQ=282] [PID=10280] [TID=4] [INFO] [STATION-2] event=SAMPLE_ACCEPTED cycle=1 sample=9 raw=330 loadKgf=0.330000 readTime=2026-09-11T10:59:35.8233779+09:00 words=[12546,8235,11824,13107,816]
2026-09-11 10:59:36.326 +09:00 [SESSION=6baf1a1c3217] [SEQ=283] [PID=10280] [TID=4] [INFO] [STATION-2] event=SAMPLE_ACCEPTED cycle=1 sample=10 raw=335 loadKgf=0.335000 readTime=2026-09-11T10:59:36.3269494+09:00 words=[12546,8235,11824,13107,821]
2026-09-11 10:59:36.832 +09:00 [SESSION=6baf1a1c3217] [SEQ=284] [PID=10280] [TID=4] [INFO] [STATION-2] event=SAMPLE_ACCEPTED cycle=1 sample=11 raw=335 loadKgf=0.335000 readTime=2026-09-11T10:59:36.8322187+09:00 words=[12546,8235,11824,13107,821]
2026-09-11 10:59:37.336 +09:00 [SESSION=6baf1a1c3217] [SEQ=285] [PID=10280] [TID=14] [INFO] [STATION-2] event=SAMPLE_ACCEPTED cycle=1 sample=12 raw=340 loadKgf=0.340000 readTime=2026-09-11T10:59:37.3368229+09:00 words=[12546,8235,11824,13363,816]
2026-09-11 10:59:37.837 +09:00 [SESSION=6baf1a1c3217] [SEQ=286] [PID=10280] [TID=4] [INFO] [STATION-2] event=SAMPLE_ACCEPTED cycle=1 sample=13 raw=345 loadKgf=0.345000 readTime=2026-09-11T10:59:37.8377633+09:00 words=[12546,8235,11824,13363,821]
2026-09-11 10:59:38.339 +09:00 [SESSION=6baf1a1c3217] [SEQ=287] [PID=10280] [TID=4] [INFO] [STATION-2] event=SAMPLE_ACCEPTED cycle=1 sample=14 raw=345 loadKgf=0.345000 readTime=2026-09-11T10:59:38.3397683+09:00 words=[12546,8235,11824,13363,821]
2026-09-11 10:59:38.842 +09:00 [SESSION=6baf1a1c3217] [SEQ=288] [PID=10280] [TID=4] [INFO] [STATION-2] event=SAMPLE_ACCEPTED cycle=1 sample=15 raw=345 loadKgf=0.345000 readTime=2026-09-11T10:59:38.8421867+09:00 words=[12546,8235,11824,13363,821]
2026-09-11 10:59:39.345 +09:00 [SESSION=6baf1a1c3217] [SEQ=289] [PID=10280] [TID=4] [INFO] [STATION-2] event=SAMPLE_ACCEPTED cycle=1 sample=16 raw=350 loadKgf=0.350000 readTime=2026-09-11T10:59:39.3455514+09:00 words=[12546,8235,11824,13619,816]
2026-09-11 10:59:39.846 +09:00 [SESSION=6baf1a1c3217] [SEQ=290] [PID=10280] [TID=14] [INFO] [STATION-2] event=SAMPLE_ACCEPTED cycle=1 sample=17 raw=355 loadKgf=0.355000 readTime=2026-09-11T10:59:39.8467724+09:00 words=[12546,8235,11824,13619,821]
2026-09-11 10:59:40.350 +09:00 [SESSION=6baf1a1c3217] [SEQ=291] [PID=10280] [TID=4] [INFO] [STATION-2] event=SAMPLE_ACCEPTED cycle=1 sample=18 raw=355 loadKgf=0.355000 readTime=2026-09-11T10:59:40.3506525+09:00 words=[12546,8235,11824,13619,821]
2026-09-11 10:59:40.850 +09:00 [SESSION=6baf1a1c3217] [SEQ=292] [PID=10280] [TID=4] [INFO] [STATION-2] event=SAMPLE_ACCEPTED cycle=1 sample=19 raw=355 loadKgf=0.355000 readTime=2026-09-11T10:59:40.8504381+09:00 words=[12546,8235,11824,13619,821]
2026-09-11 10:59:41.351 +09:00 [SESSION=6baf1a1c3217] [SEQ=293] [PID=10280] [TID=4] [INFO] [STATION-2] event=SAMPLE_ACCEPTED cycle=1 sample=20 raw=360 loadKgf=0.360000 readTime=2026-09-11T10:59:41.3512873+09:00 words=[12546,8235,11824,13875,816]
2026-09-11 10:59:41.854 +09:00 [SESSION=6baf1a1c3217] [SEQ=294] [PID=10280] [TID=4] [INFO] [STATION-2] event=SAMPLE_ACCEPTED cycle=1 sample=21 raw=370 loadKgf=0.370000 readTime=2026-09-11T10:59:41.8545853+09:00 words=[12546,8235,11824,14131,816]
2026-09-11 10:59:42.356 +09:00 [SESSION=6baf1a1c3217] [SEQ=295] [PID=10280] [TID=4] [INFO] [STATION-2] event=SAMPLE_ACCEPTED cycle=1 sample=22 raw=370 loadKgf=0.370000 readTime=2026-09-11T10:59:42.3568603+09:00 words=[12546,8235,11824,14131,816]
2026-09-11 10:59:42.857 +09:00 [SESSION=6baf1a1c3217] [SEQ=296] [PID=10280] [TID=4] [INFO] [STATION-2] event=SAMPLE_ACCEPTED cycle=1 sample=23 raw=370 loadKgf=0.370000 readTime=2026-09-11T10:59:42.8577751+09:00 words=[12546,8235,11824,14131,816]
2026-09-11 10:59:43.360 +09:00 [SESSION=6baf1a1c3217] [SEQ=297] [PID=10280] [TID=4] [INFO] [STATION-2] event=SAMPLE_ACCEPTED cycle=1 sample=24 raw=375 loadKgf=0.375000 readTime=2026-09-11T10:59:43.3601178+09:00 words=[12546,8235,11824,14131,821]
2026-09-11 10:59:43.873 +09:00 [SESSION=6baf1a1c3217] [SEQ=298] [PID=10280] [TID=4] [INFO] [STATION-2] event=SAMPLE_ACCEPTED cycle=1 sample=25 raw=380 loadKgf=0.380000 readTime=2026-09-11T10:59:43.8732518+09:00 words=[12546,8235,11824,14387,816]
2026-09-11 10:59:44.373 +09:00 [SESSION=6baf1a1c3217] [SEQ=299] [PID=10280] [TID=4] [INFO] [STATION-1] event=PLC_HEARTBEAT requestDevice=D810 requestValue=0 loadRaw=0 collecting=False cycle=0 sampleCount=0 acquisitionState=WAITSTART
2026-09-11 10:59:44.375 +09:00 [SESSION=6baf1a1c3217] [SEQ=300] [PID=10280] [TID=4] [INFO] [STATION-2] event=SAMPLE_ACCEPTED cycle=1 sample=26 raw=380 loadKgf=0.380000 readTime=2026-09-11T10:59:44.3757460+09:00 words=[12546,8235,11824,14387,816]
2026-09-11 10:59:44.375 +09:00 [SESSION=6baf1a1c3217] [SEQ=301] [PID=10280] [TID=4] [INFO] [STATION-2] event=PLC_HEARTBEAT requestDevice=D810 requestValue=1 loadRaw=380 collecting=True cycle=1 sampleCount=26 acquisitionState=COLLECTING
2026-09-11 10:59:44.876 +09:00 [SESSION=6baf1a1c3217] [SEQ=302] [PID=10280] [TID=4] [INFO] [STATION-2] event=SAMPLE_ACCEPTED cycle=1 sample=27 raw=380 loadKgf=0.380000 readTime=2026-09-11T10:59:44.8767442+09:00 words=[12546,8235,11824,14387,816]
2026-09-11 10:59:45.379 +09:00 [SESSION=6baf1a1c3217] [SEQ=303] [PID=10280] [TID=4] [INFO] [STATION-2] event=SAMPLE_ACCEPTED cycle=1 sample=28 raw=385 loadKgf=0.385000 readTime=2026-09-11T10:59:45.3792513+09:00 words=[12546,8235,11824,14387,821]
2026-09-11 10:59:45.881 +09:00 [SESSION=6baf1a1c3217] [SEQ=304] [PID=10280] [TID=4] [INFO] [STATION-2] event=SAMPLE_ACCEPTED cycle=1 sample=29 raw=390 loadKgf=0.390000 readTime=2026-09-11T10:59:45.8811678+09:00 words=[12546,8235,11824,14643,816]
2026-09-11 10:59:46.380 +09:00 [SESSION=6baf1a1c3217] [SEQ=305] [PID=10280] [TID=4] [INFO] [STATION-2] event=SAMPLE_ACCEPTED cycle=1 sample=30 raw=390 loadKgf=0.390000 readTime=2026-09-11T10:59:46.3809632+09:00 words=[12546,8235,11824,14643,816]
2026-09-11 10:59:46.882 +09:00 [SESSION=6baf1a1c3217] [SEQ=306] [PID=10280] [TID=4] [INFO] [STATION-2] event=SAMPLE_ACCEPTED cycle=1 sample=31 raw=390 loadKgf=0.390000 readTime=2026-09-11T10:59:46.8821633+09:00 words=[12546,8235,11824,14643,816]
2026-09-11 10:59:47.381 +09:00 [SESSION=6baf1a1c3217] [SEQ=307] [PID=10280] [TID=4] [INFO] [STATION-2] event=SAMPLE_ACCEPTED cycle=1 sample=32 raw=395 loadKgf=0.395000 readTime=2026-09-11T10:59:47.3811879+09:00 words=[12546,8235,11824,14643,821]
2026-09-11 10:59:47.883 +09:00 [SESSION=6baf1a1c3217] [SEQ=308] [PID=10280] [TID=4] [INFO] [STATION-2] event=SAMPLE_ACCEPTED cycle=1 sample=33 raw=400 loadKgf=0.400000 readTime=2026-09-11T10:59:47.8831614+09:00 words=[12546,8235,11824,12340,816]
2026-09-11 10:59:48.386 +09:00 [SESSION=6baf1a1c3217] [SEQ=309] [PID=10280] [TID=4] [INFO] [STATION-2] event=SAMPLE_ACCEPTED cycle=1 sample=34 raw=400 loadKgf=0.400000 readTime=2026-09-11T10:59:48.3869047+09:00 words=[12546,8235,11824,12340,816]
2026-09-11 10:59:48.888 +09:00 [SESSION=6baf1a1c3217] [SEQ=310] [PID=10280] [TID=4] [INFO] [STATION-2] event=SAMPLE_ACCEPTED cycle=1 sample=35 raw=405 loadKgf=0.405000 readTime=2026-09-11T10:59:48.8885247+09:00 words=[12546,8235,11824,12340,821]
2026-09-11 10:59:49.387 +09:00 [SESSION=6baf1a1c3217] [SEQ=311] [PID=10280] [TID=4] [INFO] [STATION-2] event=SAMPLE_ACCEPTED cycle=1 sample=36 raw=410 loadKgf=0.410000 readTime=2026-09-11T10:59:49.3875352+09:00 words=[12546,8235,11824,12596,816]
2026-09-11 10:59:49.888 +09:00 [SESSION=6baf1a1c3217] [SEQ=312] [PID=10280] [TID=4] [INFO] [STATION-2] event=SAMPLE_ACCEPTED cycle=1 sample=37 raw=410 loadKgf=0.410000 readTime=2026-09-11T10:59:49.8886427+09:00 words=[12546,8235,11824,12596,816]
2026-09-11 10:59:50.391 +09:00 [SESSION=6baf1a1c3217] [SEQ=313] [PID=10280] [TID=4] [INFO] [STATION-2] event=SAMPLE_ACCEPTED cycle=1 sample=38 raw=410 loadKgf=0.410000 readTime=2026-09-11T10:59:50.3913564+09:00 words=[12546,8235,11824,12596,816]
2026-09-11 10:59:50.890 +09:00 [SESSION=6baf1a1c3217] [SEQ=314] [PID=10280] [TID=4] [INFO] [STATION-2] event=SAMPLE_ACCEPTED cycle=1 sample=39 raw=415 loadKgf=0.415000 readTime=2026-09-11T10:59:50.8902333+09:00 words=[12546,8235,11824,12596,821]
2026-09-11 10:59:51.394 +09:00 [SESSION=6baf1a1c3217] [SEQ=315] [PID=10280] [TID=4] [INFO] [STATION-2] event=SAMPLE_ACCEPTED cycle=1 sample=40 raw=420 loadKgf=0.420000 readTime=2026-09-11T10:59:51.3944449+09:00 words=[12546,8235,11824,12852,816]
2026-09-11 10:59:51.915 +09:00 [SESSION=6baf1a1c3217] [SEQ=316] [PID=10280] [TID=4] [INFO] [STATION-2] event=SAMPLE_ACCEPTED cycle=1 sample=41 raw=420 loadKgf=0.420000 readTime=2026-09-11T10:59:51.9150082+09:00 words=[12546,8235,11824,12852,816]
2026-09-11 10:59:52.414 +09:00 [SESSION=6baf1a1c3217] [SEQ=317] [PID=10280] [TID=4] [INFO] [STATION-2] event=SAMPLE_ACCEPTED cycle=1 sample=42 raw=425 loadKgf=0.425000 readTime=2026-09-11T10:59:52.4140023+09:00 words=[12546,8235,11824,12852,821]
2026-09-11 10:59:52.915 +09:00 [SESSION=6baf1a1c3217] [SEQ=318] [PID=10280] [TID=4] [INFO] [STATION-2] event=SAMPLE_ACCEPTED cycle=1 sample=43 raw=430 loadKgf=0.430000 readTime=2026-09-11T10:59:52.9155716+09:00 words=[12546,8235,11824,13108,816]
2026-09-11 10:59:53.416 +09:00 [SESSION=6baf1a1c3217] [SEQ=319] [PID=10280] [TID=4] [INFO] [STATION-2] event=SAMPLE_ACCEPTED cycle=1 sample=44 raw=430 loadKgf=0.430000 readTime=2026-09-11T10:59:53.4169442+09:00 words=[12546,8235,11824,13108,816]
2026-09-11 10:59:53.919 +09:00 [SESSION=6baf1a1c3217] [SEQ=320] [PID=10280] [TID=4] [INFO] [STATION-2] event=SAMPLE_ACCEPTED cycle=1 sample=45 raw=430 loadKgf=0.430000 readTime=2026-09-11T10:59:53.9193677+09:00 words=[12546,8235,11824,13108,816]
2026-09-11 10:59:54.418 +09:00 [SESSION=6baf1a1c3217] [SEQ=321] [PID=10280] [TID=6] [INFO] [STATION-1] event=PLC_HEARTBEAT requestDevice=D810 requestValue=0 loadRaw=0 collecting=False cycle=0 sampleCount=0 acquisitionState=WAITSTART
2026-09-11 10:59:54.420 +09:00 [SESSION=6baf1a1c3217] [SEQ=322] [PID=10280] [TID=4] [INFO] [STATION-2] event=SAMPLE_ACCEPTED cycle=1 sample=46 raw=435 loadKgf=0.435000 readTime=2026-09-11T10:59:54.4204698+09:00 words=[12546,8235,11824,13108,821]
2026-09-11 10:59:54.420 +09:00 [SESSION=6baf1a1c3217] [SEQ=323] [PID=10280] [TID=4] [INFO] [STATION-2] event=PLC_HEARTBEAT requestDevice=D810 requestValue=1 loadRaw=435 collecting=True cycle=1 sampleCount=46 acquisitionState=COLLECTING
2026-09-11 10:59:54.923 +09:00 [SESSION=6baf1a1c3217] [SEQ=324] [PID=10280] [TID=4] [INFO] [STATION-2] event=SAMPLE_ACCEPTED cycle=1 sample=47 raw=435 loadKgf=0.435000 readTime=2026-09-11T10:59:54.9238794+09:00 words=[12546,8235,11824,13108,821]
2026-09-11 10:59:55.437 +09:00 [SESSION=6baf1a1c3217] [SEQ=325] [PID=10280] [TID=4] [INFO] [STATION-2] event=SAMPLE_ACCEPTED cycle=1 sample=48 raw=445 loadKgf=0.445000 readTime=2026-09-11T10:59:55.4379615+09:00 words=[12546,8235,11824,13364,821]
2026-09-11 10:59:55.937 +09:00 [SESSION=6baf1a1c3217] [SEQ=326] [PID=10280] [TID=4] [INFO] [STATION-2] event=SAMPLE_ACCEPTED cycle=1 sample=49 raw=445 loadKgf=0.445000 readTime=2026-09-11T10:59:55.9376497+09:00 words=[12546,8235,11824,13364,821]
2026-09-11 10:59:56.441 +09:00 [SESSION=6baf1a1c3217] [SEQ=327] [PID=10280] [TID=4] [INFO] [STATION-2] event=SAMPLE_ACCEPTED cycle=1 sample=50 raw=445 loadKgf=0.445000 readTime=2026-09-11T10:59:56.4415663+09:00 words=[12546,8235,11824,13364,821]
2026-09-11 10:59:56.945 +09:00 [SESSION=6baf1a1c3217] [SEQ=328] [PID=10280] [TID=4] [INFO] [STATION-2] event=SAMPLE_ACCEPTED cycle=1 sample=51 raw=450 loadKgf=0.450000 readTime=2026-09-11T10:59:56.9455805+09:00 words=[12546,8235,11824,13620,816]
2026-09-11 10:59:57.446 +09:00 [SESSION=6baf1a1c3217] [SEQ=329] [PID=10280] [TID=14] [INFO] [STATION-2] event=SAMPLE_ACCEPTED cycle=1 sample=52 raw=450 loadKgf=0.450000 readTime=2026-09-11T10:59:57.4468667+09:00 words=[12546,8235,11824,13620,816]
2026-09-11 10:59:57.949 +09:00 [SESSION=6baf1a1c3217] [SEQ=330] [PID=10280] [TID=14] [INFO] [STATION-2] event=SAMPLE_ACCEPTED cycle=1 sample=53 raw=450 loadKgf=0.450000 readTime=2026-09-11T10:59:57.9496887+09:00 words=[12546,8235,11824,13620,816]
2026-09-11 10:59:58.449 +09:00 [SESSION=6baf1a1c3217] [SEQ=331] [PID=10280] [TID=4] [INFO] [STATION-2] event=SAMPLE_ACCEPTED cycle=1 sample=54 raw=455 loadKgf=0.455000 readTime=2026-09-11T10:59:58.4499031+09:00 words=[12546,8235,11824,13620,821]
2026-09-11 10:59:58.951 +09:00 [SESSION=6baf1a1c3217] [SEQ=332] [PID=10280] [TID=4] [INFO] [STATION-2] event=SAMPLE_ACCEPTED cycle=1 sample=55 raw=455 loadKgf=0.455000 readTime=2026-09-11T10:59:58.9514556+09:00 words=[12546,8235,11824,13620,821]
2026-09-11 10:59:59.450 +09:00 [SESSION=6baf1a1c3217] [SEQ=333] [PID=10280] [TID=4] [INFO] [STATION-2] event=SAMPLE_ACCEPTED cycle=1 sample=56 raw=460 loadKgf=0.460000 readTime=2026-09-11T10:59:59.4508103+09:00 words=[12546,8235,11824,13876,816]
2026-09-11 10:59:59.953 +09:00 [SESSION=6baf1a1c3217] [SEQ=334] [PID=10280] [TID=4] [INFO] [STATION-2] event=SAMPLE_ACCEPTED cycle=1 sample=57 raw=460 loadKgf=0.460000 readTime=2026-09-11T10:59:59.9533798+09:00 words=[12546,8235,11824,13876,816]
2026-09-11 11:00:00.456 +09:00 [SESSION=6baf1a1c3217] [SEQ=335] [PID=10280] [TID=4] [INFO] [STATION-2] event=SAMPLE_ACCEPTED cycle=1 sample=58 raw=465 loadKgf=0.465000 readTime=2026-09-11T11:00:00.4561437+09:00 words=[12546,8235,11824,13876,821]
2026-09-11 11:00:00.966 +09:00 [SESSION=6baf1a1c3217] [SEQ=336] [PID=10280] [TID=4] [INFO] [STATION-2] event=SAMPLE_ACCEPTED cycle=1 sample=59 raw=470 loadKgf=0.470000 readTime=2026-09-11T11:00:00.9668339+09:00 words=[12546,8235,11824,14132,816]
2026-09-11 11:00:01.469 +09:00 [SESSION=6baf1a1c3217] [SEQ=337] [PID=10280] [TID=4] [INFO] [STATION-2] event=SAMPLE_ACCEPTED cycle=1 sample=60 raw=470 loadKgf=0.470000 readTime=2026-09-11T11:00:01.4691730+09:00 words=[12546,8235,11824,14132,816]
2026-09-11 11:00:01.982 +09:00 [SESSION=6baf1a1c3217] [SEQ=338] [PID=10280] [TID=4] [INFO] [STATION-2] event=SAMPLE_ACCEPTED cycle=1 sample=61 raw=470 loadKgf=0.470000 readTime=2026-09-11T11:00:01.9815307+09:00 words=[12546,8235,11824,14132,816]
2026-09-11 11:00:02.487 +09:00 [SESSION=6baf1a1c3217] [SEQ=339] [PID=10280] [TID=4] [INFO] [STATION-2] event=SAMPLE_ACCEPTED cycle=1 sample=62 raw=475 loadKgf=0.475000 readTime=2026-09-11T11:00:02.4871924+09:00 words=[12546,8235,11824,14132,821]
2026-09-11 11:00:02.989 +09:00 [SESSION=6baf1a1c3217] [SEQ=340] [PID=10280] [TID=4] [INFO] [STATION-2] event=SAMPLE_ACCEPTED cycle=1 sample=63 raw=480 loadKgf=0.480000 readTime=2026-09-11T11:00:02.9894717+09:00 words=[12546,8235,11824,14388,816]
2026-09-11 11:00:03.491 +09:00 [SESSION=6baf1a1c3217] [SEQ=341] [PID=10280] [TID=4] [INFO] [STATION-2] event=SAMPLE_ACCEPTED cycle=1 sample=64 raw=480 loadKgf=0.480000 readTime=2026-09-11T11:00:03.4914399+09:00 words=[12546,8235,11824,14388,816]
2026-09-11 11:00:03.993 +09:00 [SESSION=6baf1a1c3217] [SEQ=342] [PID=10280] [TID=4] [INFO] [STATION-2] event=SAMPLE_ACCEPTED cycle=1 sample=65 raw=480 loadKgf=0.480000 readTime=2026-09-11T11:00:03.9932711+09:00 words=[12546,8235,11824,14388,816]
2026-09-11 11:00:04.492 +09:00 [SESSION=6baf1a1c3217] [SEQ=343] [PID=10280] [TID=4] [INFO] [STATION-1] event=PLC_HEARTBEAT requestDevice=D810 requestValue=0 loadRaw=0 collecting=False cycle=0 sampleCount=0 acquisitionState=WAITSTART
2026-09-11 11:00:04.498 +09:00 [SESSION=6baf1a1c3217] [SEQ=344] [PID=10280] [TID=14] [INFO] [STATION-2] event=SAMPLE_ACCEPTED cycle=1 sample=66 raw=485 loadKgf=0.485000 readTime=2026-09-11T11:00:04.4983600+09:00 words=[12546,8235,11824,14388,821]
2026-09-11 11:00:04.498 +09:00 [SESSION=6baf1a1c3217] [SEQ=345] [PID=10280] [TID=14] [INFO] [STATION-2] event=PLC_HEARTBEAT requestDevice=D810 requestValue=1 loadRaw=485 collecting=True cycle=1 sampleCount=66 acquisitionState=COLLECTING
2026-09-11 11:00:04.995 +09:00 [SESSION=6baf1a1c3217] [SEQ=346] [PID=10280] [TID=4] [INFO] [STATION-2] event=SAMPLE_ACCEPTED cycle=1 sample=67 raw=485 loadKgf=0.485000 readTime=2026-09-11T11:00:04.9959409+09:00 words=[12546,8235,11824,14388,821]
2026-09-11 11:00:05.497 +09:00 [SESSION=6baf1a1c3217] [SEQ=347] [PID=10280] [TID=4] [INFO] [STATION-2] event=SAMPLE_ACCEPTED cycle=1 sample=68 raw=485 loadKgf=0.485000 readTime=2026-09-11T11:00:05.4970919+09:00 words=[12546,8235,11824,14388,821]
2026-09-11 11:00:05.999 +09:00 [SESSION=6baf1a1c3217] [SEQ=348] [PID=10280] [TID=14] [INFO] [STATION-2] event=SAMPLE_ACCEPTED cycle=1 sample=69 raw=495 loadKgf=0.495000 readTime=2026-09-11T11:00:05.9991075+09:00 words=[12546,8235,11824,14644,821]
2026-09-11 11:00:06.500 +09:00 [SESSION=6baf1a1c3217] [SEQ=349] [PID=10280] [TID=4] [INFO] [STATION-2] event=SAMPLE_ACCEPTED cycle=1 sample=70 raw=495 loadKgf=0.495000 readTime=2026-09-11T11:00:06.5006308+09:00 words=[12546,8235,11824,14644,821]
2026-09-11 11:00:07.002 +09:00 [SESSION=6baf1a1c3217] [SEQ=350] [PID=10280] [TID=4] [INFO] [STATION-2] event=SAMPLE_ACCEPTED cycle=1 sample=71 raw=495 loadKgf=0.495000 readTime=2026-09-11T11:00:07.0021764+09:00 words=[12546,8235,11824,14644,821]
2026-09-11 11:00:07.505 +09:00 [SESSION=6baf1a1c3217] [SEQ=351] [PID=10280] [TID=4] [INFO] [STATION-2] event=SAMPLE_ACCEPTED cycle=1 sample=72 raw=495 loadKgf=0.495000 readTime=2026-09-11T11:00:07.5055563+09:00 words=[12546,8235,11824,14644,821]
2026-09-11 11:00:08.010 +09:00 [SESSION=6baf1a1c3217] [SEQ=352] [PID=10280] [TID=16] [INFO] [STATION-2] event=SAMPLE_ACCEPTED cycle=1 sample=73 raw=495 loadKgf=0.495000 readTime=2026-09-11T11:00:08.0109118+09:00 words=[12546,8235,11824,14644,821]
2026-09-11 11:00:08.509 +09:00 [SESSION=6baf1a1c3217] [SEQ=353] [PID=10280] [TID=4] [INFO] [STATION-2] event=SAMPLE_ACCEPTED cycle=1 sample=74 raw=495 loadKgf=0.495000 readTime=2026-09-11T11:00:08.5091367+09:00 words=[12546,8235,11824,14644,821]
2026-09-11 11:00:09.013 +09:00 [SESSION=6baf1a1c3217] [SEQ=354] [PID=10280] [TID=4] [INFO] [STATION-2] event=SAMPLE_ACCEPTED cycle=1 sample=75 raw=505 loadKgf=0.505000 readTime=2026-09-11T11:00:09.0134916+09:00 words=[12546,8235,11824,12341,821]
2026-09-11 11:00:09.511 +09:00 [SESSION=6baf1a1c3217] [SEQ=355] [PID=10280] [TID=4] [INFO] [STATION-2] event=PLC_REQUEST_CHANGED signal=END_REQ device=D810 value=0 readTime=2026-09-11T11:00:09.5112103+09:00
2026-09-11 11:00:09.512 +09:00 [SESSION=6baf1a1c3217] [SEQ=356] [PID=10280] [TID=4] [INFO] [STATION-2] event=CYCLE_ENDED cycle=1 requestDevice=D810 requestValue=0 sampleCount=75 durationMs=37707 readTime=2026-09-11T11:00:09.5112103+09:00
2026-09-11 11:00:09.519 +09:00 [SESSION=6baf1a1c3217] [SEQ=357] [PID=10280] [TID=1] [INFO] [STATION-2] event=INSPECTION_EVALUATION_STARTED cycle=1 readerSampleCount=75 uiSampleCount=75 lot="260827-B03" fileName="SOFC_B07" operator="김영희" spec="0.4"
2026-09-11 11:00:09.529 +09:00 [SESSION=6baf1a1c3217] [SEQ=358] [PID=10280] [TID=1] [INFO] [STATION-2] event=INSPECTION_EVALUATED cycle=1 verdict=GOOD valid=True peakKgf=0.505000 lowerSpecKgf=0.400000 upperSpecKgf=0.400000 sampleCount=75 inspectionCount=1 passCount=1 failCount=0 yieldPercent=100.00 message="검사 완료: PEAK 0.505 kgf / SPEC 0.400 / GOOD (검사 1, GOOD 1, NG 0, Yield 100.00%)"
2026-09-11 11:00:09.533 +09:00 [SESSION=6baf1a1c3217] [SEQ=359] [PID=10280] [TID=1] [INFO] [STATION-2] event=INSPECTION_BUFFERED_IN_MEMORY cycle=1 lot="260827-B03" fileName="SOFC_B07" verdict=GOOD lotInspectionCount=1 sampleCount=75
2026-09-11 11:00:09.535 +09:00 [SESSION=6baf1a1c3217] [SEQ=360] [PID=10280] [TID=1] [INFO] [STATION-2] event=ACQUISITION_STATE_CHANGED from=EVALUATING to=WAITSTART
2026-09-11 11:00:10.014 +09:00 [SESSION=6baf1a1c3217] [SEQ=361] [PID=10280] [TID=4] [INFO] [STATION-2] event=PLC_REQUEST_CHANGED signal=END_REQ device=D810 value=0 readTime=2026-09-11T11:00:10.0140582+09:00
2026-09-11 11:00:14.529 +09:00 [SESSION=6baf1a1c3217] [SEQ=362] [PID=10280] [TID=11] [INFO] [STATION-2] event=PLC_HEARTBEAT requestDevice=D810 requestValue=0 loadRaw=0 collecting=False cycle=1 sampleCount=75 acquisitionState=WAITSTART
2026-09-11 11:00:14.529 +09:00 [SESSION=6baf1a1c3217] [SEQ=363] [PID=10280] [TID=6] [INFO] [STATION-1] event=PLC_HEARTBEAT requestDevice=D810 requestValue=0 loadRaw=0 collecting=False cycle=0 sampleCount=0 acquisitionState=WAITSTART
2026-09-11 11:00:24.590 +09:00 [SESSION=6baf1a1c3217] [SEQ=364] [PID=10280] [TID=4] [INFO] [STATION-2] event=PLC_HEARTBEAT requestDevice=D810 requestValue=0 loadRaw=0 collecting=False cycle=1 sampleCount=75 acquisitionState=WAITSTART
2026-09-11 11:00:24.590 +09:00 [SESSION=6baf1a1c3217] [SEQ=365] [PID=10280] [TID=5] [INFO] [STATION-1] event=PLC_HEARTBEAT requestDevice=D810 requestValue=0 loadRaw=0 collecting=False cycle=0 sampleCount=0 acquisitionState=WAITSTART
2026-09-11 11:00:34.639 +09:00 [SESSION=6baf1a1c3217] [SEQ=366] [PID=10280] [TID=4] [INFO] [STATION-1] event=PLC_HEARTBEAT requestDevice=D810 requestValue=0 loadRaw=0 collecting=False cycle=0 sampleCount=0 acquisitionState=WAITSTART
2026-09-11 11:00:34.639 +09:00 [SESSION=6baf1a1c3217] [SEQ=367] [PID=10280] [TID=4] [INFO] [STATION-2] event=PLC_HEARTBEAT requestDevice=D810 requestValue=0 loadRaw=0 collecting=False cycle=1 sampleCount=75 acquisitionState=WAITSTART
2026-09-11 11:00:44.700 +09:00 [SESSION=6baf1a1c3217] [SEQ=368] [PID=10280] [TID=4] [INFO] [STATION-1] event=PLC_HEARTBEAT requestDevice=D810 requestValue=0 loadRaw=0 collecting=False cycle=0 sampleCount=0 acquisitionState=WAITSTART
2026-09-11 11:00:44.700 +09:00 [SESSION=6baf1a1c3217] [SEQ=369] [PID=10280] [TID=6] [INFO] [STATION-2] event=PLC_HEARTBEAT requestDevice=D810 requestValue=0 loadRaw=0 collecting=False cycle=1 sampleCount=75 acquisitionState=WAITSTART
2026-09-11 11:00:53.729 +09:00 [SESSION=6baf1a1c3217] [SEQ=370] [PID=10280] [TID=4] [INFO] [STATION-1] event=PLC_REQUEST_CHANGED signal=START_REQ device=D810 value=1 readTime=2026-09-11T11:00:53.7296632+09:00
2026-09-11 11:00:53.730 +09:00 [SESSION=6baf1a1c3217] [SEQ=371] [PID=10280] [TID=4] [INFO] [STATION-1] event=CYCLE_STARTED cycle=1 requestDevice=D810 requestValue=1 readTime=2026-09-11T11:00:53.7296632+09:00
2026-09-11 11:00:53.730 +09:00 [SESSION=6baf1a1c3217] [SEQ=372] [PID=10280] [TID=4] [INFO] [STATION-1] event=SAMPLE_ACCEPTED cycle=1 sample=1 raw=20 loadKgf=0.020000 readTime=2026-09-11T11:00:53.7296632+09:00 words=[12546,8235,11824,12848,816]
2026-09-11 11:00:53.729 +09:00 [SESSION=6baf1a1c3217] [SEQ=373] [PID=10280] [TID=5] [INFO] [STATION-2] event=PLC_REQUEST_CHANGED signal=START_REQ device=D810 value=1 readTime=2026-09-11T11:00:53.7296632+09:00
2026-09-11 11:00:53.731 +09:00 [SESSION=6baf1a1c3217] [SEQ=374] [PID=10280] [TID=5] [INFO] [STATION-2] event=CYCLE_STARTED cycle=2 requestDevice=D810 requestValue=1 readTime=2026-09-11T11:00:53.7296632+09:00
2026-09-11 11:00:53.731 +09:00 [SESSION=6baf1a1c3217] [SEQ=375] [PID=10280] [TID=5] [INFO] [STATION-2] event=SAMPLE_ACCEPTED cycle=2 sample=1 raw=5 loadKgf=0.005000 readTime=2026-09-11T11:00:53.7296632+09:00 words=[12546,8235,11824,12336,821]
2026-09-11 11:00:53.737 +09:00 [SESSION=6baf1a1c3217] [SEQ=376] [PID=10280] [TID=1] [WARN] [STATION-1] event=LOT_AUTO_PREPARED reason=start_request_before_file_create station=#1 lot="260827-A01" fileName="SOFC_A12" operator="홍길동" spec="0.41"
2026-09-11 11:00:53.737 +09:00 [SESSION=6baf1a1c3217] [SEQ=377] [PID=10280] [TID=1] [INFO] [STATION-1] event=CYCLE_UI_STARTED cycle=1 startedAt=2026-09-11T11:00:53.7296632+09:00 lot="260827-A01" fileName="SOFC_A12" operator="홍길동" spec="0.41"
2026-09-11 11:00:53.746 +09:00 [SESSION=6baf1a1c3217] [SEQ=378] [PID=10280] [TID=1] [INFO] [STATION-2] event=CYCLE_UI_STARTED cycle=2 startedAt=2026-09-11T11:00:53.7296632+09:00 lot="260827-B03" fileName="SOFC_B07" operator="김영희" spec="0.4"
2026-09-11 11:00:54.229 +09:00 [SESSION=6baf1a1c3217] [SEQ=379] [PID=10280] [TID=4] [INFO] [STATION-1] event=SAMPLE_ACCEPTED cycle=1 sample=2 raw=75 loadKgf=0.075000 readTime=2026-09-11T11:00:54.2296406+09:00 words=[12546,8235,11824,14128,821]
2026-09-11 11:00:54.231 +09:00 [SESSION=6baf1a1c3217] [SEQ=380] [PID=10280] [TID=4] [INFO] [STATION-2] event=SAMPLE_ACCEPTED cycle=2 sample=2 raw=25 loadKgf=0.025000 readTime=2026-09-11T11:00:54.2316401+09:00 words=[12546,8235,11824,12848,821]
2026-09-11 11:00:54.732 +09:00 [SESSION=6baf1a1c3217] [SEQ=381] [PID=10280] [TID=4] [INFO] [STATION-1] event=SAMPLE_ACCEPTED cycle=1 sample=3 raw=120 loadKgf=0.120000 readTime=2026-09-11T11:00:54.7320590+09:00 words=[12546,8235,11824,12849,816]
2026-09-11 11:00:54.734 +09:00 [SESSION=6baf1a1c3217] [SEQ=382] [PID=10280] [TID=4] [INFO] [STATION-1] event=PLC_HEARTBEAT requestDevice=D810 requestValue=1 loadRaw=120 collecting=True cycle=1 sampleCount=3 acquisitionState=COLLECTING
2026-09-11 11:00:54.734 +09:00 [SESSION=6baf1a1c3217] [SEQ=383] [PID=10280] [TID=6] [INFO] [STATION-2] event=SAMPLE_ACCEPTED cycle=2 sample=3 raw=85 loadKgf=0.085000 readTime=2026-09-11T11:00:54.7340594+09:00 words=[12546,8235,11824,14384,821]
2026-09-11 11:00:54.734 +09:00 [SESSION=6baf1a1c3217] [SEQ=384] [PID=10280] [TID=6] [INFO] [STATION-2] event=PLC_HEARTBEAT requestDevice=D810 requestValue=1 loadRaw=85 collecting=True cycle=2 sampleCount=3 acquisitionState=COLLECTING
2026-09-11 11:00:55.234 +09:00 [SESSION=6baf1a1c3217] [SEQ=385] [PID=10280] [TID=4] [INFO] [STATION-1] event=SAMPLE_ACCEPTED cycle=1 sample=4 raw=175 loadKgf=0.175000 readTime=2026-09-11T11:00:55.2344761+09:00 words=[12546,8235,11824,14129,821]
2026-09-11 11:00:55.234 +09:00 [SESSION=6baf1a1c3217] [SEQ=386] [PID=10280] [TID=5] [INFO] [STATION-2] event=SAMPLE_ACCEPTED cycle=2 sample=4 raw=145 loadKgf=0.145000 readTime=2026-09-11T11:00:55.2344761+09:00 words=[12546,8235,11824,13361,821]
2026-09-11 11:00:55.744 +09:00 [SESSION=6baf1a1c3217] [SEQ=387] [PID=10280] [TID=4] [INFO] [STATION-2] event=SAMPLE_ACCEPTED cycle=2 sample=5 raw=215 loadKgf=0.215000 readTime=2026-09-11T11:00:55.7444711+09:00 words=[12546,8235,11824,12594,821]
2026-09-11 11:00:55.744 +09:00 [SESSION=6baf1a1c3217] [SEQ=388] [PID=10280] [TID=5] [INFO] [STATION-1] event=SAMPLE_ACCEPTED cycle=1 sample=5 raw=235 loadKgf=0.235000 readTime=2026-09-11T11:00:55.7444711+09:00 words=[12546,8235,11824,13106,821]
2026-09-11 11:00:56.248 +09:00 [SESSION=6baf1a1c3217] [SEQ=389] [PID=10280] [TID=4] [INFO] [STATION-1] event=SAMPLE_ACCEPTED cycle=1 sample=6 raw=275 loadKgf=0.275000 readTime=2026-09-11T11:00:56.2484772+09:00 words=[12546,8235,11824,14130,821]
2026-09-11 11:00:56.248 +09:00 [SESSION=6baf1a1c3217] [SEQ=390] [PID=10280] [TID=4] [INFO] [STATION-2] event=SAMPLE_ACCEPTED cycle=2 sample=6 raw=285 loadKgf=0.285000 readTime=2026-09-11T11:00:56.2484772+09:00 words=[12546,8235,11824,14386,821]
2026-09-11 11:00:56.750 +09:00 [SESSION=6baf1a1c3217] [SEQ=391] [PID=10280] [TID=4] [INFO] [STATION-1] event=SAMPLE_ACCEPTED cycle=1 sample=7 raw=280 loadKgf=0.280000 readTime=2026-09-11T11:00:56.7500009+09:00 words=[12546,8235,11824,14386,816]
2026-09-11 11:00:56.750 +09:00 [SESSION=6baf1a1c3217] [SEQ=392] [PID=10280] [TID=4] [INFO] [STATION-2] event=SAMPLE_ACCEPTED cycle=2 sample=7 raw=315 loadKgf=0.315000 readTime=2026-09-11T11:00:56.7508017+09:00 words=[12546,8235,11824,12595,821]
2026-09-11 11:00:57.250 +09:00 [SESSION=6baf1a1c3217] [SEQ=393] [PID=10280] [TID=4] [INFO] [STATION-1] event=SAMPLE_ACCEPTED cycle=1 sample=8 raw=285 loadKgf=0.285000 readTime=2026-09-11T11:00:57.2509931+09:00 words=[12546,8235,11824,14386,821]
2026-09-11 11:00:57.255 +09:00 [SESSION=6baf1a1c3217] [SEQ=394] [PID=10280] [TID=4] [INFO] [STATION-2] event=SAMPLE_ACCEPTED cycle=2 sample=8 raw=315 loadKgf=0.315000 readTime=2026-09-11T11:00:57.2546805+09:00 words=[12546,8235,11824,12595,821]
2026-09-11 11:00:57.766 +09:00 [SESSION=6baf1a1c3217] [SEQ=395] [PID=10280] [TID=4] [INFO] [STATION-2] event=SAMPLE_ACCEPTED cycle=2 sample=9 raw=325 loadKgf=0.325000 readTime=2026-09-11T11:00:57.7667612+09:00 words=[12546,8235,11824,12851,821]
2026-09-11 11:00:57.768 +09:00 [SESSION=6baf1a1c3217] [SEQ=396] [PID=10280] [TID=4] [INFO] [STATION-1] event=SAMPLE_ACCEPTED cycle=1 sample=9 raw=285 loadKgf=0.285000 readTime=2026-09-11T11:00:57.7684479+09:00 words=[12546,8235,11824,14386,821]
2026-09-11 11:00:58.276 +09:00 [SESSION=6baf1a1c3217] [SEQ=397] [PID=10280] [TID=5] [INFO] [STATION-2] event=SAMPLE_ACCEPTED cycle=2 sample=10 raw=325 loadKgf=0.325000 readTime=2026-09-11T11:00:58.2760865+09:00 words=[12546,8235,11824,12851,821]
2026-09-11 11:00:58.276 +09:00 [SESSION=6baf1a1c3217] [SEQ=398] [PID=10280] [TID=4] [INFO] [STATION-1] event=SAMPLE_ACCEPTED cycle=1 sample=10 raw=285 loadKgf=0.285000 readTime=2026-09-11T11:00:58.2760865+09:00 words=[12546,8235,11824,14386,821]
2026-09-11 11:00:58.778 +09:00 [SESSION=6baf1a1c3217] [SEQ=399] [PID=10280] [TID=4] [INFO] [STATION-2] event=SAMPLE_ACCEPTED cycle=2 sample=11 raw=325 loadKgf=0.325000 readTime=2026-09-11T11:00:58.7782521+09:00 words=[12546,8235,11824,12851,821]
2026-09-11 11:00:58.780 +09:00 [SESSION=6baf1a1c3217] [SEQ=400] [PID=10280] [TID=4] [INFO] [STATION-1] event=SAMPLE_ACCEPTED cycle=1 sample=11 raw=290 loadKgf=0.290000 readTime=2026-09-11T11:00:58.7802504+09:00 words=[12546,8235,11824,14642,816]
2026-09-11 11:00:59.281 +09:00 [SESSION=6baf1a1c3217] [SEQ=401] [PID=10280] [TID=4] [INFO] [STATION-1] event=SAMPLE_ACCEPTED cycle=1 sample=12 raw=295 loadKgf=0.295000 readTime=2026-09-11T11:00:59.2810747+09:00 words=[12546,8235,11824,14642,821]
2026-09-11 11:00:59.281 +09:00 [SESSION=6baf1a1c3217] [SEQ=402] [PID=10280] [TID=5] [INFO] [STATION-2] event=SAMPLE_ACCEPTED cycle=2 sample=12 raw=325 loadKgf=0.325000 readTime=2026-09-11T11:00:59.2810747+09:00 words=[12546,8235,11824,12851,821]
2026-09-11 11:00:59.780 +09:00 [SESSION=6baf1a1c3217] [SEQ=403] [PID=10280] [TID=4] [INFO] [STATION-1] event=SAMPLE_ACCEPTED cycle=1 sample=13 raw=295 loadKgf=0.295000 readTime=2026-09-11T11:00:59.7807064+09:00 words=[12546,8235,11824,14642,821]
2026-09-11 11:00:59.782 +09:00 [SESSION=6baf1a1c3217] [SEQ=404] [PID=10280] [TID=4] [INFO] [STATION-2] event=SAMPLE_ACCEPTED cycle=2 sample=13 raw=330 loadKgf=0.330000 readTime=2026-09-11T11:00:59.7827021+09:00 words=[12546,8235,11824,13107,816]
2026-09-11 11:01:00.294 +09:00 [SESSION=6baf1a1c3217] [SEQ=405] [PID=10280] [TID=16] [INFO] [STATION-2] event=SAMPLE_ACCEPTED cycle=2 sample=14 raw=335 loadKgf=0.335000 readTime=2026-09-11T11:01:00.2941232+09:00 words=[12546,8235,11824,13107,821]
2026-09-11 11:01:00.294 +09:00 [SESSION=6baf1a1c3217] [SEQ=406] [PID=10280] [TID=4] [INFO] [STATION-1] event=SAMPLE_ACCEPTED cycle=1 sample=14 raw=295 loadKgf=0.295000 readTime=2026-09-11T11:01:00.2941232+09:00 words=[12546,8235,11824,14642,821]
2026-09-11 11:01:00.793 +09:00 [SESSION=6baf1a1c3217] [SEQ=407] [PID=10280] [TID=4] [INFO] [STATION-2] event=SAMPLE_ACCEPTED cycle=2 sample=15 raw=335 loadKgf=0.335000 readTime=2026-09-11T11:01:00.7934247+09:00 words=[12546,8235,11824,13107,821]
2026-09-11 11:01:00.797 +09:00 [SESSION=6baf1a1c3217] [SEQ=408] [PID=10280] [TID=4] [INFO] [STATION-1] event=SAMPLE_ACCEPTED cycle=1 sample=15 raw=295 loadKgf=0.295000 readTime=2026-09-11T11:01:00.7974220+09:00 words=[12546,8235,11824,14642,821]
2026-09-11 11:01:01.305 +09:00 [SESSION=6baf1a1c3217] [SEQ=409] [PID=10280] [TID=4] [INFO] [STATION-2] event=SAMPLE_ACCEPTED cycle=2 sample=16 raw=340 loadKgf=0.340000 readTime=2026-09-11T11:01:01.3051726+09:00 words=[12546,8235,11824,13363,816]
2026-09-11 11:01:01.306 +09:00 [SESSION=6baf1a1c3217] [SEQ=410] [PID=10280] [TID=5] [INFO] [STATION-1] event=SAMPLE_ACCEPTED cycle=1 sample=16 raw=305 loadKgf=0.305000 readTime=2026-09-11T11:01:01.3051726+09:00 words=[12546,8235,11824,12339,821]
2026-09-11 11:01:01.806 +09:00 [SESSION=6baf1a1c3217] [SEQ=411] [PID=10280] [TID=4] [INFO] [STATION-2] event=SAMPLE_ACCEPTED cycle=2 sample=17 raw=345 loadKgf=0.345000 readTime=2026-09-11T11:01:01.8069176+09:00 words=[12546,8235,11824,13363,821]
2026-09-11 11:01:01.810 +09:00 [SESSION=6baf1a1c3217] [SEQ=412] [PID=10280] [TID=4] [INFO] [STATION-1] event=SAMPLE_ACCEPTED cycle=1 sample=17 raw=305 loadKgf=0.305000 readTime=2026-09-11T11:01:01.8109376+09:00 words=[12546,8235,11824,12339,821]
2026-09-11 11:01:02.309 +09:00 [SESSION=6baf1a1c3217] [SEQ=413] [PID=10280] [TID=4] [INFO] [STATION-2] event=SAMPLE_ACCEPTED cycle=2 sample=18 raw=345 loadKgf=0.345000 readTime=2026-09-11T11:01:02.3092302+09:00 words=[12546,8235,11824,13363,821]
2026-09-11 11:01:02.309 +09:00 [SESSION=6baf1a1c3217] [SEQ=414] [PID=10280] [TID=5] [INFO] [STATION-1] event=SAMPLE_ACCEPTED cycle=1 sample=18 raw=305 loadKgf=0.305000 readTime=2026-09-11T11:01:02.3092302+09:00 words=[12546,8235,11824,12339,821]
2026-09-11 11:01:02.809 +09:00 [SESSION=6baf1a1c3217] [SEQ=415] [PID=10280] [TID=4] [INFO] [STATION-1] event=SAMPLE_ACCEPTED cycle=1 sample=19 raw=310 loadKgf=0.310000 readTime=2026-09-11T11:01:02.8094236+09:00 words=[12546,8235,11824,12595,816]
2026-09-11 11:01:02.813 +09:00 [SESSION=6baf1a1c3217] [SEQ=416] [PID=10280] [TID=4] [INFO] [STATION-2] event=SAMPLE_ACCEPTED cycle=2 sample=19 raw=350 loadKgf=0.350000 readTime=2026-09-11T11:01:02.8134312+09:00 words=[12546,8235,11824,13619,816]
2026-09-11 11:01:03.320 +09:00 [SESSION=6baf1a1c3217] [SEQ=417] [PID=10280] [TID=4] [INFO] [STATION-1] event=SAMPLE_ACCEPTED cycle=1 sample=20 raw=315 loadKgf=0.315000 readTime=2026-09-11T11:01:03.3207446+09:00 words=[12546,8235,11824,12595,821]
2026-09-11 11:01:03.324 +09:00 [SESSION=6baf1a1c3217] [SEQ=418] [PID=10280] [TID=4] [INFO] [STATION-2] event=SAMPLE_ACCEPTED cycle=2 sample=20 raw=355 loadKgf=0.355000 readTime=2026-09-11T11:01:03.3247446+09:00 words=[12546,8235,11824,13619,821]
2026-09-11 11:01:03.823 +09:00 [SESSION=6baf1a1c3217] [SEQ=419] [PID=10280] [TID=4] [INFO] [STATION-1] event=SAMPLE_ACCEPTED cycle=1 sample=21 raw=315 loadKgf=0.315000 readTime=2026-09-11T11:01:03.8233229+09:00 words=[12546,8235,11824,12595,821]
2026-09-11 11:01:03.823 +09:00 [SESSION=6baf1a1c3217] [SEQ=420] [PID=10280] [TID=5] [INFO] [STATION-2] event=SAMPLE_ACCEPTED cycle=2 sample=21 raw=355 loadKgf=0.355000 readTime=2026-09-11T11:01:03.8233229+09:00 words=[12546,8235,11824,13619,821]
2026-09-11 11:01:04.326 +09:00 [SESSION=6baf1a1c3217] [SEQ=421] [PID=10280] [TID=4] [INFO] [STATION-1] event=SAMPLE_ACCEPTED cycle=1 sample=22 raw=315 loadKgf=0.315000 readTime=2026-09-11T11:01:04.3260628+09:00 words=[12546,8235,11824,12595,821]
2026-09-11 11:01:04.326 +09:00 [SESSION=6baf1a1c3217] [SEQ=422] [PID=10280] [TID=5] [INFO] [STATION-2] event=SAMPLE_ACCEPTED cycle=2 sample=22 raw=355 loadKgf=0.355000 readTime=2026-09-11T11:01:04.3260628+09:00 words=[12546,8235,11824,13619,821]
2026-09-11 11:01:04.825 +09:00 [SESSION=6baf1a1c3217] [SEQ=423] [PID=10280] [TID=4] [INFO] [STATION-2] event=SAMPLE_ACCEPTED cycle=2 sample=23 raw=365 loadKgf=0.365000 readTime=2026-09-11T11:01:04.8258343+09:00 words=[12546,8235,11824,13875,821]
2026-09-11 11:01:04.825 +09:00 [SESSION=6baf1a1c3217] [SEQ=424] [PID=10280] [TID=4] [INFO] [STATION-2] event=PLC_HEARTBEAT requestDevice=D810 requestValue=1 loadRaw=365 collecting=True cycle=2 sampleCount=23 acquisitionState=COLLECTING
2026-09-11 11:01:04.827 +09:00 [SESSION=6baf1a1c3217] [SEQ=425] [PID=10280] [TID=4] [INFO] [STATION-1] event=SAMPLE_ACCEPTED cycle=1 sample=23 raw=320 loadKgf=0.320000 readTime=2026-09-11T11:01:04.8278364+09:00 words=[12546,8235,11824,12851,816]
2026-09-11 11:01:04.827 +09:00 [SESSION=6baf1a1c3217] [SEQ=426] [PID=10280] [TID=4] [INFO] [STATION-1] event=PLC_HEARTBEAT requestDevice=D810 requestValue=1 loadRaw=320 collecting=True cycle=1 sampleCount=23 acquisitionState=COLLECTING
2026-09-11 11:01:05.327 +09:00 [SESSION=6baf1a1c3217] [SEQ=427] [PID=10280] [TID=4] [INFO] [STATION-2] event=SAMPLE_ACCEPTED cycle=2 sample=24 raw=365 loadKgf=0.365000 readTime=2026-09-11T11:01:05.3270585+09:00 words=[12546,8235,11824,13875,821]
2026-09-11 11:01:05.329 +09:00 [SESSION=6baf1a1c3217] [SEQ=428] [PID=10280] [TID=4] [INFO] [STATION-1] event=SAMPLE_ACCEPTED cycle=1 sample=24 raw=325 loadKgf=0.325000 readTime=2026-09-11T11:01:05.3290499+09:00 words=[12546,8235,11824,12851,821]
2026-09-11 11:01:05.826 +09:00 [SESSION=6baf1a1c3217] [SEQ=429] [PID=10280] [TID=4] [INFO] [STATION-2] event=SAMPLE_ACCEPTED cycle=2 sample=25 raw=365 loadKgf=0.365000 readTime=2026-09-11T11:01:05.8267928+09:00 words=[12546,8235,11824,13875,821]
2026-09-11 11:01:05.828 +09:00 [SESSION=6baf1a1c3217] [SEQ=430] [PID=10280] [TID=4] [INFO] [STATION-1] event=SAMPLE_ACCEPTED cycle=1 sample=25 raw=325 loadKgf=0.325000 readTime=2026-09-11T11:01:05.8287871+09:00 words=[12546,8235,11824,12851,821]
2026-09-11 11:01:06.338 +09:00 [SESSION=6baf1a1c3217] [SEQ=431] [PID=10280] [TID=4] [INFO] [STATION-2] event=SAMPLE_ACCEPTED cycle=2 sample=26 raw=365 loadKgf=0.365000 readTime=2026-09-11T11:01:06.3386852+09:00 words=[12546,8235,11824,13875,821]
2026-09-11 11:01:06.338 +09:00 [SESSION=6baf1a1c3217] [SEQ=432] [PID=10280] [TID=4] [INFO] [STATION-1] event=SAMPLE_ACCEPTED cycle=1 sample=26 raw=325 loadKgf=0.325000 readTime=2026-09-11T11:01:06.3386852+09:00 words=[12546,8235,11824,12851,821]
2026-09-11 11:01:06.840 +09:00 [SESSION=6baf1a1c3217] [SEQ=433] [PID=10280] [TID=4] [INFO] [STATION-1] event=SAMPLE_ACCEPTED cycle=1 sample=27 raw=325 loadKgf=0.325000 readTime=2026-09-11T11:01:06.8400131+09:00 words=[12546,8235,11824,12851,821]
2026-09-11 11:01:06.844 +09:00 [SESSION=6baf1a1c3217] [SEQ=434] [PID=10280] [TID=10] [INFO] [STATION-2] event=SAMPLE_ACCEPTED cycle=2 sample=27 raw=375 loadKgf=0.375000 readTime=2026-09-11T11:01:06.8440093+09:00 words=[12546,8235,11824,14131,821]
2026-09-11 11:01:07.342 +09:00 [SESSION=6baf1a1c3217] [SEQ=435] [PID=10280] [TID=4] [INFO] [STATION-2] event=SAMPLE_ACCEPTED cycle=2 sample=28 raw=375 loadKgf=0.375000 readTime=2026-09-11T11:01:07.3422703+09:00 words=[12546,8235,11824,14131,821]
2026-09-11 11:01:07.344 +09:00 [SESSION=6baf1a1c3217] [SEQ=436] [PID=10280] [TID=4] [INFO] [STATION-1] event=SAMPLE_ACCEPTED cycle=1 sample=28 raw=335 loadKgf=0.335000 readTime=2026-09-11T11:01:07.3442699+09:00 words=[12546,8235,11824,13107,821]
2026-09-11 11:01:07.844 +09:00 [SESSION=6baf1a1c3217] [SEQ=437] [PID=10280] [TID=4] [INFO] [STATION-2] event=SAMPLE_ACCEPTED cycle=2 sample=29 raw=375 loadKgf=0.375000 readTime=2026-09-11T11:01:07.8445591+09:00 words=[12546,8235,11824,14131,821]
2026-09-11 11:01:07.844 +09:00 [SESSION=6baf1a1c3217] [SEQ=438] [PID=10280] [TID=5] [INFO] [STATION-1] event=SAMPLE_ACCEPTED cycle=1 sample=29 raw=335 loadKgf=0.335000 readTime=2026-09-11T11:01:07.8445591+09:00 words=[12546,8235,11824,13107,821]
2026-09-11 11:01:08.358 +09:00 [SESSION=6baf1a1c3217] [SEQ=439] [PID=10280] [TID=4] [INFO] [STATION-1] event=SAMPLE_ACCEPTED cycle=1 sample=30 raw=340 loadKgf=0.340000 readTime=2026-09-11T11:01:08.3580909+09:00 words=[12546,8235,11824,13363,816]
2026-09-11 11:01:08.358 +09:00 [SESSION=6baf1a1c3217] [SEQ=440] [PID=10280] [TID=6] [INFO] [STATION-2] event=SAMPLE_ACCEPTED cycle=2 sample=30 raw=385 loadKgf=0.385000 readTime=2026-09-11T11:01:08.3580909+09:00 words=[12546,8235,11824,14387,821]
2026-09-11 11:01:08.859 +09:00 [SESSION=6baf1a1c3217] [SEQ=441] [PID=10280] [TID=4] [INFO] [STATION-2] event=SAMPLE_ACCEPTED cycle=2 sample=31 raw=385 loadKgf=0.385000 readTime=2026-09-11T11:01:08.8599849+09:00 words=[12546,8235,11824,14387,821]
2026-09-11 11:01:08.860 +09:00 [SESSION=6baf1a1c3217] [SEQ=442] [PID=10280] [TID=4] [INFO] [STATION-1] event=SAMPLE_ACCEPTED cycle=1 sample=31 raw=340 loadKgf=0.340000 readTime=2026-09-11T11:01:08.8609869+09:00 words=[12546,8235,11824,13363,816]
2026-09-11 11:01:09.371 +09:00 [SESSION=6baf1a1c3217] [SEQ=443] [PID=10280] [TID=4] [INFO] [STATION-1] event=SAMPLE_ACCEPTED cycle=1 sample=32 raw=345 loadKgf=0.345000 readTime=2026-09-11T11:01:09.3716740+09:00 words=[12546,8235,11824,13363,821]
2026-09-11 11:01:09.373 +09:00 [SESSION=6baf1a1c3217] [SEQ=444] [PID=10280] [TID=4] [INFO] [STATION-2] event=SAMPLE_ACCEPTED cycle=2 sample=32 raw=385 loadKgf=0.385000 readTime=2026-09-11T11:01:09.3736742+09:00 words=[12546,8235,11824,14387,821]
2026-09-11 11:01:09.875 +09:00 [SESSION=6baf1a1c3217] [SEQ=445] [PID=10280] [TID=4] [INFO] [STATION-1] event=SAMPLE_ACCEPTED cycle=1 sample=33 raw=345 loadKgf=0.345000 readTime=2026-09-11T11:01:09.8758809+09:00 words=[12546,8235,11824,13363,821]
2026-09-11 11:01:09.875 +09:00 [SESSION=6baf1a1c3217] [SEQ=446] [PID=10280] [TID=5] [INFO] [STATION-2] event=SAMPLE_ACCEPTED cycle=2 sample=33 raw=385 loadKgf=0.385000 readTime=2026-09-11T11:01:09.8758809+09:00 words=[12546,8235,11824,14387,821]
2026-09-11 11:01:10.385 +09:00 [SESSION=6baf1a1c3217] [SEQ=447] [PID=10280] [TID=4] [INFO] [STATION-2] event=SAMPLE_ACCEPTED cycle=2 sample=34 raw=395 loadKgf=0.395000 readTime=2026-09-11T11:01:10.3855101+09:00 words=[12546,8235,11824,14643,821]
2026-09-11 11:01:10.390 +09:00 [SESSION=6baf1a1c3217] [SEQ=448] [PID=10280] [TID=4] [INFO] [STATION-1] event=SAMPLE_ACCEPTED cycle=1 sample=34 raw=350 loadKgf=0.350000 readTime=2026-09-11T11:01:10.3904915+09:00 words=[12546,8235,11824,13619,816]
2026-09-11 11:01:10.891 +09:00 [SESSION=6baf1a1c3217] [SEQ=449] [PID=10280] [TID=4] [INFO] [STATION-1] event=SAMPLE_ACCEPTED cycle=1 sample=35 raw=350 loadKgf=0.350000 readTime=2026-09-11T11:01:10.8913369+09:00 words=[12546,8235,11824,13619,816]
2026-09-11 11:01:10.896 +09:00 [SESSION=6baf1a1c3217] [SEQ=450] [PID=10280] [TID=12] [INFO] [STATION-2] event=SAMPLE_ACCEPTED cycle=2 sample=35 raw=395 loadKgf=0.395000 readTime=2026-09-11T11:01:10.8963883+09:00 words=[12546,8235,11824,14643,821]
2026-09-11 11:01:11.402 +09:00 [SESSION=6baf1a1c3217] [SEQ=451] [PID=10280] [TID=4] [INFO] [STATION-1] event=SAMPLE_ACCEPTED cycle=1 sample=36 raw=355 loadKgf=0.355000 readTime=2026-09-11T11:01:11.4028073+09:00 words=[12546,8235,11824,13619,821]
2026-09-11 11:01:11.402 +09:00 [SESSION=6baf1a1c3217] [SEQ=452] [PID=10280] [TID=4] [INFO] [STATION-2] event=SAMPLE_ACCEPTED cycle=2 sample=36 raw=395 loadKgf=0.395000 readTime=2026-09-11T11:01:11.4028073+09:00 words=[12546,8235,11824,14643,821]
2026-09-11 11:01:11.904 +09:00 [SESSION=6baf1a1c3217] [SEQ=453] [PID=10280] [TID=4] [INFO] [STATION-2] event=SAMPLE_ACCEPTED cycle=2 sample=37 raw=395 loadKgf=0.395000 readTime=2026-09-11T11:01:11.9045601+09:00 words=[12546,8235,11824,14643,821]
2026-09-11 11:01:11.905 +09:00 [SESSION=6baf1a1c3217] [SEQ=454] [PID=10280] [TID=4] [INFO] [STATION-1] event=SAMPLE_ACCEPTED cycle=1 sample=37 raw=355 loadKgf=0.355000 readTime=2026-09-11T11:01:11.9052491+09:00 words=[12546,8235,11824,13619,821]
2026-09-11 11:01:12.403 +09:00 [SESSION=6baf1a1c3217] [SEQ=455] [PID=10280] [TID=14] [INFO] [STATION-1] event=SAMPLE_ACCEPTED cycle=1 sample=38 raw=355 loadKgf=0.355000 readTime=2026-09-11T11:01:12.4033886+09:00 words=[12546,8235,11824,13619,821]
2026-09-11 11:01:12.405 +09:00 [SESSION=6baf1a1c3217] [SEQ=456] [PID=10280] [TID=4] [INFO] [STATION-2] event=SAMPLE_ACCEPTED cycle=2 sample=38 raw=405 loadKgf=0.405000 readTime=2026-09-11T11:01:12.4053545+09:00 words=[12546,8235,11824,12340,821]
2026-09-11 11:01:12.905 +09:00 [SESSION=6baf1a1c3217] [SEQ=457] [PID=10280] [TID=4] [INFO] [STATION-2] event=SAMPLE_ACCEPTED cycle=2 sample=39 raw=405 loadKgf=0.405000 readTime=2026-09-11T11:01:12.9055936+09:00 words=[12546,8235,11824,12340,821]
2026-09-11 11:01:12.910 +09:00 [SESSION=6baf1a1c3217] [SEQ=458] [PID=10280] [TID=4] [INFO] [STATION-1] event=SAMPLE_ACCEPTED cycle=1 sample=39 raw=360 loadKgf=0.360000 readTime=2026-09-11T11:01:12.9106106+09:00 words=[12546,8235,11824,13875,816]
2026-09-11 11:01:13.418 +09:00 [SESSION=6baf1a1c3217] [SEQ=459] [PID=10280] [TID=4] [INFO] [STATION-2] event=SAMPLE_ACCEPTED cycle=2 sample=40 raw=405 loadKgf=0.405000 readTime=2026-09-11T11:01:13.4180829+09:00 words=[12546,8235,11824,12340,821]
2026-09-11 11:01:13.420 +09:00 [SESSION=6baf1a1c3217] [SEQ=460] [PID=10280] [TID=4] [INFO] [STATION-1] event=SAMPLE_ACCEPTED cycle=1 sample=40 raw=365 loadKgf=0.365000 readTime=2026-09-11T11:01:13.4200778+09:00 words=[12546,8235,11824,13875,821]
2026-09-11 11:01:13.929 +09:00 [SESSION=6baf1a1c3217] [SEQ=461] [PID=10280] [TID=5] [INFO] [STATION-2] event=SAMPLE_ACCEPTED cycle=2 sample=41 raw=410 loadKgf=0.410000 readTime=2026-09-11T11:01:13.9294863+09:00 words=[12546,8235,11824,12596,816]
2026-09-11 11:01:13.929 +09:00 [SESSION=6baf1a1c3217] [SEQ=462] [PID=10280] [TID=6] [INFO] [STATION-1] event=SAMPLE_ACCEPTED cycle=1 sample=41 raw=370 loadKgf=0.370000 readTime=2026-09-11T11:01:13.9294863+09:00 words=[12546,8235,11824,14131,816]
2026-09-11 11:01:14.418 +09:00 [SESSION=6baf1a1c3217] [SEQ=463] [PID=10280] [TID=4] [INFO] [STATION-2] event=PLC_REQUEST_CHANGED signal=END_REQ device=D810 value=0 readTime=2026-09-11T11:01:14.4187707+09:00
2026-09-11 11:01:14.418 +09:00 [SESSION=6baf1a1c3217] [SEQ=464] [PID=10280] [TID=4] [INFO] [STATION-2] event=CYCLE_ENDED cycle=2 requestDevice=D810 requestValue=0 sampleCount=41 durationMs=20689 readTime=2026-09-11T11:01:14.4187707+09:00
2026-09-11 11:01:14.430 +09:00 [SESSION=6baf1a1c3217] [SEQ=465] [PID=10280] [TID=4] [INFO] [STATION-1] event=SAMPLE_ACCEPTED cycle=1 sample=42 raw=370 loadKgf=0.370000 readTime=2026-09-11T11:01:14.4307718+09:00 words=[12546,8235,11824,14131,816]
2026-09-11 11:01:14.434 +09:00 [SESSION=6baf1a1c3217] [SEQ=466] [PID=10280] [TID=1] [INFO] [STATION-2] event=INSPECTION_EVALUATION_STARTED cycle=2 readerSampleCount=41 uiSampleCount=41 lot="260827-B03" fileName="SOFC_B07" operator="김영희" spec="0.4"
2026-09-11 11:01:14.438 +09:00 [SESSION=6baf1a1c3217] [SEQ=467] [PID=10280] [TID=1] [INFO] [STATION-2] event=INSPECTION_EVALUATED cycle=2 verdict=GOOD valid=True peakKgf=0.410000 lowerSpecKgf=0.400000 upperSpecKgf=0.400000 sampleCount=41 inspectionCount=2 passCount=2 failCount=0 yieldPercent=100.00 message="검사 완료: PEAK 0.410 kgf / SPEC 0.400 / GOOD (검사 2, GOOD 2, NG 0, Yield 100.00%)"
2026-09-11 11:01:14.440 +09:00 [SESSION=6baf1a1c3217] [SEQ=468] [PID=10280] [TID=1] [INFO] [STATION-2] event=INSPECTION_BUFFERED_IN_MEMORY cycle=2 lot="260827-B03" fileName="SOFC_B07" verdict=GOOD lotInspectionCount=2 sampleCount=41
2026-09-11 11:01:14.442 +09:00 [SESSION=6baf1a1c3217] [SEQ=469] [PID=10280] [TID=1] [INFO] [STATION-2] event=ACQUISITION_STATE_CHANGED from=EVALUATING to=WAITSTART
2026-09-11 11:01:14.923 +09:00 [SESSION=6baf1a1c3217] [SEQ=470] [PID=10280] [TID=4] [INFO] [STATION-2] event=PLC_REQUEST_CHANGED signal=END_REQ device=D810 value=0 readTime=2026-09-11T11:01:14.9234770+09:00
2026-09-11 11:01:14.923 +09:00 [SESSION=6baf1a1c3217] [SEQ=471] [PID=10280] [TID=4] [INFO] [STATION-2] event=PLC_HEARTBEAT requestDevice=D810 requestValue=0 loadRaw=0 collecting=False cycle=2 sampleCount=41 acquisitionState=WAITSTART
2026-09-11 11:01:14.927 +09:00 [SESSION=6baf1a1c3217] [SEQ=472] [PID=10280] [TID=4] [INFO] [STATION-1] event=SAMPLE_ACCEPTED cycle=1 sample=43 raw=370 loadKgf=0.370000 readTime=2026-09-11T11:01:14.9274781+09:00 words=[12546,8235,11824,14131,816]
2026-09-11 11:01:14.927 +09:00 [SESSION=6baf1a1c3217] [SEQ=473] [PID=10280] [TID=4] [INFO] [STATION-1] event=PLC_HEARTBEAT requestDevice=D810 requestValue=1 loadRaw=370 collecting=True cycle=1 sampleCount=43 acquisitionState=COLLECTING
2026-09-11 11:01:15.429 +09:00 [SESSION=6baf1a1c3217] [SEQ=474] [PID=10280] [TID=8] [INFO] [STATION-1] event=SAMPLE_ACCEPTED cycle=1 sample=44 raw=370 loadKgf=0.370000 readTime=2026-09-11T11:01:15.4291145+09:00 words=[12546,8235,11824,14131,816]
2026-09-11 11:01:15.929 +09:00 [SESSION=6baf1a1c3217] [SEQ=475] [PID=10280] [TID=4] [INFO] [STATION-1] event=SAMPLE_ACCEPTED cycle=1 sample=45 raw=370 loadKgf=0.370000 readTime=2026-09-11T11:01:15.9291665+09:00 words=[12546,8235,11824,14131,816]
2026-09-11 11:01:16.431 +09:00 [SESSION=6baf1a1c3217] [SEQ=476] [PID=10280] [TID=14] [INFO] [STATION-1] event=SAMPLE_ACCEPTED cycle=1 sample=46 raw=370 loadKgf=0.370000 readTime=2026-09-11T11:01:16.4312142+09:00 words=[12546,8235,11824,14131,816]
2026-09-11 11:01:16.932 +09:00 [SESSION=6baf1a1c3217] [SEQ=477] [PID=10280] [TID=4] [INFO] [STATION-1] event=SAMPLE_ACCEPTED cycle=1 sample=47 raw=380 loadKgf=0.380000 readTime=2026-09-11T11:01:16.9321611+09:00 words=[12546,8235,11824,14387,816]
2026-09-11 11:01:17.434 +09:00 [SESSION=6baf1a1c3217] [SEQ=478] [PID=10280] [TID=4] [INFO] [STATION-1] event=SAMPLE_ACCEPTED cycle=1 sample=48 raw=380 loadKgf=0.380000 readTime=2026-09-11T11:01:17.4340646+09:00 words=[12546,8235,11824,14387,816]
2026-09-11 11:01:17.936 +09:00 [SESSION=6baf1a1c3217] [SEQ=479] [PID=10280] [TID=4] [INFO] [STATION-1] event=SAMPLE_ACCEPTED cycle=1 sample=49 raw=380 loadKgf=0.380000 readTime=2026-09-11T11:01:17.9363928+09:00 words=[12546,8235,11824,14387,816]
2026-09-11 11:01:18.438 +09:00 [SESSION=6baf1a1c3217] [SEQ=480] [PID=10280] [TID=4] [INFO] [STATION-1] event=SAMPLE_ACCEPTED cycle=1 sample=50 raw=385 loadKgf=0.385000 readTime=2026-09-11T11:01:18.4387288+09:00 words=[12546,8235,11824,14387,821]
2026-09-11 11:01:18.941 +09:00 [SESSION=6baf1a1c3217] [SEQ=481] [PID=10280] [TID=4] [INFO] [STATION-1] event=SAMPLE_ACCEPTED cycle=1 sample=51 raw=390 loadKgf=0.390000 readTime=2026-09-11T11:01:18.9419248+09:00 words=[12546,8235,11824,14643,816]
2026-09-11 11:01:19.440 +09:00 [SESSION=6baf1a1c3217] [SEQ=482] [PID=10280] [TID=4] [INFO] [STATION-1] event=SAMPLE_ACCEPTED cycle=1 sample=52 raw=390 loadKgf=0.390000 readTime=2026-09-11T11:01:19.4409232+09:00 words=[12546,8235,11824,14643,816]
2026-09-11 11:01:19.944 +09:00 [SESSION=6baf1a1c3217] [SEQ=483] [PID=10280] [TID=4] [INFO] [STATION-1] event=SAMPLE_ACCEPTED cycle=1 sample=53 raw=390 loadKgf=0.390000 readTime=2026-09-11T11:01:19.9443782+09:00 words=[12546,8235,11824,14643,816]
2026-09-11 11:01:20.446 +09:00 [SESSION=6baf1a1c3217] [SEQ=484] [PID=10280] [TID=4] [INFO] [STATION-1] event=SAMPLE_ACCEPTED cycle=1 sample=54 raw=390 loadKgf=0.390000 readTime=2026-09-11T11:01:20.4466396+09:00 words=[12546,8235,11824,14643,816]
2026-09-11 11:01:20.948 +09:00 [SESSION=6baf1a1c3217] [SEQ=485] [PID=10280] [TID=14] [INFO] [STATION-1] event=SAMPLE_ACCEPTED cycle=1 sample=55 raw=395 loadKgf=0.395000 readTime=2026-09-11T11:01:20.9483861+09:00 words=[12546,8235,11824,14643,821]
2026-09-11 11:01:21.447 +09:00 [SESSION=6baf1a1c3217] [SEQ=486] [PID=10280] [TID=14] [INFO] [STATION-1] event=SAMPLE_ACCEPTED cycle=1 sample=56 raw=495 loadKgf=0.495000 readTime=2026-09-11T11:01:21.4476490+09:00 words=[12546,8235,11824,14644,821]
2026-09-11 11:01:21.951 +09:00 [SESSION=6baf1a1c3217] [SEQ=487] [PID=10280] [TID=4] [INFO] [STATION-1] event=SAMPLE_ACCEPTED cycle=1 sample=57 raw=400 loadKgf=0.400000 readTime=2026-09-11T11:01:21.9519332+09:00 words=[12546,8235,11824,12340,816]
2026-09-11 11:01:22.451 +09:00 [SESSION=6baf1a1c3217] [SEQ=488] [PID=10280] [TID=4] [INFO] [STATION-1] event=SAMPLE_ACCEPTED cycle=1 sample=58 raw=400 loadKgf=0.400000 readTime=2026-09-11T11:01:22.4514709+09:00 words=[12546,8235,11824,12340,816]
2026-09-11 11:01:22.952 +09:00 [SESSION=6baf1a1c3217] [SEQ=489] [PID=10280] [TID=4] [INFO] [STATION-1] event=SAMPLE_ACCEPTED cycle=1 sample=59 raw=400 loadKgf=0.400000 readTime=2026-09-11T11:01:22.9522447+09:00 words=[12546,8235,11824,12340,816]
2026-09-11 11:01:23.454 +09:00 [SESSION=6baf1a1c3217] [SEQ=490] [PID=10280] [TID=4] [INFO] [STATION-1] event=SAMPLE_ACCEPTED cycle=1 sample=60 raw=405 loadKgf=0.405000 readTime=2026-09-11T11:01:23.4543549+09:00 words=[12546,8235,11824,12340,821]
2026-09-11 11:01:23.956 +09:00 [SESSION=6baf1a1c3217] [SEQ=491] [PID=10280] [TID=4] [INFO] [STATION-1] event=SAMPLE_ACCEPTED cycle=1 sample=61 raw=405 loadKgf=0.405000 readTime=2026-09-11T11:01:23.9568268+09:00 words=[12546,8235,11824,12340,821]
2026-09-11 11:01:24.470 +09:00 [SESSION=6baf1a1c3217] [SEQ=492] [PID=10280] [TID=4] [INFO] [STATION-1] event=SAMPLE_ACCEPTED cycle=1 sample=62 raw=405 loadKgf=0.405000 readTime=2026-09-11T11:01:24.4708758+09:00 words=[12546,8235,11824,12340,821]
2026-09-11 11:01:24.969 +09:00 [SESSION=6baf1a1c3217] [SEQ=493] [PID=10280] [TID=4] [INFO] [STATION-2] event=PLC_HEARTBEAT requestDevice=D810 requestValue=0 loadRaw=0 collecting=False cycle=2 sampleCount=41 acquisitionState=WAITSTART
2026-09-11 11:01:24.970 +09:00 [SESSION=6baf1a1c3217] [SEQ=494] [PID=10280] [TID=14] [INFO] [STATION-1] event=PLC_REQUEST_CHANGED signal=END_REQ device=D810 value=0 readTime=2026-09-11T11:01:24.9704664+09:00
2026-09-11 11:01:24.971 +09:00 [SESSION=6baf1a1c3217] [SEQ=495] [PID=10280] [TID=14] [INFO] [STATION-1] event=CYCLE_ENDED cycle=1 requestDevice=D810 requestValue=0 sampleCount=62 durationMs=31241 readTime=2026-09-11T11:01:24.9704664+09:00
2026-09-11 11:01:24.971 +09:00 [SESSION=6baf1a1c3217] [SEQ=496] [PID=10280] [TID=14] [INFO] [STATION-1] event=PLC_HEARTBEAT requestDevice=D810 requestValue=0 loadRaw=0 collecting=False cycle=1 sampleCount=62 acquisitionState=EVALUATING
2026-09-11 11:01:24.974 +09:00 [SESSION=6baf1a1c3217] [SEQ=497] [PID=10280] [TID=1] [INFO] [STATION-1] event=INSPECTION_EVALUATION_STARTED cycle=1 readerSampleCount=62 uiSampleCount=62 lot="260827-A01" fileName="SOFC_A12" operator="홍길동" spec="0.41"
2026-09-11 11:01:24.978 +09:00 [SESSION=6baf1a1c3217] [SEQ=498] [PID=10280] [TID=1] [INFO] [STATION-1] event=INSPECTION_EVALUATED cycle=1 verdict=GOOD valid=True peakKgf=0.495000 lowerSpecKgf=0.410000 upperSpecKgf=0.410000 sampleCount=62 inspectionCount=1 passCount=1 failCount=0 yieldPercent=100.00 message="검사 완료: PEAK 0.495 kgf / SPEC 0.410 / GOOD (검사 1, GOOD 1, NG 0, Yield 100.00%)"
2026-09-11 11:01:24.983 +09:00 [SESSION=6baf1a1c3217] [SEQ=499] [PID=10280] [TID=1] [INFO] [STATION-1] event=INSPECTION_BUFFERED_IN_MEMORY cycle=1 lot="260827-A01" fileName="SOFC_A12" verdict=GOOD lotInspectionCount=1 sampleCount=62
2026-09-11 11:01:24.984 +09:00 [SESSION=6baf1a1c3217] [SEQ=500] [PID=10280] [TID=1] [INFO] [STATION-1] event=ACQUISITION_STATE_CHANGED from=EVALUATING to=WAITSTART
2026-09-11 11:01:25.485 +09:00 [SESSION=6baf1a1c3217] [SEQ=501] [PID=10280] [TID=4] [INFO] [STATION-1] event=PLC_REQUEST_CHANGED signal=END_REQ device=D810 value=0 readTime=2026-09-11T11:01:25.4851157+09:00
2026-09-11 11:01:35.029 +09:00 [SESSION=6baf1a1c3217] [SEQ=502] [PID=10280] [TID=4] [INFO] [STATION-1] event=PLC_HEARTBEAT requestDevice=D810 requestValue=0 loadRaw=0 collecting=False cycle=1 sampleCount=62 acquisitionState=WAITSTART
2026-09-11 11:01:35.029 +09:00 [SESSION=6baf1a1c3217] [SEQ=503] [PID=10280] [TID=5] [INFO] [STATION-2] event=PLC_HEARTBEAT requestDevice=D810 requestValue=0 loadRaw=0 collecting=False cycle=2 sampleCount=41 acquisitionState=WAITSTART
2026-09-11 11:01:45.063 +09:00 [SESSION=6baf1a1c3217] [SEQ=504] [PID=10280] [TID=4] [INFO] [STATION-1] event=PLC_HEARTBEAT requestDevice=D810 requestValue=0 loadRaw=0 collecting=False cycle=1 sampleCount=62 acquisitionState=WAITSTART
2026-09-11 11:01:45.065 +09:00 [SESSION=6baf1a1c3217] [SEQ=505] [PID=10280] [TID=4] [INFO] [STATION-2] event=PLC_HEARTBEAT requestDevice=D810 requestValue=0 loadRaw=0 collecting=False cycle=2 sampleCount=41 acquisitionState=WAITSTART
2026-09-11 11:01:55.103 +09:00 [SESSION=6baf1a1c3217] [SEQ=506] [PID=10280] [TID=4] [INFO] [STATION-1] event=PLC_HEARTBEAT requestDevice=D810 requestValue=0 loadRaw=0 collecting=False cycle=1 sampleCount=62 acquisitionState=WAITSTART
2026-09-11 11:01:55.106 +09:00 [SESSION=6baf1a1c3217] [SEQ=507] [PID=10280] [TID=4] [INFO] [STATION-2] event=PLC_HEARTBEAT requestDevice=D810 requestValue=0 loadRaw=0 collecting=False cycle=2 sampleCount=41 acquisitionState=WAITSTART
2026-09-11 11:02:05.140 +09:00 [SESSION=6baf1a1c3217] [SEQ=508] [PID=10280] [TID=4] [INFO] [STATION-2] event=PLC_HEARTBEAT requestDevice=D810 requestValue=0 loadRaw=0 collecting=False cycle=2 sampleCount=41 acquisitionState=WAITSTART
2026-09-11 11:02:05.141 +09:00 [SESSION=6baf1a1c3217] [SEQ=509] [PID=10280] [TID=4] [INFO] [STATION-1] event=PLC_HEARTBEAT requestDevice=D810 requestValue=0 loadRaw=0 collecting=False cycle=1 sampleCount=62 acquisitionState=WAITSTART
2026-09-11 11:02:15.204 +09:00 [SESSION=6baf1a1c3217] [SEQ=510] [PID=10280] [TID=4] [INFO] [STATION-1] event=PLC_HEARTBEAT requestDevice=D810 requestValue=0 loadRaw=0 collecting=False cycle=1 sampleCount=62 acquisitionState=WAITSTART
2026-09-11 11:02:15.206 +09:00 [SESSION=6baf1a1c3217] [SEQ=511] [PID=10280] [TID=14] [INFO] [STATION-2] event=PLC_HEARTBEAT requestDevice=D810 requestValue=0 loadRaw=0 collecting=False cycle=2 sampleCount=41 acquisitionState=WAITSTART
2026-09-11 11:02:25.255 +09:00 [SESSION=6baf1a1c3217] [SEQ=512] [PID=10280] [TID=4] [INFO] [STATION-1] event=PLC_HEARTBEAT requestDevice=D810 requestValue=0 loadRaw=0 collecting=False cycle=1 sampleCount=62 acquisitionState=WAITSTART
2026-09-11 11:02:25.257 +09:00 [SESSION=6baf1a1c3217] [SEQ=513] [PID=10280] [TID=4] [INFO] [STATION-2] event=PLC_HEARTBEAT requestDevice=D810 requestValue=0 loadRaw=0 collecting=False cycle=2 sampleCount=41 acquisitionState=WAITSTART
2026-09-11 11:02:35.316 +09:00 [SESSION=6baf1a1c3217] [SEQ=514] [PID=10280] [TID=4] [INFO] [STATION-2] event=PLC_HEARTBEAT requestDevice=D810 requestValue=0 loadRaw=0 collecting=False cycle=2 sampleCount=41 acquisitionState=WAITSTART
2026-09-11 11:02:35.316 +09:00 [SESSION=6baf1a1c3217] [SEQ=515] [PID=10280] [TID=16] [INFO] [STATION-1] event=PLC_HEARTBEAT requestDevice=D810 requestValue=0 loadRaw=0 collecting=False cycle=1 sampleCount=62 acquisitionState=WAITSTART
2026-09-11 11:02:45.360 +09:00 [SESSION=6baf1a1c3217] [SEQ=516] [PID=10280] [TID=4] [INFO] [STATION-2] event=PLC_HEARTBEAT requestDevice=D810 requestValue=0 loadRaw=0 collecting=False cycle=2 sampleCount=41 acquisitionState=WAITSTART
2026-09-11 11:02:45.360 +09:00 [SESSION=6baf1a1c3217] [SEQ=517] [PID=10280] [TID=4] [INFO] [STATION-1] event=PLC_HEARTBEAT requestDevice=D810 requestValue=0 loadRaw=0 collecting=False cycle=1 sampleCount=62 acquisitionState=WAITSTART
2026-09-11 11:02:55.400 +09:00 [SESSION=6baf1a1c3217] [SEQ=518] [PID=10280] [TID=6] [INFO] [STATION-2] event=PLC_HEARTBEAT requestDevice=D810 requestValue=0 loadRaw=0 collecting=False cycle=2 sampleCount=41 acquisitionState=WAITSTART
2026-09-11 11:02:55.400 +09:00 [SESSION=6baf1a1c3217] [SEQ=519] [PID=10280] [TID=4] [INFO] [STATION-1] event=PLC_HEARTBEAT requestDevice=D810 requestValue=0 loadRaw=0 collecting=False cycle=1 sampleCount=62 acquisitionState=WAITSTART
2026-09-11 11:03:05.444 +09:00 [SESSION=6baf1a1c3217] [SEQ=520] [PID=10280] [TID=4] [INFO] [STATION-1] event=PLC_HEARTBEAT requestDevice=D810 requestValue=0 loadRaw=0 collecting=False cycle=1 sampleCount=62 acquisitionState=WAITSTART
2026-09-11 11:03:05.444 +09:00 [SESSION=6baf1a1c3217] [SEQ=521] [PID=10280] [TID=5] [INFO] [STATION-2] event=PLC_HEARTBEAT requestDevice=D810 requestValue=0 loadRaw=0 collecting=False cycle=2 sampleCount=41 acquisitionState=WAITSTART
2026-09-11 11:03:15.476 +09:00 [SESSION=6baf1a1c3217] [SEQ=522] [PID=10280] [TID=4] [INFO] [STATION-1] event=PLC_HEARTBEAT requestDevice=D810 requestValue=0 loadRaw=0 collecting=False cycle=1 sampleCount=62 acquisitionState=WAITSTART
2026-09-11 11:03:15.476 +09:00 [SESSION=6baf1a1c3217] [SEQ=523] [PID=10280] [TID=4] [INFO] [STATION-2] event=PLC_HEARTBEAT requestDevice=D810 requestValue=0 loadRaw=0 collecting=False cycle=2 sampleCount=41 acquisitionState=WAITSTART
2026-09-11 11:03:25.562 +09:00 [SESSION=6baf1a1c3217] [SEQ=524] [PID=10280] [TID=4] [INFO] [STATION-2] event=PLC_HEARTBEAT requestDevice=D810 requestValue=0 loadRaw=0 collecting=False cycle=2 sampleCount=41 acquisitionState=WAITSTART
2026-09-11 11:03:25.563 +09:00 [SESSION=6baf1a1c3217] [SEQ=525] [PID=10280] [TID=4] [INFO] [STATION-1] event=PLC_HEARTBEAT requestDevice=D810 requestValue=0 loadRaw=0 collecting=False cycle=1 sampleCount=62 acquisitionState=WAITSTART
2026-09-11 11:03:29.093 +09:00 [SESSION=6baf1a1c3217] [SEQ=526] [PID=10280] [TID=4] [INFO] [STATION-2] event=PLC_REQUEST_CHANGED signal=START_REQ device=D810 value=1 readTime=2026-09-11T11:03:29.0932973+09:00
2026-09-11 11:03:29.093 +09:00 [SESSION=6baf1a1c3217] [SEQ=527] [PID=10280] [TID=4] [INFO] [STATION-2] event=CYCLE_STARTED cycle=3 requestDevice=D810 requestValue=1 readTime=2026-09-11T11:03:29.0932973+09:00
2026-09-11 11:03:29.093 +09:00 [SESSION=6baf1a1c3217] [SEQ=528] [PID=10280] [TID=4] [INFO] [STATION-2] event=SAMPLE_ACCEPTED cycle=3 sample=1 raw=-5 loadKgf=-0.005000 readTime=2026-09-11T11:03:29.0932973+09:00 words=[12546,8237,11824,12336,821]
2026-09-11 11:03:29.095 +09:00 [SESSION=6baf1a1c3217] [SEQ=529] [PID=10280] [TID=4] [INFO] [STATION-1] event=PLC_REQUEST_CHANGED signal=START_REQ device=D810 value=1 readTime=2026-09-11T11:03:29.0952811+09:00
2026-09-11 11:03:29.095 +09:00 [SESSION=6baf1a1c3217] [SEQ=530] [PID=10280] [TID=4] [INFO] [STATION-1] event=CYCLE_STARTED cycle=2 requestDevice=D810 requestValue=1 readTime=2026-09-11T11:03:29.0952811+09:00
2026-09-11 11:03:29.095 +09:00 [SESSION=6baf1a1c3217] [SEQ=531] [PID=10280] [TID=4] [INFO] [STATION-1] event=SAMPLE_ACCEPTED cycle=2 sample=1 raw=0 loadKgf=0.000000 readTime=2026-09-11T11:03:29.0952811+09:00 words=[12546,8235,11824,12336,816]
2026-09-11 11:03:29.097 +09:00 [SESSION=6baf1a1c3217] [SEQ=532] [PID=10280] [TID=1] [INFO] [STATION-2] event=CYCLE_UI_STARTED cycle=3 startedAt=2026-09-11T11:03:29.0932973+09:00 lot="260827-B03" fileName="SOFC_B07" operator="김영희" spec="0.4"
2026-09-11 11:03:29.101 +09:00 [SESSION=6baf1a1c3217] [SEQ=533] [PID=10280] [TID=1] [INFO] [STATION-1] event=CYCLE_UI_STARTED cycle=2 startedAt=2026-09-11T11:03:29.0952811+09:00 lot="260827-A01" fileName="SOFC_A12" operator="홍길동" spec="0.41"
2026-09-11 11:03:29.601 +09:00 [SESSION=6baf1a1c3217] [SEQ=534] [PID=10280] [TID=4] [INFO] [STATION-1] event=SAMPLE_ACCEPTED cycle=2 sample=2 raw=40 loadKgf=0.040000 readTime=2026-09-11T11:03:29.6018703+09:00 words=[12546,8235,11824,13360,816]
2026-09-11 11:03:29.601 +09:00 [SESSION=6baf1a1c3217] [SEQ=535] [PID=10280] [TID=5] [INFO] [STATION-2] event=SAMPLE_ACCEPTED cycle=3 sample=2 raw=25 loadKgf=0.025000 readTime=2026-09-11T11:03:29.6018703+09:00 words=[12546,8235,11824,12848,821]
2026-09-11 11:03:30.103 +09:00 [SESSION=6baf1a1c3217] [SEQ=536] [PID=10280] [TID=4] [INFO] [STATION-2] event=SAMPLE_ACCEPTED cycle=3 sample=3 raw=85 loadKgf=0.085000 readTime=2026-09-11T11:03:30.1032593+09:00 words=[12546,8235,11824,14384,821]
2026-09-11 11:03:30.103 +09:00 [SESSION=6baf1a1c3217] [SEQ=537] [PID=10280] [TID=5] [INFO] [STATION-1] event=SAMPLE_ACCEPTED cycle=2 sample=3 raw=90 loadKgf=0.090000 readTime=2026-09-11T11:03:30.1032593+09:00 words=[12546,8235,11824,14640,816]
2026-09-11 11:03:30.604 +09:00 [SESSION=6baf1a1c3217] [SEQ=538] [PID=10280] [TID=4] [INFO] [STATION-1] event=SAMPLE_ACCEPTED cycle=2 sample=4 raw=135 loadKgf=0.135000 readTime=2026-09-11T11:03:30.6045287+09:00 words=[12546,8235,11824,13105,821]
2026-09-11 11:03:30.604 +09:00 [SESSION=6baf1a1c3217] [SEQ=539] [PID=10280] [TID=4] [INFO] [STATION-2] event=SAMPLE_ACCEPTED cycle=3 sample=4 raw=140 loadKgf=0.140000 readTime=2026-09-11T11:03:30.6045287+09:00 words=[12546,8235,11824,13361,816]
2026-09-11 11:03:31.104 +09:00 [SESSION=6baf1a1c3217] [SEQ=540] [PID=10280] [TID=4] [INFO] [STATION-2] event=SAMPLE_ACCEPTED cycle=3 sample=5 raw=210 loadKgf=0.210000 readTime=2026-09-11T11:03:31.1049865+09:00 words=[12546,8235,11824,12594,816]
2026-09-11 11:03:31.105 +09:00 [SESSION=6baf1a1c3217] [SEQ=541] [PID=10280] [TID=4] [INFO] [STATION-1] event=SAMPLE_ACCEPTED cycle=2 sample=5 raw=190 loadKgf=0.190000 readTime=2026-09-11T11:03:31.1058688+09:00 words=[12546,8235,11824,14641,816]
2026-09-11 11:03:31.605 +09:00 [SESSION=6baf1a1c3217] [SEQ=542] [PID=10280] [TID=4] [INFO] [STATION-2] event=SAMPLE_ACCEPTED cycle=3 sample=6 raw=280 loadKgf=0.280000 readTime=2026-09-11T11:03:31.6056667+09:00 words=[12546,8235,11824,14386,816]
2026-09-11 11:03:31.611 +09:00 [SESSION=6baf1a1c3217] [SEQ=543] [PID=10280] [TID=4] [INFO] [STATION-1] event=SAMPLE_ACCEPTED cycle=2 sample=6 raw=245 loadKgf=0.245000 readTime=2026-09-11T11:03:31.6116632+09:00 words=[12546,8235,11824,13362,821]
2026-09-11 11:03:32.115 +09:00 [SESSION=6baf1a1c3217] [SEQ=544] [PID=10280] [TID=4] [INFO] [STATION-2] event=SAMPLE_ACCEPTED cycle=3 sample=7 raw=315 loadKgf=0.315000 readTime=2026-09-11T11:03:32.1156873+09:00 words=[12546,8235,11824,12595,821]
2026-09-11 11:03:32.117 +09:00 [SESSION=6baf1a1c3217] [SEQ=545] [PID=10280] [TID=4] [INFO] [STATION-1] event=SAMPLE_ACCEPTED cycle=2 sample=7 raw=255 loadKgf=0.255000 readTime=2026-09-11T11:03:32.1176863+09:00 words=[12546,8235,11824,13618,821]
2026-09-11 11:03:32.617 +09:00 [SESSION=6baf1a1c3217] [SEQ=546] [PID=10280] [TID=4] [INFO] [STATION-1] event=SAMPLE_ACCEPTED cycle=2 sample=8 raw=255 loadKgf=0.255000 readTime=2026-09-11T11:03:32.6179538+09:00 words=[12546,8235,11824,13618,821]
2026-09-11 11:03:32.631 +09:00 [SESSION=6baf1a1c3217] [SEQ=547] [PID=10280] [TID=17] [INFO] [STATION-2] event=SAMPLE_ACCEPTED cycle=3 sample=8 raw=315 loadKgf=0.315000 readTime=2026-09-11T11:03:32.6319541+09:00 words=[12546,8235,11824,12595,821]
2026-09-11 11:03:33.129 +09:00 [SESSION=6baf1a1c3217] [SEQ=548] [PID=10280] [TID=4] [INFO] [STATION-1] event=SAMPLE_ACCEPTED cycle=2 sample=9 raw=255 loadKgf=0.255000 readTime=2026-09-11T11:03:33.1290586+09:00 words=[12546,8235,11824,13618,821]
2026-09-11 11:03:33.131 +09:00 [SESSION=6baf1a1c3217] [SEQ=549] [PID=10280] [TID=4] [INFO] [STATION-2] event=SAMPLE_ACCEPTED cycle=3 sample=9 raw=315 loadKgf=0.315000 readTime=2026-09-11T11:03:33.1310537+09:00 words=[12546,8235,11824,12595,821]
2026-09-11 11:03:33.630 +09:00 [SESSION=6baf1a1c3217] [SEQ=550] [PID=10280] [TID=4] [INFO] [STATION-1] event=SAMPLE_ACCEPTED cycle=2 sample=10 raw=265 loadKgf=0.265000 readTime=2026-09-11T11:03:33.6305117+09:00 words=[12546,8235,11824,13874,821]
2026-09-11 11:03:33.635 +09:00 [SESSION=6baf1a1c3217] [SEQ=551] [PID=10280] [TID=4] [INFO] [STATION-2] event=SAMPLE_ACCEPTED cycle=3 sample=10 raw=325 loadKgf=0.325000 readTime=2026-09-11T11:03:33.6354988+09:00 words=[12546,8235,11824,12851,821]
2026-09-11 11:03:34.133 +09:00 [SESSION=6baf1a1c3217] [SEQ=552] [PID=10280] [TID=4] [INFO] [STATION-2] event=SAMPLE_ACCEPTED cycle=3 sample=11 raw=325 loadKgf=0.325000 readTime=2026-09-11T11:03:34.1332571+09:00 words=[12546,8235,11824,12851,821]
2026-09-11 11:03:34.133 +09:00 [SESSION=6baf1a1c3217] [SEQ=553] [PID=10280] [TID=5] [INFO] [STATION-1] event=SAMPLE_ACCEPTED cycle=2 sample=11 raw=265 loadKgf=0.265000 readTime=2026-09-11T11:03:34.1332571+09:00 words=[12546,8235,11824,13874,821]
2026-09-11 11:03:34.634 +09:00 [SESSION=6baf1a1c3217] [SEQ=554] [PID=10280] [TID=4] [INFO] [STATION-2] event=SAMPLE_ACCEPTED cycle=3 sample=12 raw=325 loadKgf=0.325000 readTime=2026-09-11T11:03:34.6342812+09:00 words=[12546,8235,11824,12851,821]
2026-09-11 11:03:34.635 +09:00 [SESSION=6baf1a1c3217] [SEQ=555] [PID=10280] [TID=4] [INFO] [STATION-1] event=SAMPLE_ACCEPTED cycle=2 sample=12 raw=270 loadKgf=0.270000 readTime=2026-09-11T11:03:34.6352783+09:00 words=[12546,8235,11824,14130,816]
2026-09-11 11:03:35.134 +09:00 [SESSION=6baf1a1c3217] [SEQ=556] [PID=10280] [TID=4] [INFO] [STATION-2] event=SAMPLE_ACCEPTED cycle=3 sample=13 raw=325 loadKgf=0.325000 readTime=2026-09-11T11:03:35.1345672+09:00 words=[12546,8235,11824,12851,821]
2026-09-11 11:03:35.138 +09:00 [SESSION=6baf1a1c3217] [SEQ=557] [PID=10280] [TID=4] [INFO] [STATION-1] event=SAMPLE_ACCEPTED cycle=2 sample=13 raw=270 loadKgf=0.270000 readTime=2026-09-11T11:03:35.1385678+09:00 words=[12546,8235,11824,14130,816]
2026-09-11 11:03:35.637 +09:00 [SESSION=6baf1a1c3217] [SEQ=558] [PID=10280] [TID=4] [INFO] [STATION-2] event=SAMPLE_ACCEPTED cycle=3 sample=14 raw=335 loadKgf=0.335000 readTime=2026-09-11T11:03:35.6375070+09:00 words=[12546,8235,11824,13107,821]
2026-09-11 11:03:35.637 +09:00 [SESSION=6baf1a1c3217] [SEQ=559] [PID=10280] [TID=4] [INFO] [STATION-2] event=PLC_HEARTBEAT requestDevice=D810 requestValue=1 loadRaw=335 collecting=True cycle=3 sampleCount=14 acquisitionState=COLLECTING
2026-09-11 11:03:35.638 +09:00 [SESSION=6baf1a1c3217] [SEQ=560] [PID=10280] [TID=4] [INFO] [STATION-1] event=SAMPLE_ACCEPTED cycle=2 sample=14 raw=280 loadKgf=0.280000 readTime=2026-09-11T11:03:35.6385088+09:00 words=[12546,8235,11824,14386,816]
2026-09-11 11:03:35.638 +09:00 [SESSION=6baf1a1c3217] [SEQ=561] [PID=10280] [TID=4] [INFO] [STATION-1] event=PLC_HEARTBEAT requestDevice=D810 requestValue=1 loadRaw=280 collecting=True cycle=2 sampleCount=14 acquisitionState=COLLECTING
2026-09-11 11:03:36.138 +09:00 [SESSION=6baf1a1c3217] [SEQ=562] [PID=10280] [TID=4] [INFO] [STATION-2] event=SAMPLE_ACCEPTED cycle=3 sample=15 raw=335 loadKgf=0.335000 readTime=2026-09-11T11:03:36.1365388+09:00 words=[12546,8235,11824,13107,821]
2026-09-11 11:03:36.138 +09:00 [SESSION=6baf1a1c3217] [SEQ=563] [PID=10280] [TID=5] [INFO] [STATION-1] event=SAMPLE_ACCEPTED cycle=2 sample=15 raw=280 loadKgf=0.280000 readTime=2026-09-11T11:03:36.1385387+09:00 words=[12546,8235,11824,14386,816]
2026-09-11 11:03:36.636 +09:00 [SESSION=6baf1a1c3217] [SEQ=564] [PID=10280] [TID=4] [INFO] [STATION-2] event=SAMPLE_ACCEPTED cycle=3 sample=16 raw=335 loadKgf=0.335000 readTime=2026-09-11T11:03:36.6366741+09:00 words=[12546,8235,11824,13107,821]
2026-09-11 11:03:36.636 +09:00 [SESSION=6baf1a1c3217] [SEQ=565] [PID=10280] [TID=5] [INFO] [STATION-1] event=SAMPLE_ACCEPTED cycle=2 sample=16 raw=280 loadKgf=0.280000 readTime=2026-09-11T11:03:36.6366741+09:00 words=[12546,8235,11824,14386,816]
2026-09-11 11:03:37.137 +09:00 [SESSION=6baf1a1c3217] [SEQ=566] [PID=10280] [TID=4] [INFO] [STATION-1] event=SAMPLE_ACCEPTED cycle=2 sample=17 raw=280 loadKgf=0.280000 readTime=2026-09-11T11:03:37.1376237+09:00 words=[12546,8235,11824,14386,816]
2026-09-11 11:03:37.141 +09:00 [SESSION=6baf1a1c3217] [SEQ=567] [PID=10280] [TID=4] [INFO] [STATION-2] event=SAMPLE_ACCEPTED cycle=3 sample=17 raw=335 loadKgf=0.335000 readTime=2026-09-11T11:03:37.1416191+09:00 words=[12546,8235,11824,13107,821]
2026-09-11 11:03:37.639 +09:00 [SESSION=6baf1a1c3217] [SEQ=568] [PID=10280] [TID=4] [INFO] [STATION-1] event=SAMPLE_ACCEPTED cycle=2 sample=18 raw=285 loadKgf=0.285000 readTime=2026-09-11T11:03:37.6395219+09:00 words=[12546,8235,11824,14386,821]
2026-09-11 11:03:37.640 +09:00 [SESSION=6baf1a1c3217] [SEQ=569] [PID=10280] [TID=10] [INFO] [STATION-2] event=SAMPLE_ACCEPTED cycle=3 sample=18 raw=340 loadKgf=0.340000 readTime=2026-09-11T11:03:37.6406242+09:00 words=[12546,8235,11824,13363,816]
2026-09-11 11:03:38.141 +09:00 [SESSION=6baf1a1c3217] [SEQ=570] [PID=10280] [TID=4] [INFO] [STATION-1] event=SAMPLE_ACCEPTED cycle=2 sample=19 raw=290 loadKgf=0.290000 readTime=2026-09-11T11:03:38.1416280+09:00 words=[12546,8235,11824,14642,816]
2026-09-11 11:03:38.142 +09:00 [SESSION=6baf1a1c3217] [SEQ=571] [PID=10280] [TID=4] [INFO] [STATION-2] event=SAMPLE_ACCEPTED cycle=3 sample=19 raw=345 loadKgf=0.345000 readTime=2026-09-11T11:03:38.1426290+09:00 words=[12546,8235,11824,13363,821]
2026-09-11 11:03:38.656 +09:00 [SESSION=6baf1a1c3217] [SEQ=572] [PID=10280] [TID=4] [INFO] [STATION-2] event=SAMPLE_ACCEPTED cycle=3 sample=20 raw=345 loadKgf=0.345000 readTime=2026-09-11T11:03:38.6569119+09:00 words=[12546,8235,11824,13363,821]
2026-09-11 11:03:38.658 +09:00 [SESSION=6baf1a1c3217] [SEQ=573] [PID=10280] [TID=4] [INFO] [STATION-1] event=SAMPLE_ACCEPTED cycle=2 sample=20 raw=290 loadKgf=0.290000 readTime=2026-09-11T11:03:38.6589078+09:00 words=[12546,8235,11824,14642,816]
2026-09-11 11:03:39.170 +09:00 [SESSION=6baf1a1c3217] [SEQ=574] [PID=10280] [TID=4] [INFO] [STATION-1] event=SAMPLE_ACCEPTED cycle=2 sample=21 raw=290 loadKgf=0.290000 readTime=2026-09-11T11:03:39.1701915+09:00 words=[12546,8235,11824,14642,816]
2026-09-11 11:03:39.172 +09:00 [SESSION=6baf1a1c3217] [SEQ=575] [PID=10280] [TID=4] [INFO] [STATION-2] event=SAMPLE_ACCEPTED cycle=3 sample=21 raw=350 loadKgf=0.350000 readTime=2026-09-11T11:03:39.1720327+09:00 words=[12546,8235,11824,13619,816]
2026-09-11 11:03:39.672 +09:00 [SESSION=6baf1a1c3217] [SEQ=576] [PID=10280] [TID=6] [INFO] [STATION-1] event=SAMPLE_ACCEPTED cycle=2 sample=22 raw=290 loadKgf=0.290000 readTime=2026-09-11T11:03:39.6721046+09:00 words=[12546,8235,11824,14642,816]
2026-09-11 11:03:39.672 +09:00 [SESSION=6baf1a1c3217] [SEQ=577] [PID=10280] [TID=4] [INFO] [STATION-2] event=SAMPLE_ACCEPTED cycle=3 sample=22 raw=360 loadKgf=0.360000 readTime=2026-09-11T11:03:39.6721046+09:00 words=[12546,8235,11824,13875,816]
2026-09-11 11:03:40.183 +09:00 [SESSION=6baf1a1c3217] [SEQ=578] [PID=10280] [TID=4] [INFO] [STATION-2] event=SAMPLE_ACCEPTED cycle=3 sample=23 raw=360 loadKgf=0.360000 readTime=2026-09-11T11:03:40.1839754+09:00 words=[12546,8235,11824,13875,816]
2026-09-11 11:03:40.184 +09:00 [SESSION=6baf1a1c3217] [SEQ=579] [PID=10280] [TID=5] [INFO] [STATION-1] event=SAMPLE_ACCEPTED cycle=2 sample=23 raw=295 loadKgf=0.295000 readTime=2026-09-11T11:03:40.1849727+09:00 words=[12546,8235,11824,14642,821]
2026-09-11 11:03:40.683 +09:00 [SESSION=6baf1a1c3217] [SEQ=580] [PID=10280] [TID=4] [INFO] [STATION-2] event=SAMPLE_ACCEPTED cycle=3 sample=24 raw=360 loadKgf=0.360000 readTime=2026-09-11T11:03:40.6833226+09:00 words=[12546,8235,11824,13875,816]
2026-09-11 11:03:40.684 +09:00 [SESSION=6baf1a1c3217] [SEQ=581] [PID=10280] [TID=17] [INFO] [STATION-1] event=SAMPLE_ACCEPTED cycle=2 sample=24 raw=300 loadKgf=0.300000 readTime=2026-09-11T11:03:40.6841346+09:00 words=[12546,8235,11824,12339,816]
2026-09-11 11:03:41.184 +09:00 [SESSION=6baf1a1c3217] [SEQ=582] [PID=10280] [TID=4] [INFO] [STATION-2] event=SAMPLE_ACCEPTED cycle=3 sample=25 raw=365 loadKgf=0.365000 readTime=2026-09-11T11:03:41.1846702+09:00 words=[12546,8235,11824,13875,821]
2026-09-11 11:03:41.185 +09:00 [SESSION=6baf1a1c3217] [SEQ=583] [PID=10280] [TID=17] [INFO] [STATION-1] event=SAMPLE_ACCEPTED cycle=2 sample=25 raw=300 loadKgf=0.300000 readTime=2026-09-11T11:03:41.1856649+09:00 words=[12546,8235,11824,12339,816]
2026-09-11 11:03:41.686 +09:00 [SESSION=6baf1a1c3217] [SEQ=584] [PID=10280] [TID=4] [INFO] [STATION-2] event=SAMPLE_ACCEPTED cycle=3 sample=26 raw=370 loadKgf=0.370000 readTime=2026-09-11T11:03:41.6868799+09:00 words=[12546,8235,11824,14131,816]
2026-09-11 11:03:41.686 +09:00 [SESSION=6baf1a1c3217] [SEQ=585] [PID=10280] [TID=5] [INFO] [STATION-1] event=SAMPLE_ACCEPTED cycle=2 sample=26 raw=300 loadKgf=0.300000 readTime=2026-09-11T11:03:41.6868799+09:00 words=[12546,8235,11824,12339,816]
2026-09-11 11:03:42.193 +09:00 [SESSION=6baf1a1c3217] [SEQ=586] [PID=10280] [TID=4] [INFO] [STATION-2] event=SAMPLE_ACCEPTED cycle=3 sample=27 raw=370 loadKgf=0.370000 readTime=2026-09-11T11:03:42.1938857+09:00 words=[12546,8235,11824,14131,816]
2026-09-11 11:03:42.195 +09:00 [SESSION=6baf1a1c3217] [SEQ=587] [PID=10280] [TID=4] [INFO] [STATION-1] event=SAMPLE_ACCEPTED cycle=2 sample=27 raw=305 loadKgf=0.305000 readTime=2026-09-11T11:03:42.1958800+09:00 words=[12546,8235,11824,12339,821]
2026-09-11 11:03:42.698 +09:00 [SESSION=6baf1a1c3217] [SEQ=588] [PID=10280] [TID=4] [INFO] [STATION-2] event=SAMPLE_ACCEPTED cycle=3 sample=28 raw=370 loadKgf=0.370000 readTime=2026-09-11T11:03:42.6986879+09:00 words=[12546,8235,11824,14131,816]
2026-09-11 11:03:42.698 +09:00 [SESSION=6baf1a1c3217] [SEQ=589] [PID=10280] [TID=5] [INFO] [STATION-1] event=SAMPLE_ACCEPTED cycle=2 sample=28 raw=310 loadKgf=0.310000 readTime=2026-09-11T11:03:42.6986879+09:00 words=[12546,8235,11824,12595,816]
2026-09-11 11:03:43.198 +09:00 [SESSION=6baf1a1c3217] [SEQ=590] [PID=10280] [TID=4] [INFO] [STATION-1] event=SAMPLE_ACCEPTED cycle=2 sample=29 raw=310 loadKgf=0.310000 readTime=2026-09-11T11:03:43.1982212+09:00 words=[12546,8235,11824,12595,816]
2026-09-11 11:03:43.202 +09:00 [SESSION=6baf1a1c3217] [SEQ=591] [PID=10280] [TID=4] [INFO] [STATION-2] event=SAMPLE_ACCEPTED cycle=3 sample=29 raw=375 loadKgf=0.375000 readTime=2026-09-11T11:03:43.2022170+09:00 words=[12546,8235,11824,14131,821]
2026-09-11 11:03:43.699 +09:00 [SESSION=6baf1a1c3217] [SEQ=592] [PID=10280] [TID=4] [INFO] [STATION-1] event=SAMPLE_ACCEPTED cycle=2 sample=30 raw=310 loadKgf=0.310000 readTime=2026-09-11T11:03:43.6995122+09:00 words=[12546,8235,11824,12595,816]
2026-09-11 11:03:43.701 +09:00 [SESSION=6baf1a1c3217] [SEQ=593] [PID=10280] [TID=4] [INFO] [STATION-2] event=SAMPLE_ACCEPTED cycle=3 sample=30 raw=380 loadKgf=0.380000 readTime=2026-09-11T11:03:43.7015069+09:00 words=[12546,8235,11824,14387,816]
2026-09-11 11:03:44.202 +09:00 [SESSION=6baf1a1c3217] [SEQ=594] [PID=10280] [TID=4] [INFO] [STATION-2] event=SAMPLE_ACCEPTED cycle=3 sample=31 raw=380 loadKgf=0.380000 readTime=2026-09-11T11:03:44.2029541+09:00 words=[12546,8235,11824,14387,816]
2026-09-11 11:03:44.206 +09:00 [SESSION=6baf1a1c3217] [SEQ=595] [PID=10280] [TID=4] [INFO] [STATION-1] event=SAMPLE_ACCEPTED cycle=2 sample=31 raw=310 loadKgf=0.310000 readTime=2026-09-11T11:03:44.2069552+09:00 words=[12546,8235,11824,12595,816]
2026-09-11 11:03:44.714 +09:00 [SESSION=6baf1a1c3217] [SEQ=596] [PID=10280] [TID=4] [INFO] [STATION-2] event=SAMPLE_ACCEPTED cycle=3 sample=32 raw=380 loadKgf=0.380000 readTime=2026-09-11T11:03:44.7145069+09:00 words=[12546,8235,11824,14387,816]
2026-09-11 11:03:44.715 +09:00 [SESSION=6baf1a1c3217] [SEQ=597] [PID=10280] [TID=4] [INFO] [STATION-1] event=SAMPLE_ACCEPTED cycle=2 sample=32 raw=320 loadKgf=0.320000 readTime=2026-09-11T11:03:44.7155081+09:00 words=[12546,8235,11824,12851,816]
2026-09-11 11:03:45.215 +09:00 [SESSION=6baf1a1c3217] [SEQ=598] [PID=10280] [TID=4] [INFO] [STATION-2] event=SAMPLE_ACCEPTED cycle=3 sample=33 raw=390 loadKgf=0.390000 readTime=2026-09-11T11:03:45.2152419+09:00 words=[12546,8235,11824,14643,816]
2026-09-11 11:03:45.215 +09:00 [SESSION=6baf1a1c3217] [SEQ=599] [PID=10280] [TID=14] [INFO] [STATION-1] event=SAMPLE_ACCEPTED cycle=2 sample=33 raw=320 loadKgf=0.320000 readTime=2026-09-11T11:03:45.2152419+09:00 words=[12546,8235,11824,12851,816]
2026-09-11 11:03:45.719 +09:00 [SESSION=6baf1a1c3217] [SEQ=600] [PID=10280] [TID=4] [INFO] [STATION-1] event=SAMPLE_ACCEPTED cycle=2 sample=34 raw=320 loadKgf=0.320000 readTime=2026-09-11T11:03:45.7193258+09:00 words=[12546,8235,11824,12851,816]
2026-09-11 11:03:45.719 +09:00 [SESSION=6baf1a1c3217] [SEQ=601] [PID=10280] [TID=4] [INFO] [STATION-1] event=PLC_HEARTBEAT requestDevice=D810 requestValue=1 loadRaw=320 collecting=True cycle=2 sampleCount=34 acquisitionState=COLLECTING
2026-09-11 11:03:45.719 +09:00 [SESSION=6baf1a1c3217] [SEQ=602] [PID=10280] [TID=5] [INFO] [STATION-2] event=SAMPLE_ACCEPTED cycle=3 sample=34 raw=390 loadKgf=0.390000 readTime=2026-09-11T11:03:45.7193258+09:00 words=[12546,8235,11824,14643,816]
2026-09-11 11:03:45.720 +09:00 [SESSION=6baf1a1c3217] [SEQ=603] [PID=10280] [TID=5] [INFO] [STATION-2] event=PLC_HEARTBEAT requestDevice=D810 requestValue=1 loadRaw=390 collecting=True cycle=3 sampleCount=34 acquisitionState=COLLECTING
2026-09-11 11:03:46.231 +09:00 [SESSION=6baf1a1c3217] [SEQ=604] [PID=10280] [TID=4] [INFO] [STATION-1] event=SAMPLE_ACCEPTED cycle=2 sample=35 raw=325 loadKgf=0.325000 readTime=2026-09-11T11:03:46.2314198+09:00 words=[12546,8235,11824,12851,821]
2026-09-11 11:03:46.231 +09:00 [SESSION=6baf1a1c3217] [SEQ=605] [PID=10280] [TID=5] [INFO] [STATION-2] event=SAMPLE_ACCEPTED cycle=3 sample=35 raw=390 loadKgf=0.390000 readTime=2026-09-11T11:03:46.2314198+09:00 words=[12546,8235,11824,14643,816]
2026-09-11 11:03:46.733 +09:00 [SESSION=6baf1a1c3217] [SEQ=606] [PID=10280] [TID=4] [INFO] [STATION-2] event=SAMPLE_ACCEPTED cycle=3 sample=36 raw=390 loadKgf=0.390000 readTime=2026-09-11T11:03:46.7339717+09:00 words=[12546,8235,11824,14643,816]
2026-09-11 11:03:46.734 +09:00 [SESSION=6baf1a1c3217] [SEQ=607] [PID=10280] [TID=4] [INFO] [STATION-1] event=SAMPLE_ACCEPTED cycle=2 sample=36 raw=325 loadKgf=0.325000 readTime=2026-09-11T11:03:46.7349535+09:00 words=[12546,8235,11824,12851,821]
2026-09-11 11:03:47.244 +09:00 [SESSION=6baf1a1c3217] [SEQ=608] [PID=10280] [TID=4] [INFO] [STATION-2] event=SAMPLE_ACCEPTED cycle=3 sample=37 raw=395 loadKgf=0.395000 readTime=2026-09-11T11:03:47.2444911+09:00 words=[12546,8235,11824,14643,821]
2026-09-11 11:03:47.245 +09:00 [SESSION=6baf1a1c3217] [SEQ=609] [PID=10280] [TID=4] [INFO] [STATION-1] event=SAMPLE_ACCEPTED cycle=2 sample=37 raw=330 loadKgf=0.330000 readTime=2026-09-11T11:03:47.2454842+09:00 words=[12546,8235,11824,13107,816]
2026-09-11 11:03:47.744 +09:00 [SESSION=6baf1a1c3217] [SEQ=610] [PID=10280] [TID=4] [INFO] [STATION-2] event=SAMPLE_ACCEPTED cycle=3 sample=38 raw=400 loadKgf=0.400000 readTime=2026-09-11T11:03:47.7444257+09:00 words=[12546,8235,11824,12340,816]
2026-09-11 11:03:47.748 +09:00 [SESSION=6baf1a1c3217] [SEQ=611] [PID=10280] [TID=4] [INFO] [STATION-1] event=SAMPLE_ACCEPTED cycle=2 sample=38 raw=330 loadKgf=0.330000 readTime=2026-09-11T11:03:47.7484277+09:00 words=[12546,8235,11824,13107,816]
2026-09-11 11:03:48.246 +09:00 [SESSION=6baf1a1c3217] [SEQ=612] [PID=10280] [TID=4] [INFO] [STATION-1] event=SAMPLE_ACCEPTED cycle=2 sample=39 raw=335 loadKgf=0.335000 readTime=2026-09-11T11:03:48.2460737+09:00 words=[12546,8235,11824,13107,821]
2026-09-11 11:03:48.250 +09:00 [SESSION=6baf1a1c3217] [SEQ=613] [PID=10280] [TID=4] [INFO] [STATION-2] event=SAMPLE_ACCEPTED cycle=3 sample=39 raw=400 loadKgf=0.400000 readTime=2026-09-11T11:03:48.2500698+09:00 words=[12546,8235,11824,12340,816]
2026-09-11 11:03:48.759 +09:00 [SESSION=6baf1a1c3217] [SEQ=614] [PID=10280] [TID=5] [INFO] [STATION-1] event=SAMPLE_ACCEPTED cycle=2 sample=40 raw=335 loadKgf=0.335000 readTime=2026-09-11T11:03:48.7590109+09:00 words=[12546,8235,11824,13107,821]
2026-09-11 11:03:48.759 +09:00 [SESSION=6baf1a1c3217] [SEQ=615] [PID=10280] [TID=4] [INFO] [STATION-2] event=SAMPLE_ACCEPTED cycle=3 sample=40 raw=405 loadKgf=0.405000 readTime=2026-09-11T11:03:48.7590109+09:00 words=[12546,8235,11824,12340,821]
2026-09-11 11:03:49.256 +09:00 [SESSION=6baf1a1c3217] [SEQ=616] [PID=10280] [TID=5] [INFO] [STATION-2] event=PLC_REQUEST_CHANGED signal=END_REQ device=D810 value=0 readTime=2026-09-11T11:03:49.2561518+09:00
2026-09-11 11:03:49.256 +09:00 [SESSION=6baf1a1c3217] [SEQ=617] [PID=10280] [TID=5] [INFO] [STATION-2] event=CYCLE_ENDED cycle=3 requestDevice=D810 requestValue=0 sampleCount=40 durationMs=20163 readTime=2026-09-11T11:03:49.2561518+09:00
2026-09-11 11:03:49.258 +09:00 [SESSION=6baf1a1c3217] [SEQ=618] [PID=10280] [TID=1] [INFO] [STATION-2] event=INSPECTION_EVALUATION_STARTED cycle=3 readerSampleCount=40 uiSampleCount=40 lot="260827-B03" fileName="SOFC_B07" operator="김영희" spec="0.4"
2026-09-11 11:03:49.258 +09:00 [SESSION=6baf1a1c3217] [SEQ=619] [PID=10280] [TID=4] [INFO] [STATION-1] event=SAMPLE_ACCEPTED cycle=2 sample=41 raw=335 loadKgf=0.335000 readTime=2026-09-11T11:03:49.2581517+09:00 words=[12546,8235,11824,13107,821]
2026-09-11 11:03:49.262 +09:00 [SESSION=6baf1a1c3217] [SEQ=620] [PID=10280] [TID=1] [INFO] [STATION-2] event=INSPECTION_EVALUATED cycle=3 verdict=GOOD valid=True peakKgf=0.405000 lowerSpecKgf=0.400000 upperSpecKgf=0.400000 sampleCount=40 inspectionCount=3 passCount=3 failCount=0 yieldPercent=100.00 message="검사 완료: PEAK 0.405 kgf / SPEC 0.400 / GOOD (검사 3, GOOD 3, NG 0, Yield 100.00%)"
2026-09-11 11:03:49.264 +09:00 [SESSION=6baf1a1c3217] [SEQ=621] [PID=10280] [TID=1] [INFO] [STATION-2] event=INSPECTION_BUFFERED_IN_MEMORY cycle=3 lot="260827-B03" fileName="SOFC_B07" verdict=GOOD lotInspectionCount=3 sampleCount=40
2026-09-11 11:03:49.264 +09:00 [SESSION=6baf1a1c3217] [SEQ=622] [PID=10280] [TID=1] [INFO] [STATION-2] event=ACQUISITION_STATE_CHANGED from=EVALUATING to=WAITSTART
2026-09-11 11:03:49.759 +09:00 [SESSION=6baf1a1c3217] [SEQ=623] [PID=10280] [TID=4] [INFO] [STATION-2] event=PLC_REQUEST_CHANGED signal=END_REQ device=D810 value=0 readTime=2026-09-11T11:03:49.7595779+09:00
2026-09-11 11:03:49.761 +09:00 [SESSION=6baf1a1c3217] [SEQ=624] [PID=10280] [TID=4] [INFO] [STATION-1] event=SAMPLE_ACCEPTED cycle=2 sample=42 raw=345 loadKgf=0.345000 readTime=2026-09-11T11:03:49.7615736+09:00 words=[12546,8235,11824,13363,821]
2026-09-11 11:03:50.261 +09:00 [SESSION=6baf1a1c3217] [SEQ=625] [PID=10280] [TID=4] [INFO] [STATION-1] event=SAMPLE_ACCEPTED cycle=2 sample=43 raw=345 loadKgf=0.345000 readTime=2026-09-11T11:03:50.2614269+09:00 words=[12546,8235,11824,13363,821]
2026-09-11 11:03:50.765 +09:00 [SESSION=6baf1a1c3217] [SEQ=626] [PID=10280] [TID=4] [INFO] [STATION-1] event=SAMPLE_ACCEPTED cycle=2 sample=44 raw=345 loadKgf=0.345000 readTime=2026-09-11T11:03:50.7655776+09:00 words=[12546,8235,11824,13363,821]
2026-09-11 11:03:51.269 +09:00 [SESSION=6baf1a1c3217] [SEQ=627] [PID=10280] [TID=4] [INFO] [STATION-1] event=SAMPLE_ACCEPTED cycle=2 sample=45 raw=345 loadKgf=0.345000 readTime=2026-09-11T11:03:51.2690361+09:00 words=[12546,8235,11824,13363,821]
2026-09-11 11:03:51.778 +09:00 [SESSION=6baf1a1c3217] [SEQ=628] [PID=10280] [TID=4] [INFO] [STATION-1] event=SAMPLE_ACCEPTED cycle=2 sample=46 raw=350 loadKgf=0.350000 readTime=2026-09-11T11:03:51.7788704+09:00 words=[12546,8235,11824,13619,816]
2026-09-11 11:03:52.283 +09:00 [SESSION=6baf1a1c3217] [SEQ=629] [PID=10280] [TID=4] [INFO] [STATION-1] event=SAMPLE_ACCEPTED cycle=2 sample=47 raw=350 loadKgf=0.350000 readTime=2026-09-11T11:03:52.2830337+09:00 words=[12546,8235,11824,13619,816]
2026-09-11 11:03:52.799 +09:00 [SESSION=6baf1a1c3217] [SEQ=630] [PID=10280] [TID=4] [INFO] [STATION-1] event=SAMPLE_ACCEPTED cycle=2 sample=48 raw=355 loadKgf=0.355000 readTime=2026-09-11T11:03:52.7993569+09:00 words=[12546,8235,11824,13619,821]
2026-09-11 11:03:53.299 +09:00 [SESSION=6baf1a1c3217] [SEQ=631] [PID=10280] [TID=4] [INFO] [STATION-1] event=SAMPLE_ACCEPTED cycle=2 sample=49 raw=355 loadKgf=0.355000 readTime=2026-09-11T11:03:53.2995133+09:00 words=[12546,8235,11824,13619,821]
2026-09-11 11:03:53.799 +09:00 [SESSION=6baf1a1c3217] [SEQ=632] [PID=10280] [TID=4] [INFO] [STATION-1] event=SAMPLE_ACCEPTED cycle=2 sample=50 raw=355 loadKgf=0.355000 readTime=2026-09-11T11:03:53.7978870+09:00 words=[12546,8235,11824,13619,821]
2026-09-11 11:03:54.298 +09:00 [SESSION=6baf1a1c3217] [SEQ=633] [PID=10280] [TID=4] [INFO] [STATION-1] event=SAMPLE_ACCEPTED cycle=2 sample=51 raw=360 loadKgf=0.360000 readTime=2026-09-11T11:03:54.2984111+09:00 words=[12546,8235,11824,13875,816]
2026-09-11 11:03:54.809 +09:00 [SESSION=6baf1a1c3217] [SEQ=634] [PID=10280] [TID=4] [INFO] [STATION-1] event=SAMPLE_ACCEPTED cycle=2 sample=52 raw=365 loadKgf=0.365000 readTime=2026-09-11T11:03:54.8096141+09:00 words=[12546,8235,11824,13875,821]
2026-09-11 11:03:55.312 +09:00 [SESSION=6baf1a1c3217] [SEQ=635] [PID=10280] [TID=5] [INFO] [STATION-1] event=SAMPLE_ACCEPTED cycle=2 sample=53 raw=365 loadKgf=0.365000 readTime=2026-09-11T11:03:55.3121511+09:00 words=[12546,8235,11824,13875,821]
2026-09-11 11:03:55.810 +09:00 [SESSION=6baf1a1c3217] [SEQ=636] [PID=10280] [TID=4] [INFO] [STATION-2] event=PLC_HEARTBEAT requestDevice=D810 requestValue=0 loadRaw=0 collecting=False cycle=3 sampleCount=40 acquisitionState=WAITSTART
2026-09-11 11:03:55.814 +09:00 [SESSION=6baf1a1c3217] [SEQ=637] [PID=10280] [TID=4] [INFO] [STATION-1] event=SAMPLE_ACCEPTED cycle=2 sample=54 raw=365 loadKgf=0.365000 readTime=2026-09-11T11:03:55.8149344+09:00 words=[12546,8235,11824,13875,821]
2026-09-11 11:03:55.814 +09:00 [SESSION=6baf1a1c3217] [SEQ=638] [PID=10280] [TID=4] [INFO] [STATION-1] event=PLC_HEARTBEAT requestDevice=D810 requestValue=1 loadRaw=365 collecting=True cycle=2 sampleCount=54 acquisitionState=COLLECTING
2026-09-11 11:03:56.315 +09:00 [SESSION=6baf1a1c3217] [SEQ=639] [PID=10280] [TID=4] [INFO] [STATION-1] event=SAMPLE_ACCEPTED cycle=2 sample=55 raw=370 loadKgf=0.370000 readTime=2026-09-11T11:03:56.3154174+09:00 words=[12546,8235,11824,14131,816]
2026-09-11 11:03:56.817 +09:00 [SESSION=6baf1a1c3217] [SEQ=640] [PID=10280] [TID=4] [INFO] [STATION-1] event=SAMPLE_ACCEPTED cycle=2 sample=56 raw=375 loadKgf=0.375000 readTime=2026-09-11T11:03:56.8172059+09:00 words=[12546,8235,11824,14131,821]
2026-09-11 11:03:57.332 +09:00 [SESSION=6baf1a1c3217] [SEQ=641] [PID=10280] [TID=4] [INFO] [STATION-1] event=SAMPLE_ACCEPTED cycle=2 sample=57 raw=375 loadKgf=0.375000 readTime=2026-09-11T11:03:57.3325135+09:00 words=[12546,8235,11824,14131,821]
2026-09-11 11:03:57.834 +09:00 [SESSION=6baf1a1c3217] [SEQ=642] [PID=10280] [TID=4] [INFO] [STATION-1] event=SAMPLE_ACCEPTED cycle=2 sample=58 raw=375 loadKgf=0.375000 readTime=2026-09-11T11:03:57.8346815+09:00 words=[12546,8235,11824,14131,821]
2026-09-11 11:03:58.339 +09:00 [SESSION=6baf1a1c3217] [SEQ=643] [PID=10280] [TID=4] [INFO] [STATION-1] event=SAMPLE_ACCEPTED cycle=2 sample=59 raw=380 loadKgf=0.380000 readTime=2026-09-11T11:03:58.3394447+09:00 words=[12546,8235,11824,14387,816]
2026-09-11 11:03:58.839 +09:00 [SESSION=6baf1a1c3217] [SEQ=644] [PID=10280] [TID=4] [INFO] [STATION-1] event=SAMPLE_ACCEPTED cycle=2 sample=60 raw=380 loadKgf=0.380000 readTime=2026-09-11T11:03:58.8392122+09:00 words=[12546,8235,11824,14387,816]
2026-09-11 11:03:59.343 +09:00 [SESSION=6baf1a1c3217] [SEQ=645] [PID=10280] [TID=4] [INFO] [STATION-1] event=SAMPLE_ACCEPTED cycle=2 sample=61 raw=380 loadKgf=0.380000 readTime=2026-09-11T11:03:59.3430763+09:00 words=[12546,8235,11824,14387,816]
2026-09-11 11:03:59.845 +09:00 [SESSION=6baf1a1c3217] [SEQ=646] [PID=10280] [TID=4] [INFO] [STATION-1] event=SAMPLE_ACCEPTED cycle=2 sample=62 raw=385 loadKgf=0.385000 readTime=2026-09-11T11:03:59.8454361+09:00 words=[12546,8235,11824,14387,821]
2026-09-11 11:04:00.347 +09:00 [SESSION=6baf1a1c3217] [SEQ=647] [PID=10280] [TID=4] [INFO] [STATION-1] event=SAMPLE_ACCEPTED cycle=2 sample=63 raw=390 loadKgf=0.390000 readTime=2026-09-11T11:04:00.3475292+09:00 words=[12546,8235,11824,14643,816]
2026-09-11 11:04:00.849 +09:00 [SESSION=6baf1a1c3217] [SEQ=648] [PID=10280] [TID=4] [INFO] [STATION-1] event=SAMPLE_ACCEPTED cycle=2 sample=64 raw=390 loadKgf=0.390000 readTime=2026-09-11T11:04:00.8497779+09:00 words=[12546,8235,11824,14643,816]
2026-09-11 11:04:01.351 +09:00 [SESSION=6baf1a1c3217] [SEQ=649] [PID=10280] [TID=4] [INFO] [STATION-1] event=SAMPLE_ACCEPTED cycle=2 sample=65 raw=390 loadKgf=0.390000 readTime=2026-09-11T11:04:01.3514166+09:00 words=[12546,8235,11824,14643,816]
2026-09-11 11:04:01.854 +09:00 [SESSION=6baf1a1c3217] [SEQ=650] [PID=10280] [TID=4] [INFO] [STATION-1] event=SAMPLE_ACCEPTED cycle=2 sample=66 raw=395 loadKgf=0.395000 readTime=2026-09-11T11:04:01.8540363+09:00 words=[12546,8235,11824,14643,821]
2026-09-11 11:04:02.356 +09:00 [SESSION=6baf1a1c3217] [SEQ=651] [PID=10280] [TID=4] [INFO] [STATION-1] event=SAMPLE_ACCEPTED cycle=2 sample=67 raw=400 loadKgf=0.400000 readTime=2026-09-11T11:04:02.3568923+09:00 words=[12546,8235,11824,12340,816]
2026-09-11 11:04:02.859 +09:00 [SESSION=6baf1a1c3217] [SEQ=652] [PID=10280] [TID=4] [INFO] [STATION-1] event=SAMPLE_ACCEPTED cycle=2 sample=68 raw=400 loadKgf=0.400000 readTime=2026-09-11T11:04:02.8599477+09:00 words=[12546,8235,11824,12340,816]
2026-09-11 11:04:03.370 +09:00 [SESSION=6baf1a1c3217] [SEQ=653] [PID=10280] [TID=4] [INFO] [STATION-1] event=SAMPLE_ACCEPTED cycle=2 sample=69 raw=400 loadKgf=0.400000 readTime=2026-09-11T11:04:03.3707365+09:00 words=[12546,8235,11824,12340,816]
2026-09-11 11:04:03.870 +09:00 [SESSION=6baf1a1c3217] [SEQ=654] [PID=10280] [TID=4] [INFO] [STATION-1] event=SAMPLE_ACCEPTED cycle=2 sample=70 raw=405 loadKgf=0.405000 readTime=2026-09-11T11:04:03.8706206+09:00 words=[12546,8235,11824,12340,821]
2026-09-11 11:04:04.370 +09:00 [SESSION=6baf1a1c3217] [SEQ=655] [PID=10280] [TID=4] [INFO] [STATION-1] event=PLC_REQUEST_CHANGED signal=END_REQ device=D810 value=0 readTime=2026-09-11T11:04:04.3706249+09:00
2026-09-11 11:04:04.370 +09:00 [SESSION=6baf1a1c3217] [SEQ=656] [PID=10280] [TID=4] [INFO] [STATION-1] event=CYCLE_ENDED cycle=2 requestDevice=D810 requestValue=0 sampleCount=70 durationMs=35275 readTime=2026-09-11T11:04:04.3706249+09:00
2026-09-11 11:04:04.372 +09:00 [SESSION=6baf1a1c3217] [SEQ=657] [PID=10280] [TID=1] [INFO] [STATION-1] event=INSPECTION_EVALUATION_STARTED cycle=2 readerSampleCount=70 uiSampleCount=70 lot="260827-A01" fileName="SOFC_A12" operator="홍길동" spec="0.41"
2026-09-11 11:04:04.374 +09:00 [SESSION=6baf1a1c3217] [SEQ=658] [PID=10280] [TID=1] [INFO] [STATION-1] event=INSPECTION_EVALUATED cycle=2 verdict=NG valid=True peakKgf=0.405000 lowerSpecKgf=0.410000 upperSpecKgf=0.410000 sampleCount=70 inspectionCount=2 passCount=1 failCount=1 yieldPercent=50.00 message="검사 완료: PEAK 0.405 kgf / SPEC 0.410 / NG (검사 2, GOOD 1, NG 1, Yield 50.00%)"
2026-09-11 11:04:04.378 +09:00 [SESSION=6baf1a1c3217] [SEQ=659] [PID=10280] [TID=1] [INFO] [STATION-1] event=INSPECTION_BUFFERED_IN_MEMORY cycle=2 lot="260827-A01" fileName="SOFC_A12" verdict=NG lotInspectionCount=2 sampleCount=70
2026-09-11 11:04:04.378 +09:00 [SESSION=6baf1a1c3217] [SEQ=660] [PID=10280] [TID=1] [INFO] [STATION-1] event=ACQUISITION_STATE_CHANGED from=EVALUATING to=WAITSTART
2026-09-11 11:04:04.872 +09:00 [SESSION=6baf1a1c3217] [SEQ=661] [PID=10280] [TID=4] [INFO] [STATION-1] event=PLC_REQUEST_CHANGED signal=END_REQ device=D810 value=0 readTime=2026-09-11T11:04:04.8726671+09:00
2026-09-11 11:04:05.874 +09:00 [SESSION=6baf1a1c3217] [SEQ=662] [PID=10280] [TID=4] [INFO] [STATION-1] event=PLC_HEARTBEAT requestDevice=D810 requestValue=0 loadRaw=0 collecting=False cycle=2 sampleCount=70 acquisitionState=WAITSTART
2026-09-11 11:04:05.874 +09:00 [SESSION=6baf1a1c3217] [SEQ=663] [PID=10280] [TID=5] [INFO] [STATION-2] event=PLC_HEARTBEAT requestDevice=D810 requestValue=0 loadRaw=0 collecting=False cycle=3 sampleCount=40 acquisitionState=WAITSTART
2026-09-11 11:04:15.917 +09:00 [SESSION=6baf1a1c3217] [SEQ=664] [PID=10280] [TID=6] [INFO] [STATION-1] event=PLC_HEARTBEAT requestDevice=D810 requestValue=0 loadRaw=0 collecting=False cycle=2 sampleCount=70 acquisitionState=WAITSTART
2026-09-11 11:04:15.917 +09:00 [SESSION=6baf1a1c3217] [SEQ=665] [PID=10280] [TID=4] [INFO] [STATION-2] event=PLC_HEARTBEAT requestDevice=D810 requestValue=0 loadRaw=0 collecting=False cycle=3 sampleCount=40 acquisitionState=WAITSTART
2026-09-11 11:04:25.965 +09:00 [SESSION=6baf1a1c3217] [SEQ=666] [PID=10280] [TID=4] [INFO] [STATION-1] event=PLC_HEARTBEAT requestDevice=D810 requestValue=0 loadRaw=0 collecting=False cycle=2 sampleCount=70 acquisitionState=WAITSTART
2026-09-11 11:04:25.965 +09:00 [SESSION=6baf1a1c3217] [SEQ=667] [PID=10280] [TID=4] [INFO] [STATION-2] event=PLC_HEARTBEAT requestDevice=D810 requestValue=0 loadRaw=0 collecting=False cycle=3 sampleCount=40 acquisitionState=WAITSTART
2026-09-11 11:04:36.011 +09:00 [SESSION=6baf1a1c3217] [SEQ=668] [PID=10280] [TID=4] [INFO] [STATION-1] event=PLC_HEARTBEAT requestDevice=D810 requestValue=0 loadRaw=0 collecting=False cycle=2 sampleCount=70 acquisitionState=WAITSTART
2026-09-11 11:04:36.013 +09:00 [SESSION=6baf1a1c3217] [SEQ=669] [PID=10280] [TID=4] [INFO] [STATION-2] event=PLC_HEARTBEAT requestDevice=D810 requestValue=0 loadRaw=0 collecting=False cycle=3 sampleCount=40 acquisitionState=WAITSTART
2026-09-11 11:04:44.346 +09:00 [SESSION=6baf1a1c3217] [SEQ=670] [PID=10280] [TID=1] [INFO] [SETTINGS] event=SPEC_SETTINGS_APPLIED station1Kgf=0.410000 station2Kgf=0.400000
2026-09-11 11:04:44.350 +09:00 [SESSION=6baf1a1c3217] [SEQ=671] [PID=10280] [TID=5] [INFO] [STATION-1] event=PLC_CONNECTION_CLOSED attempt=19 cancellationRequested=True
2026-09-11 11:04:44.350 +09:00 [SESSION=6baf1a1c3217] [SEQ=672] [PID=10280] [TID=5] [INFO] [STATION-1] event=CONNECTION_STATE_CHANGED state=Disconnected endpoint=172.20.9.100:5000
2026-09-11 11:04:44.350 +09:00 [SESSION=6baf1a1c3217] [SEQ=673] [PID=10280] [TID=5] [INFO] [STATION-1] event=READER_SETTINGS_APPLIED endpoint=172.20.9.100:5000 pollMs=500 reconnectMs=2000 timeoutMs=3000 requestDevice=D810 loadRaw=D700
2026-09-11 11:04:44.350 +09:00 [SESSION=6baf1a1c3217] [SEQ=674] [PID=10280] [TID=5] [INFO] [STATION-1] event=READER_STARTED endpoint=172.20.9.100:5000 pollMs=500 timeoutMs=3000 reconnectMs=2000
2026-09-11 11:04:44.352 +09:00 [SESSION=6baf1a1c3217] [SEQ=675] [PID=10280] [TID=6] [INFO] [STATION-1] event=CONNECTION_STATE_CHANGED state=Connecting endpoint=172.20.9.100:5000
2026-09-11 11:04:44.352 +09:00 [SESSION=6baf1a1c3217] [SEQ=676] [PID=10280] [TID=6] [INFO] [STATION-1] event=PLC_CONNECT_ATTEMPT attempt=20 endpoint=172.20.9.100:5000
2026-09-11 11:04:44.350 +09:00 [SESSION=6baf1a1c3217] [SEQ=677] [PID=10280] [TID=4] [INFO] [STATION-2] event=PLC_CONNECTION_CLOSED attempt=19 cancellationRequested=True
2026-09-11 11:04:44.352 +09:00 [SESSION=6baf1a1c3217] [SEQ=678] [PID=10280] [TID=4] [INFO] [STATION-2] event=CONNECTION_STATE_CHANGED state=Disconnected endpoint=172.20.9.101:5000
2026-09-11 11:04:44.354 +09:00 [SESSION=6baf1a1c3217] [SEQ=679] [PID=10280] [TID=4] [INFO] [STATION-2] event=READER_SETTINGS_APPLIED endpoint=172.20.9.101:5000 pollMs=500 reconnectMs=2000 timeoutMs=3000 requestDevice=D810 loadRaw=D700
2026-09-11 11:04:44.354 +09:00 [SESSION=6baf1a1c3217] [SEQ=680] [PID=10280] [TID=4] [INFO] [STATION-2] event=READER_STARTED endpoint=172.20.9.101:5000 pollMs=500 timeoutMs=3000 reconnectMs=2000
2026-09-11 11:04:44.354 +09:00 [SESSION=6baf1a1c3217] [SEQ=681] [PID=10280] [TID=5] [INFO] [STATION-2] event=CONNECTION_STATE_CHANGED state=Connecting endpoint=172.20.9.101:5000
2026-09-11 11:04:44.354 +09:00 [SESSION=6baf1a1c3217] [SEQ=682] [PID=10280] [TID=5] [INFO] [STATION-2] event=PLC_CONNECT_ATTEMPT attempt=20 endpoint=172.20.9.101:5000
2026-09-11 11:04:44.354 +09:00 [SESSION=6baf1a1c3217] [SEQ=683] [PID=10280] [TID=6] [INFO] [STATION-1] event=CONNECTION_STATE_CHANGED state=Connected endpoint=172.20.9.100:5000
2026-09-11 11:04:44.356 +09:00 [SESSION=6baf1a1c3217] [SEQ=684] [PID=10280] [TID=6] [INFO] [STATION-1] event=PLC_CONNECTED attempt=20 endpoint=172.20.9.100:5000 connectElapsedMs=4
2026-09-11 11:04:44.356 +09:00 [SESSION=6baf1a1c3217] [SEQ=685] [PID=10280] [TID=5] [INFO] [STATION-2] event=CONNECTION_STATE_CHANGED state=Connected endpoint=172.20.9.101:5000
2026-09-11 11:04:44.356 +09:00 [SESSION=6baf1a1c3217] [SEQ=686] [PID=10280] [TID=5] [INFO] [STATION-2] event=PLC_CONNECTED attempt=20 endpoint=172.20.9.101:5000 connectElapsedMs=2
2026-09-11 11:04:44.358 +09:00 [SESSION=6baf1a1c3217] [SEQ=687] [PID=10280] [TID=4] [INFO] [STATION-1] event=PLC_REQUEST_CHANGED signal=END_REQ device=D810 value=0 readTime=2026-09-11T11:04:44.3582282+09:00
2026-09-11 11:04:44.358 +09:00 [SESSION=6baf1a1c3217] [SEQ=688] [PID=10280] [TID=4] [INFO] [STATION-1] event=PLC_HEARTBEAT requestDevice=D810 requestValue=0 loadRaw=0 collecting=False cycle=2 sampleCount=0 acquisitionState=WAITSTART
2026-09-11 11:04:44.360 +09:00 [SESSION=6baf1a1c3217] [SEQ=689] [PID=10280] [TID=1] [INFO] [STATION-1] event=PLC_SETTINGS_LOADED station=1 endpoint=172.20.9.100:5000 autoConnect=True pollMs=500 reconnectMs=2000 timeoutMs=3000 loadScale=1000 maxGraphPoints=0 requestDevice=D810 startValue=1 endValue=0 loadRaw=D700 loadWords=5 loadFormat=ASCII_STX_HEADER_SIGN_MAGNITUDE_ETX
2026-09-11 11:04:44.360 +09:00 [SESSION=6baf1a1c3217] [SEQ=690] [PID=10280] [TID=1] [INFO] [STATION-2] event=PLC_SETTINGS_LOADED station=2 endpoint=172.20.9.101:5000 autoConnect=True pollMs=500 reconnectMs=2000 timeoutMs=3000 loadScale=1000 maxGraphPoints=0 requestDevice=D810 startValue=1 endValue=0 loadRaw=D700 loadWords=5 loadFormat=ASCII_STX_HEADER_SIGN_MAGNITUDE_ETX
2026-09-11 11:04:44.360 +09:00 [SESSION=6baf1a1c3217] [SEQ=691] [PID=10280] [TID=1] [INFO] [SETTINGS] event=MEASUREMENT_SETTINGS_APPLIED simulation=False station1PollMs=500 station2PollMs=500
2026-09-11 11:04:44.362 +09:00 [SESSION=6baf1a1c3217] [SEQ=692] [PID=10280] [TID=10] [INFO] [STATION-2] event=PLC_REQUEST_CHANGED signal=END_REQ device=D810 value=0 readTime=2026-09-11T11:04:44.3622282+09:00
2026-09-11 11:04:44.362 +09:00 [SESSION=6baf1a1c3217] [SEQ=693] [PID=10280] [TID=10] [INFO] [STATION-2] event=PLC_HEARTBEAT requestDevice=D810 requestValue=0 loadRaw=0 collecting=False cycle=3 sampleCount=0 acquisitionState=WAITSTART
2026-09-11 11:04:54.409 +09:00 [SESSION=6baf1a1c3217] [SEQ=694] [PID=10280] [TID=4] [INFO] [STATION-1] event=PLC_HEARTBEAT requestDevice=D810 requestValue=0 loadRaw=0 collecting=False cycle=2 sampleCount=0 acquisitionState=WAITSTART
2026-09-11 11:04:54.409 +09:00 [SESSION=6baf1a1c3217] [SEQ=695] [PID=10280] [TID=5] [INFO] [STATION-2] event=PLC_HEARTBEAT requestDevice=D810 requestValue=0 loadRaw=0 collecting=False cycle=3 sampleCount=0 acquisitionState=WAITSTART
2026-09-11 11:05:04.437 +09:00 [SESSION=6baf1a1c3217] [SEQ=696] [PID=10280] [TID=4] [INFO] [STATION-2] event=PLC_HEARTBEAT requestDevice=D810 requestValue=0 loadRaw=0 collecting=False cycle=3 sampleCount=0 acquisitionState=WAITSTART
2026-09-11 11:05:04.438 +09:00 [SESSION=6baf1a1c3217] [SEQ=697] [PID=10280] [TID=4] [INFO] [STATION-1] event=PLC_HEARTBEAT requestDevice=D810 requestValue=0 loadRaw=0 collecting=False cycle=2 sampleCount=0 acquisitionState=WAITSTART
2026-09-11 11:05:14.485 +09:00 [SESSION=6baf1a1c3217] [SEQ=698] [PID=10280] [TID=4] [INFO] [STATION-1] event=PLC_HEARTBEAT requestDevice=D810 requestValue=0 loadRaw=0 collecting=False cycle=2 sampleCount=0 acquisitionState=WAITSTART
2026-09-11 11:05:14.485 +09:00 [SESSION=6baf1a1c3217] [SEQ=699] [PID=10280] [TID=4] [INFO] [STATION-2] event=PLC_HEARTBEAT requestDevice=D810 requestValue=0 loadRaw=0 collecting=False cycle=3 sampleCount=0 acquisitionState=WAITSTART
2026-09-11 11:05:24.546 +09:00 [SESSION=6baf1a1c3217] [SEQ=700] [PID=10280] [TID=4] [INFO] [STATION-2] event=PLC_HEARTBEAT requestDevice=D810 requestValue=0 loadRaw=0 collecting=False cycle=3 sampleCount=0 acquisitionState=WAITSTART
2026-09-11 11:05:24.546 +09:00 [SESSION=6baf1a1c3217] [SEQ=701] [PID=10280] [TID=5] [INFO] [STATION-1] event=PLC_HEARTBEAT requestDevice=D810 requestValue=0 loadRaw=0 collecting=False cycle=2 sampleCount=0 acquisitionState=WAITSTART
2026-09-11 11:05:34.581 +09:00 [SESSION=6baf1a1c3217] [SEQ=702] [PID=10280] [TID=8] [INFO] [STATION-2] event=PLC_HEARTBEAT requestDevice=D810 requestValue=0 loadRaw=0 collecting=False cycle=3 sampleCount=0 acquisitionState=WAITSTART
2026-09-11 11:05:34.581 +09:00 [SESSION=6baf1a1c3217] [SEQ=703] [PID=10280] [TID=4] [INFO] [STATION-1] event=PLC_HEARTBEAT requestDevice=D810 requestValue=0 loadRaw=0 collecting=False cycle=2 sampleCount=0 acquisitionState=WAITSTART
2026-09-11 11:05:44.609 +09:00 [SESSION=6baf1a1c3217] [SEQ=704] [PID=10280] [TID=4] [INFO] [STATION-2] event=PLC_HEARTBEAT requestDevice=D810 requestValue=0 loadRaw=0 collecting=False cycle=3 sampleCount=0 acquisitionState=WAITSTART
2026-09-11 11:05:44.609 +09:00 [SESSION=6baf1a1c3217] [SEQ=705] [PID=10280] [TID=5] [INFO] [STATION-1] event=PLC_HEARTBEAT requestDevice=D810 requestValue=0 loadRaw=0 collecting=False cycle=2 sampleCount=0 acquisitionState=WAITSTART
2026-09-11 11:05:48.966 +09:00 [SESSION=6baf1a1c3217] [SEQ=706] [PID=10280] [TID=1] [INFO] [SETTINGS] event=SPEC_SETTINGS_APPLIED station1Kgf=0.410000 station2Kgf=0.410000
2026-09-11 11:05:48.968 +09:00 [SESSION=6baf1a1c3217] [SEQ=707] [PID=10280] [TID=6] [INFO] [STATION-1] event=PLC_CONNECTION_CLOSED attempt=20 cancellationRequested=True
2026-09-11 11:05:48.970 +09:00 [SESSION=6baf1a1c3217] [SEQ=708] [PID=10280] [TID=6] [INFO] [STATION-1] event=CONNECTION_STATE_CHANGED state=Disconnected endpoint=172.20.9.100:5000
2026-09-11 11:05:48.970 +09:00 [SESSION=6baf1a1c3217] [SEQ=709] [PID=10280] [TID=6] [INFO] [STATION-1] event=READER_SETTINGS_APPLIED endpoint=172.20.9.100:5000 pollMs=500 reconnectMs=2000 timeoutMs=3000 requestDevice=D810 loadRaw=D700
2026-09-11 11:05:48.970 +09:00 [SESSION=6baf1a1c3217] [SEQ=710] [PID=10280] [TID=6] [INFO] [STATION-1] event=READER_STARTED endpoint=172.20.9.100:5000 pollMs=500 timeoutMs=3000 reconnectMs=2000
2026-09-11 11:05:48.970 +09:00 [SESSION=6baf1a1c3217] [SEQ=711] [PID=10280] [TID=5] [INFO] [STATION-1] event=CONNECTION_STATE_CHANGED state=Connecting endpoint=172.20.9.100:5000
2026-09-11 11:05:48.970 +09:00 [SESSION=6baf1a1c3217] [SEQ=712] [PID=10280] [TID=5] [INFO] [STATION-1] event=PLC_CONNECT_ATTEMPT attempt=21 endpoint=172.20.9.100:5000
2026-09-11 11:05:48.970 +09:00 [SESSION=6baf1a1c3217] [SEQ=713] [PID=10280] [TID=11] [INFO] [STATION-2] event=PLC_CONNECTION_CLOSED attempt=20 cancellationRequested=True
2026-09-11 11:05:48.972 +09:00 [SESSION=6baf1a1c3217] [SEQ=714] [PID=10280] [TID=11] [INFO] [STATION-2] event=CONNECTION_STATE_CHANGED state=Disconnected endpoint=172.20.9.101:5000
2026-09-11 11:05:48.972 +09:00 [SESSION=6baf1a1c3217] [SEQ=715] [PID=10280] [TID=11] [INFO] [STATION-2] event=READER_SETTINGS_APPLIED endpoint=172.20.9.101:5000 pollMs=500 reconnectMs=2000 timeoutMs=3000 requestDevice=D810 loadRaw=D700
2026-09-11 11:05:48.972 +09:00 [SESSION=6baf1a1c3217] [SEQ=716] [PID=10280] [TID=11] [INFO] [STATION-2] event=READER_STARTED endpoint=172.20.9.101:5000 pollMs=500 timeoutMs=3000 reconnectMs=2000
2026-09-11 11:05:48.972 +09:00 [SESSION=6baf1a1c3217] [SEQ=717] [PID=10280] [TID=4] [INFO] [STATION-2] event=CONNECTION_STATE_CHANGED state=Connecting endpoint=172.20.9.101:5000
2026-09-11 11:05:48.974 +09:00 [SESSION=6baf1a1c3217] [SEQ=718] [PID=10280] [TID=4] [INFO] [STATION-2] event=PLC_CONNECT_ATTEMPT attempt=21 endpoint=172.20.9.101:5000
2026-09-11 11:05:48.972 +09:00 [SESSION=6baf1a1c3217] [SEQ=719] [PID=10280] [TID=5] [INFO] [STATION-1] event=CONNECTION_STATE_CHANGED state=Connected endpoint=172.20.9.100:5000
2026-09-11 11:05:48.976 +09:00 [SESSION=6baf1a1c3217] [SEQ=720] [PID=10280] [TID=5] [INFO] [STATION-1] event=PLC_CONNECTED attempt=21 endpoint=172.20.9.100:5000 connectElapsedMs=6
2026-09-11 11:05:48.976 +09:00 [SESSION=6baf1a1c3217] [SEQ=721] [PID=10280] [TID=4] [INFO] [STATION-2] event=CONNECTION_STATE_CHANGED state=Connected endpoint=172.20.9.101:5000
2026-09-11 11:05:48.978 +09:00 [SESSION=6baf1a1c3217] [SEQ=722] [PID=10280] [TID=4] [INFO] [STATION-2] event=PLC_CONNECTED attempt=21 endpoint=172.20.9.101:5000 connectElapsedMs=6
2026-09-11 11:05:48.980 +09:00 [SESSION=6baf1a1c3217] [SEQ=723] [PID=10280] [TID=4] [INFO] [STATION-1] event=PLC_REQUEST_CHANGED signal=END_REQ device=D810 value=0 readTime=2026-09-11T11:05:48.9803397+09:00
2026-09-11 11:05:48.980 +09:00 [SESSION=6baf1a1c3217] [SEQ=724] [PID=10280] [TID=5] [INFO] [STATION-2] event=PLC_REQUEST_CHANGED signal=END_REQ device=D810 value=0 readTime=2026-09-11T11:05:48.9803397+09:00
2026-09-11 11:05:48.980 +09:00 [SESSION=6baf1a1c3217] [SEQ=725] [PID=10280] [TID=4] [INFO] [STATION-1] event=PLC_HEARTBEAT requestDevice=D810 requestValue=0 loadRaw=0 collecting=False cycle=2 sampleCount=0 acquisitionState=WAITSTART
2026-09-11 11:05:48.982 +09:00 [SESSION=6baf1a1c3217] [SEQ=726] [PID=10280] [TID=5] [INFO] [STATION-2] event=PLC_HEARTBEAT requestDevice=D810 requestValue=0 loadRaw=0 collecting=False cycle=3 sampleCount=0 acquisitionState=WAITSTART
2026-09-11 11:05:48.980 +09:00 [SESSION=6baf1a1c3217] [SEQ=727] [PID=10280] [TID=1] [INFO] [STATION-1] event=PLC_SETTINGS_LOADED station=1 endpoint=172.20.9.100:5000 autoConnect=True pollMs=500 reconnectMs=2000 timeoutMs=3000 loadScale=1000 maxGraphPoints=0 requestDevice=D810 startValue=1 endValue=0 loadRaw=D700 loadWords=5 loadFormat=ASCII_STX_HEADER_SIGN_MAGNITUDE_ETX
2026-09-11 11:05:48.982 +09:00 [SESSION=6baf1a1c3217] [SEQ=728] [PID=10280] [TID=1] [INFO] [STATION-2] event=PLC_SETTINGS_LOADED station=2 endpoint=172.20.9.101:5000 autoConnect=True pollMs=500 reconnectMs=2000 timeoutMs=3000 loadScale=1000 maxGraphPoints=0 requestDevice=D810 startValue=1 endValue=0 loadRaw=D700 loadWords=5 loadFormat=ASCII_STX_HEADER_SIGN_MAGNITUDE_ETX
2026-09-11 11:05:48.982 +09:00 [SESSION=6baf1a1c3217] [SEQ=729] [PID=10280] [TID=1] [INFO] [SETTINGS] event=MEASUREMENT_SETTINGS_APPLIED simulation=False station1PollMs=500 station2PollMs=500
2026-09-11 11:05:59.058 +09:00 [SESSION=6baf1a1c3217] [SEQ=730] [PID=10280] [TID=4] [INFO] [STATION-1] event=PLC_HEARTBEAT requestDevice=D810 requestValue=0 loadRaw=0 collecting=False cycle=2 sampleCount=0 acquisitionState=WAITSTART
2026-09-11 11:05:59.058 +09:00 [SESSION=6baf1a1c3217] [SEQ=731] [PID=10280] [TID=5] [INFO] [STATION-2] event=PLC_HEARTBEAT requestDevice=D810 requestValue=0 loadRaw=0 collecting=False cycle=3 sampleCount=0 acquisitionState=WAITSTART
2026-09-11 11:06:07.855 +09:00 [SESSION=6baf1a1c3217] [SEQ=732] [PID=10280] [TID=1] [INFO] [SETTINGS] event=SPEC_SETTINGS_APPLIED station1Kgf=0.410000 station2Kgf=0.410000
2026-09-11 11:06:07.859 +09:00 [SESSION=6baf1a1c3217] [SEQ=733] [PID=10280] [TID=11] [INFO] [STATION-2] event=PLC_CONNECTION_CLOSED attempt=21 cancellationRequested=True
2026-09-11 11:06:07.859 +09:00 [SESSION=6baf1a1c3217] [SEQ=734] [PID=10280] [TID=11] [INFO] [STATION-2] event=CONNECTION_STATE_CHANGED state=Disconnected endpoint=172.20.9.101:5000
2026-09-11 11:06:07.859 +09:00 [SESSION=6baf1a1c3217] [SEQ=735] [PID=10280] [TID=11] [INFO] [STATION-2] event=READER_SETTINGS_APPLIED endpoint=172.20.9.101:5000 pollMs=500 reconnectMs=2000 timeoutMs=3000 requestDevice=D810 loadRaw=D700
2026-09-11 11:06:07.859 +09:00 [SESSION=6baf1a1c3217] [SEQ=736] [PID=10280] [TID=11] [INFO] [STATION-2] event=READER_STARTED endpoint=172.20.9.101:5000 pollMs=500 timeoutMs=3000 reconnectMs=2000
2026-09-11 11:06:07.859 +09:00 [SESSION=6baf1a1c3217] [SEQ=737] [PID=10280] [TID=5] [INFO] [STATION-2] event=CONNECTION_STATE_CHANGED state=Connecting endpoint=172.20.9.101:5000
2026-09-11 11:06:07.859 +09:00 [SESSION=6baf1a1c3217] [SEQ=738] [PID=10280] [TID=5] [INFO] [STATION-2] event=PLC_CONNECT_ATTEMPT attempt=22 endpoint=172.20.9.101:5000
2026-09-11 11:06:07.859 +09:00 [SESSION=6baf1a1c3217] [SEQ=739] [PID=10280] [TID=6] [INFO] [STATION-1] event=PLC_CONNECTION_CLOSED attempt=21 cancellationRequested=True
2026-09-11 11:06:07.861 +09:00 [SESSION=6baf1a1c3217] [SEQ=740] [PID=10280] [TID=6] [INFO] [STATION-1] event=CONNECTION_STATE_CHANGED state=Disconnected endpoint=172.20.9.100:5000
2026-09-11 11:06:07.861 +09:00 [SESSION=6baf1a1c3217] [SEQ=741] [PID=10280] [TID=6] [INFO] [STATION-1] event=READER_SETTINGS_APPLIED endpoint=172.20.9.100:5000 pollMs=500 reconnectMs=2000 timeoutMs=3000 requestDevice=D810 loadRaw=D700
2026-09-11 11:06:07.861 +09:00 [SESSION=6baf1a1c3217] [SEQ=742] [PID=10280] [TID=6] [INFO] [STATION-1] event=READER_STARTED endpoint=172.20.9.100:5000 pollMs=500 timeoutMs=3000 reconnectMs=2000
2026-09-11 11:06:07.861 +09:00 [SESSION=6baf1a1c3217] [SEQ=743] [PID=10280] [TID=6] [INFO] [STATION-1] event=CONNECTION_STATE_CHANGED state=Connecting endpoint=172.20.9.100:5000
2026-09-11 11:06:07.863 +09:00 [SESSION=6baf1a1c3217] [SEQ=744] [PID=10280] [TID=6] [INFO] [STATION-1] event=PLC_CONNECT_ATTEMPT attempt=22 endpoint=172.20.9.100:5000
2026-09-11 11:06:07.861 +09:00 [SESSION=6baf1a1c3217] [SEQ=745] [PID=10280] [TID=5] [INFO] [STATION-2] event=CONNECTION_STATE_CHANGED state=Connected endpoint=172.20.9.101:5000
2026-09-11 11:06:07.864 +09:00 [SESSION=6baf1a1c3217] [SEQ=746] [PID=10280] [TID=5] [INFO] [STATION-2] event=PLC_CONNECTED attempt=22 endpoint=172.20.9.101:5000 connectElapsedMs=5
2026-09-11 11:06:07.866 +09:00 [SESSION=6baf1a1c3217] [SEQ=747] [PID=10280] [TID=6] [INFO] [STATION-1] event=CONNECTION_STATE_CHANGED state=Connected endpoint=172.20.9.100:5000
2026-09-11 11:06:07.867 +09:00 [SESSION=6baf1a1c3217] [SEQ=748] [PID=10280] [TID=6] [INFO] [STATION-1] event=PLC_CONNECTED attempt=22 endpoint=172.20.9.100:5000 connectElapsedMs=6
2026-09-11 11:06:07.868 +09:00 [SESSION=6baf1a1c3217] [SEQ=749] [PID=10280] [TID=4] [INFO] [STATION-2] event=PLC_REQUEST_CHANGED signal=END_REQ device=D810 value=0 readTime=2026-09-11T11:06:07.8687943+09:00
2026-09-11 11:06:07.869 +09:00 [SESSION=6baf1a1c3217] [SEQ=750] [PID=10280] [TID=4] [INFO] [STATION-2] event=PLC_HEARTBEAT requestDevice=D810 requestValue=0 loadRaw=0 collecting=False cycle=3 sampleCount=0 acquisitionState=WAITSTART
2026-09-11 11:06:07.869 +09:00 [SESSION=6baf1a1c3217] [SEQ=751] [PID=10280] [TID=1] [INFO] [STATION-1] event=PLC_SETTINGS_LOADED station=1 endpoint=172.20.9.100:5000 autoConnect=True pollMs=500 reconnectMs=2000 timeoutMs=3000 loadScale=1000 maxGraphPoints=0 requestDevice=D810 startValue=1 endValue=0 loadRaw=D700 loadWords=5 loadFormat=ASCII_STX_HEADER_SIGN_MAGNITUDE_ETX
2026-09-11 11:06:07.869 +09:00 [SESSION=6baf1a1c3217] [SEQ=752] [PID=10280] [TID=1] [INFO] [STATION-2] event=PLC_SETTINGS_LOADED station=2 endpoint=172.20.9.101:5000 autoConnect=True pollMs=500 reconnectMs=2000 timeoutMs=3000 loadScale=1000 maxGraphPoints=0 requestDevice=D810 startValue=1 endValue=0 loadRaw=D700 loadWords=5 loadFormat=ASCII_STX_HEADER_SIGN_MAGNITUDE_ETX
2026-09-11 11:06:07.870 +09:00 [SESSION=6baf1a1c3217] [SEQ=753] [PID=10280] [TID=1] [INFO] [SETTINGS] event=MEASUREMENT_SETTINGS_APPLIED simulation=False station1PollMs=500 station2PollMs=500
2026-09-11 11:06:07.872 +09:00 [SESSION=6baf1a1c3217] [SEQ=754] [PID=10280] [TID=4] [INFO] [STATION-1] event=PLC_REQUEST_CHANGED signal=END_REQ device=D810 value=0 readTime=2026-09-11T11:06:07.8727824+09:00
2026-09-11 11:06:07.872 +09:00 [SESSION=6baf1a1c3217] [SEQ=755] [PID=10280] [TID=4] [INFO] [STATION-1] event=PLC_HEARTBEAT requestDevice=D810 requestValue=0 loadRaw=0 collecting=False cycle=2 sampleCount=0 acquisitionState=WAITSTART
2026-09-11 11:06:17.915 +09:00 [SESSION=6baf1a1c3217] [SEQ=756] [PID=10280] [TID=5] [INFO] [STATION-2] event=PLC_HEARTBEAT requestDevice=D810 requestValue=0 loadRaw=0 collecting=False cycle=3 sampleCount=0 acquisitionState=WAITSTART
2026-09-11 11:06:17.915 +09:00 [SESSION=6baf1a1c3217] [SEQ=757] [PID=10280] [TID=4] [INFO] [STATION-1] event=PLC_HEARTBEAT requestDevice=D810 requestValue=0 loadRaw=0 collecting=False cycle=2 sampleCount=0 acquisitionState=WAITSTART
2026-09-11 11:06:28.017 +09:00 [SESSION=6baf1a1c3217] [SEQ=758] [PID=10280] [TID=6] [INFO] [STATION-1] event=PLC_HEARTBEAT requestDevice=D810 requestValue=0 loadRaw=0 collecting=False cycle=2 sampleCount=0 acquisitionState=WAITSTART
2026-09-11 11:06:28.019 +09:00 [SESSION=6baf1a1c3217] [SEQ=759] [PID=10280] [TID=4] [INFO] [STATION-2] event=PLC_HEARTBEAT requestDevice=D810 requestValue=0 loadRaw=0 collecting=False cycle=3 sampleCount=0 acquisitionState=WAITSTART
2026-09-11 11:06:38.097 +09:00 [SESSION=6baf1a1c3217] [SEQ=760] [PID=10280] [TID=4] [INFO] [STATION-1] event=PLC_HEARTBEAT requestDevice=D810 requestValue=0 loadRaw=0 collecting=False cycle=2 sampleCount=0 acquisitionState=WAITSTART
2026-09-11 11:06:38.099 +09:00 [SESSION=6baf1a1c3217] [SEQ=761] [PID=10280] [TID=4] [INFO] [STATION-2] event=PLC_HEARTBEAT requestDevice=D810 requestValue=0 loadRaw=0 collecting=False cycle=3 sampleCount=0 acquisitionState=WAITSTART
2026-09-11 11:06:48.141 +09:00 [SESSION=6baf1a1c3217] [SEQ=762] [PID=10280] [TID=5] [INFO] [STATION-1] event=PLC_HEARTBEAT requestDevice=D810 requestValue=0 loadRaw=0 collecting=False cycle=2 sampleCount=0 acquisitionState=WAITSTART
2026-09-11 11:06:48.141 +09:00 [SESSION=6baf1a1c3217] [SEQ=763] [PID=10280] [TID=4] [INFO] [STATION-2] event=PLC_HEARTBEAT requestDevice=D810 requestValue=0 loadRaw=0 collecting=False cycle=3 sampleCount=0 acquisitionState=WAITSTART
2026-09-11 11:06:58.189 +09:00 [SESSION=6baf1a1c3217] [SEQ=764] [PID=10280] [TID=4] [INFO] [STATION-1] event=PLC_HEARTBEAT requestDevice=D810 requestValue=0 loadRaw=0 collecting=False cycle=2 sampleCount=0 acquisitionState=WAITSTART
2026-09-11 11:06:58.190 +09:00 [SESSION=6baf1a1c3217] [SEQ=765] [PID=10280] [TID=4] [INFO] [STATION-2] event=PLC_HEARTBEAT requestDevice=D810 requestValue=0 loadRaw=0 collecting=False cycle=3 sampleCount=0 acquisitionState=WAITSTART
2026-09-11 11:07:08.222 +09:00 [SESSION=6baf1a1c3217] [SEQ=766] [PID=10280] [TID=4] [INFO] [STATION-2] event=PLC_HEARTBEAT requestDevice=D810 requestValue=0 loadRaw=0 collecting=False cycle=3 sampleCount=0 acquisitionState=WAITSTART
2026-09-11 11:07:08.222 +09:00 [SESSION=6baf1a1c3217] [SEQ=767] [PID=10280] [TID=4] [INFO] [STATION-1] event=PLC_HEARTBEAT requestDevice=D810 requestValue=0 loadRaw=0 collecting=False cycle=2 sampleCount=0 acquisitionState=WAITSTART
2026-09-11 11:07:14.255 +09:00 [SESSION=6baf1a1c3217] [SEQ=768] [PID=10280] [TID=1] [INFO] [STATION-1] event=ACQUISITION_STATE_CHANGED from=WAITSTART to=SAVING
2026-09-11 11:07:14.265 +09:00 [SESSION=6baf1a1c3217] [SEQ=769] [PID=10280] [TID=1] [INFO] [STATION-1] event=LOT_SAVE_STARTED lot="260827-A01" fileName="SOFC_A12" inspectionCount=2
2026-09-11 11:07:14.293 +09:00 [SESSION=6baf1a1c3217] [SEQ=770] [PID=10280] [TID=5] [INFO] [INSPECTION-STORAGE] event=INSPECTION_INDEX_RECOVERED file="C:\\SOFCMeas\\Data\\PLC1\\2026\\09\\11\\20260911_110714_260827-A01_SOFC_A12.csv"
2026-09-11 11:07:14.293 +09:00 [SESSION=6baf1a1c3217] [SEQ=771] [PID=10280] [TID=5] [INFO] [STATION-1] event=LOT_FILE_SAVED lot="260827-A01" inspectionCount=2 sampleCount=132 maximumRawDataCount=70 format=lot_summary_2row_kgf_matrix file="C:\\SOFCMeas\\Data\\PLC1\\2026\\09\\11\\20260911_110714_260827-A01_SOFC_A12.csv"
2026-09-11 11:07:14.299 +09:00 [SESSION=6baf1a1c3217] [SEQ=772] [PID=10280] [TID=1] [INFO] [STATION-1] event=LOT_SAVE_COMPLETED lot="260827-A01" inspectionCount=2 remainingMemoryCount=0 file="C:\\SOFCMeas\\Data\\PLC1\\2026\\09\\11\\20260911_110714_260827-A01_SOFC_A12.csv" fileBytes=1169
2026-09-11 11:07:16.181 +09:00 [SESSION=6baf1a1c3217] [SEQ=773] [PID=10280] [TID=1] [INFO] [STATION-1] event=ACQUISITION_STATE_CHANGED from=SAVING to=WAITSTART
2026-09-11 11:07:16.277 +09:00 [SESSION=6baf1a1c3217] [SEQ=774] [PID=10280] [TID=5] [INFO] [STATION-1] event=PLC_REQUEST_CHANGED signal=END_REQ device=D810 value=0 readTime=2026-09-11T11:07:16.2774234+09:00
2026-09-11 11:07:18.162 +09:00 [SESSION=6baf1a1c3217] [SEQ=775] [PID=10280] [TID=1] [INFO] [STATION-2] event=ACQUISITION_STATE_CHANGED from=WAITSTART to=SAVING
2026-09-11 11:07:18.170 +09:00 [SESSION=6baf1a1c3217] [SEQ=776] [PID=10280] [TID=1] [INFO] [STATION-2] event=LOT_SAVE_STARTED lot="260827-B03" fileName="SOFC_B07" inspectionCount=3
2026-09-11 11:07:18.194 +09:00 [SESSION=6baf1a1c3217] [SEQ=777] [PID=10280] [TID=6] [INFO] [INSPECTION-STORAGE] event=INSPECTION_INDEX_RECOVERED file="C:\\SOFCMeas\\Data\\PLC2\\2026\\09\\11\\20260911_110718_260827-B03_SOFC_B07.csv"
2026-09-11 11:07:18.194 +09:00 [SESSION=6baf1a1c3217] [SEQ=778] [PID=10280] [TID=6] [INFO] [STATION-2] event=LOT_FILE_SAVED lot="260827-B03" inspectionCount=3 sampleCount=156 maximumRawDataCount=75 format=lot_summary_2row_kgf_matrix file="C:\\SOFCMeas\\Data\\PLC2\\2026\\09\\11\\20260911_110718_260827-B03_SOFC_B07.csv"
2026-09-11 11:07:18.198 +09:00 [SESSION=6baf1a1c3217] [SEQ=779] [PID=10280] [TID=1] [INFO] [STATION-2] event=LOT_SAVE_COMPLETED lot="260827-B03" inspectionCount=3 remainingMemoryCount=0 file="C:\\SOFCMeas\\Data\\PLC2\\2026\\09\\11\\20260911_110718_260827-B03_SOFC_B07.csv" fileBytes=1404
2026-09-11 11:07:18.284 +09:00 [SESSION=6baf1a1c3217] [SEQ=780] [PID=10280] [TID=4] [INFO] [STATION-2] event=PLC_HEARTBEAT requestDevice=D810 requestValue=0 loadRaw=0 collecting=False cycle=3 sampleCount=0 acquisitionState=SAVING
2026-09-11 11:07:18.286 +09:00 [SESSION=6baf1a1c3217] [SEQ=781] [PID=10280] [TID=4] [INFO] [STATION-1] event=PLC_HEARTBEAT requestDevice=D810 requestValue=0 loadRaw=0 collecting=False cycle=2 sampleCount=0 acquisitionState=WAITSTART
2026-09-11 11:07:21.269 +09:00 [SESSION=6baf1a1c3217] [SEQ=782] [PID=10280] [TID=1] [INFO] [STATION-2] event=ACQUISITION_STATE_CHANGED from=SAVING to=WAITSTART
2026-09-11 11:07:21.292 +09:00 [SESSION=6baf1a1c3217] [SEQ=783] [PID=10280] [TID=4] [INFO] [STATION-2] event=PLC_REQUEST_CHANGED signal=END_REQ device=D810 value=0 readTime=2026-09-11T11:07:21.2925681+09:00
2026-09-11 11:07:28.316 +09:00 [SESSION=6baf1a1c3217] [SEQ=784] [PID=10280] [TID=4] [INFO] [STATION-2] event=PLC_HEARTBEAT requestDevice=D810 requestValue=0 loadRaw=0 collecting=False cycle=3 sampleCount=0 acquisitionState=WAITSTART
2026-09-11 11:07:28.317 +09:00 [SESSION=6baf1a1c3217] [SEQ=785] [PID=10280] [TID=4] [INFO] [STATION-1] event=PLC_HEARTBEAT requestDevice=D810 requestValue=0 loadRaw=0 collecting=False cycle=2 sampleCount=0 acquisitionState=WAITSTART
2026-09-11 11:07:38.375 +09:00 [SESSION=6baf1a1c3217] [SEQ=786] [PID=10280] [TID=4] [INFO] [STATION-2] event=PLC_HEARTBEAT requestDevice=D810 requestValue=0 loadRaw=0 collecting=False cycle=3 sampleCount=0 acquisitionState=WAITSTART
2026-09-11 11:07:38.375 +09:00 [SESSION=6baf1a1c3217] [SEQ=787] [PID=10280] [TID=5] [INFO] [STATION-1] event=PLC_HEARTBEAT requestDevice=D810 requestValue=0 loadRaw=0 collecting=False cycle=2 sampleCount=0 acquisitionState=WAITSTART
2026-09-11 11:07:48.419 +09:00 [SESSION=6baf1a1c3217] [SEQ=788] [PID=10280] [TID=4] [INFO] [STATION-2] event=PLC_HEARTBEAT requestDevice=D810 requestValue=0 loadRaw=0 collecting=False cycle=3 sampleCount=0 acquisitionState=WAITSTART
2026-09-11 11:07:48.419 +09:00 [SESSION=6baf1a1c3217] [SEQ=789] [PID=10280] [TID=5] [INFO] [STATION-1] event=PLC_HEARTBEAT requestDevice=D810 requestValue=0 loadRaw=0 collecting=False cycle=2 sampleCount=0 acquisitionState=WAITSTART
2026-09-11 11:07:58.469 +09:00 [SESSION=6baf1a1c3217] [SEQ=790] [PID=10280] [TID=4] [INFO] [STATION-2] event=PLC_HEARTBEAT requestDevice=D810 requestValue=0 loadRaw=0 collecting=False cycle=3 sampleCount=0 acquisitionState=WAITSTART
2026-09-11 11:07:58.470 +09:00 [SESSION=6baf1a1c3217] [SEQ=791] [PID=10280] [TID=4] [INFO] [STATION-1] event=PLC_HEARTBEAT requestDevice=D810 requestValue=0 loadRaw=0 collecting=False cycle=2 sampleCount=0 acquisitionState=WAITSTART
2026-09-11 11:08:08.506 +09:00 [SESSION=6baf1a1c3217] [SEQ=792] [PID=10280] [TID=11] [INFO] [STATION-2] event=PLC_HEARTBEAT requestDevice=D810 requestValue=0 loadRaw=0 collecting=False cycle=3 sampleCount=0 acquisitionState=WAITSTART
2026-09-11 11:08:08.507 +09:00 [SESSION=6baf1a1c3217] [SEQ=793] [PID=10280] [TID=4] [INFO] [STATION-1] event=PLC_HEARTBEAT requestDevice=D810 requestValue=0 loadRaw=0 collecting=False cycle=2 sampleCount=0 acquisitionState=WAITSTART
2026-09-11 11:08:18.553 +09:00 [SESSION=6baf1a1c3217] [SEQ=794] [PID=10280] [TID=4] [INFO] [STATION-1] event=PLC_HEARTBEAT requestDevice=D810 requestValue=0 loadRaw=0 collecting=False cycle=2 sampleCount=0 acquisitionState=WAITSTART
2026-09-11 11:08:18.555 +09:00 [SESSION=6baf1a1c3217] [SEQ=795] [PID=10280] [TID=4] [INFO] [STATION-2] event=PLC_HEARTBEAT requestDevice=D810 requestValue=0 loadRaw=0 collecting=False cycle=3 sampleCount=0 acquisitionState=WAITSTART
2026-09-11 11:08:18.775 +09:00 [SESSION=6baf1a1c3217] [SEQ=796] [PID=10280] [TID=1] [WARN] [APPLICATION] event=UNSAVED_LOT_DATA_DISCARDED station1Count=0 station2Count=0 collectionActive=False saveRunning=False
2026-09-11 11:08:18.804 +09:00 [SESSION=6baf1a1c3217] [SEQ=797] [PID=10280] [TID=1] [INFO] [APPLICATION] event=APPLICATION_STOPPING closeReason=UserClosing uptimeSeconds=658.094
2026-09-11 11:08:18.809 +09:00 [SESSION=6baf1a1c3217] [SEQ=798] [PID=10280] [TID=1] [INFO] [STATION-1] event=READER_STOP_REQUESTED cycle=2 cycleActive=False sampleCount=0
2026-09-11 11:08:18.811 +09:00 [SESSION=6baf1a1c3217] [SEQ=799] [PID=10280] [TID=4] [INFO] [STATION-1] event=PLC_CONNECTION_CLOSED attempt=22 cancellationRequested=True
2026-09-11 11:08:18.811 +09:00 [SESSION=6baf1a1c3217] [SEQ=800] [PID=10280] [TID=1] [INFO] [STATION-1] event=CONNECTION_STATE_CHANGED state=Disconnected endpoint=172.20.9.100:5000
2026-09-11 11:08:18.811 +09:00 [SESSION=6baf1a1c3217] [SEQ=801] [PID=10280] [TID=1] [INFO] [STATION-1] event=READER_STOPPED connectionAttempts=22 lastCycle=2 lastSampleCount=0
2026-09-11 11:08:18.815 +09:00 [SESSION=6baf1a1c3217] [SEQ=802] [PID=10280] [TID=1] [INFO] [STATION-2] event=READER_STOP_REQUESTED cycle=3 cycleActive=False sampleCount=0
2026-09-11 11:08:18.817 +09:00 [SESSION=6baf1a1c3217] [SEQ=803] [PID=10280] [TID=5] [INFO] [STATION-2] event=PLC_CONNECTION_CLOSED attempt=22 cancellationRequested=True
2026-09-11 11:08:18.817 +09:00 [SESSION=6baf1a1c3217] [SEQ=804] [PID=10280] [TID=1] [INFO] [STATION-2] event=CONNECTION_STATE_CHANGED state=Disconnected endpoint=172.20.9.101:5000
2026-09-11 11:08:18.817 +09:00 [SESSION=6baf1a1c3217] [SEQ=805] [PID=10280] [TID=1] [INFO] [STATION-2] event=READER_STOPPED connectionAttempts=22 lastCycle=3 lastSampleCount=0
2026-09-11 11:08:18.819 +09:00 [SESSION=6baf1a1c3217] [SEQ=806] [PID=10280] [TID=1] [INFO] [APPLICATION] event=APPLICATION_STOPPED uptimeSeconds=658.109
2026-09-11 11:08:18.886 +09:00 [SESSION=6baf1a1c3217] [SEQ=807] [PID=10280] [TID=1] [INFO] [APPLICATION] event=APPLICATION_MESSAGE_LOOP_EXITED
2026-09-11 11:10:31.812 event=APPLICATION_BOOTSTRAP_STARTED
2026-09-11 11:10:31.859 LICENSE event=LICENSE_VALIDATION_SUCCEEDED licensedAdapterFound=true durationPolicy=PERMANENT firstRunUtc=not_applicable expirationUtc=not_applicable
2026-09-11 11:10:32.497 event=STORAGE_INITIALIZED applicationRoot="C:\\SOFCMeas" dataRoot="C:\\SOFCMeas\\Data" logRoot="C:\\SOFCMeas\\log" retentionDays=30 autoDelete=True maxFileMb=20
2026-09-11 11:10:32.515 STATION-1 event=PLC_SETTINGS_LOADED station=1 endpoint=172.20.9.100:5000 autoConnect=True pollMs=500 reconnectMs=2000 timeoutMs=3000 loadScale=1000 maxGraphPoints=0 requestDevice=D810 startValue=1 endValue=0 loadRaw=D700 loadWords=5 loadFormat=ASCII_STX_HEADER_SIGN_MAGNITUDE_ETX
2026-09-11 11:10:32.515 STATION-2 event=PLC_SETTINGS_LOADED station=2 endpoint=172.20.9.101:5000 autoConnect=True pollMs=500 reconnectMs=2000 timeoutMs=3000 loadScale=1000 maxGraphPoints=0 requestDevice=D810 startValue=1 endValue=0 loadRaw=D700 loadWords=5 loadFormat=ASCII_STX_HEADER_SIGN_MAGNITUDE_ETX
2026-09-11 11:10:32.537 STATION-1 event=PLC_READER_INITIALIZED
2026-09-11 11:10:32.537 STATION-2 event=PLC_READER_INITIALIZED
2026-09-11 11:10:32.614 event=APPLICATION_STARTED product=SOFCMeas version=1.0.0.0 machine="SHBANG" os="Microsoft Windows NT 10.0.19045.0" process64Bit=True clr="4.0.30319.42000"
2026-09-11 11:10:32.614 event=PLC_READERS_START_REQUESTED stations=STATION-1,STATION-2
2026-09-11 11:10:32.618 STATION-1 event=READER_STARTED endpoint=172.20.9.100:5000 pollMs=500 timeoutMs=3000 reconnectMs=2000
2026-09-11 11:10:32.629 STATION-2 event=READER_STARTED endpoint=172.20.9.101:5000 pollMs=500 timeoutMs=3000 reconnectMs=2000
2026-09-11 11:10:32.636 LOG-CLEANUP event=LOG_CLEANUP_STARTED force=False retentionDays=30 firstRetainedDate=2026-08-13 root="C:\\SOFCMeas\\log" scope=log_only dataDeletion=false
2026-09-11 11:10:32.639 STATION-1 event=CONNECTION_STATE_CHANGED state=Connecting endpoint=172.20.9.100:5000
2026-09-11 11:10:32.639 STATION-2 event=CONNECTION_STATE_CHANGED state=Connecting endpoint=172.20.9.101:5000
2026-09-11 11:10:32.641 STATION-1 event=PLC_CONNECT_ATTEMPT attempt=1 endpoint=172.20.9.100:5000
2026-09-11 11:10:32.641 STATION-2 event=PLC_CONNECT_ATTEMPT attempt=1 endpoint=172.20.9.101:5000
2026-09-11 11:10:32.674 STATION-1 event=CONNECTION_STATE_CHANGED state=Connected endpoint=172.20.9.100:5000
2026-09-11 11:10:32.674 STATION-1 event=PLC_CONNECTED attempt=1 endpoint=172.20.9.100:5000 connectElapsedMs=36
2026-09-11 11:10:32.674 STATION-2 event=CONNECTION_STATE_CHANGED state=Connected endpoint=172.20.9.101:5000
2026-09-11 11:10:32.675 STATION-2 event=PLC_CONNECTED attempt=1 endpoint=172.20.9.101:5000 connectElapsedMs=35
2026-09-11 11:10:32.716 LOG-CLEANUP event=LOG_CLEANUP_COMPLETED force=False firstRetainedDate=2026-08-13 deletedFiles=0 deletedDayDirectories=0 failedDayDirectories=0 elapsedMs=80 scope=log_only dataDeletion=false
2026-09-11 11:11:05.057 WARN event=UNSAVED_LOT_DATA_DISCARDED station1Count=0 station2Count=0 collectionActive=False saveRunning=False
2026-09-11 11:11:05.087 event=APPLICATION_STOPPING closeReason=UserClosing uptimeSeconds=33.118
2026-09-11 11:11:05.093 STATION-1 event=READER_STOP_REQUESTED cycle=0 cycleActive=False sampleCount=0
2026-09-11 11:11:05.095 STATION-1 event=PLC_CONNECTION_CLOSED attempt=1 cancellationRequested=True
2026-09-11 11:11:05.097 STATION-1 event=CONNECTION_STATE_CHANGED state=Disconnected endpoint=172.20.9.100:5000
2026-09-11 11:11:05.097 STATION-1 event=READER_STOPPED connectionAttempts=1 lastCycle=0 lastSampleCount=0
2026-09-11 11:11:05.103 STATION-2 event=READER_STOP_REQUESTED cycle=0 cycleActive=False sampleCount=0
2026-09-11 11:11:05.104 STATION-2 event=PLC_CONNECTION_CLOSED attempt=1 cancellationRequested=True
2026-09-11 11:11:05.105 STATION-2 event=CONNECTION_STATE_CHANGED state=Disconnected endpoint=172.20.9.101:5000
2026-09-11 11:11:05.106 STATION-2 event=READER_STOPPED connectionAttempts=1 lastCycle=0 lastSampleCount=0
2026-09-11 11:11:05.106 event=APPLICATION_STOPPED uptimeSeconds=33.137
2026-09-11 11:11:05.163 event=APPLICATION_MESSAGE_LOOP_EXITED
2026-09-11 11:11:33.233 event=APPLICATION_BOOTSTRAP_STARTED
2026-09-11 11:11:33.272 LICENSE event=LICENSE_VALIDATION_SUCCEEDED licensedAdapterFound=true durationPolicy=PERMANENT firstRunUtc=not_applicable expirationUtc=not_applicable
2026-09-11 11:11:33.712 event=STORAGE_INITIALIZED applicationRoot="C:\\SOFCMeas" dataRoot="C:\\SOFCMeas\\Data" logRoot="C:\\SOFCMeas\\log" retentionDays=30 autoDelete=True maxFileMb=20
2026-09-11 11:11:33.724 STATION-1 event=PLC_SETTINGS_LOADED station=1 endpoint=172.20.9.100:5000 autoConnect=True pollMs=500 reconnectMs=2000 timeoutMs=3000 loadScale=1000 maxGraphPoints=0 requestDevice=D810 startValue=1 endValue=0 loadRaw=D700 loadWords=5 loadFormat=ASCII_STX_HEADER_SIGN_MAGNITUDE_ETX
2026-09-11 11:11:33.724 STATION-2 event=PLC_SETTINGS_LOADED station=2 endpoint=172.20.9.101:5000 autoConnect=True pollMs=500 reconnectMs=2000 timeoutMs=3000 loadScale=1000 maxGraphPoints=0 requestDevice=D810 startValue=1 endValue=0 loadRaw=D700 loadWords=5 loadFormat=ASCII_STX_HEADER_SIGN_MAGNITUDE_ETX
2026-09-11 11:11:33.742 STATION-1 event=PLC_READER_INITIALIZED
2026-09-11 11:11:33.742 STATION-2 event=PLC_READER_INITIALIZED
2026-09-11 11:11:33.809 event=APPLICATION_STARTED product=SOFCMeas version=1.0.0.0 machine="SHBANG" os="Microsoft Windows NT 10.0.19045.0" process64Bit=True clr="4.0.30319.42000"
2026-09-11 11:11:33.809 event=PLC_READERS_START_REQUESTED stations=STATION-1,STATION-2
2026-09-11 11:11:33.813 STATION-1 event=READER_STARTED endpoint=172.20.9.100:5000 pollMs=500 timeoutMs=3000 reconnectMs=2000
2026-09-11 11:11:33.813 STATION-2 event=READER_STARTED endpoint=172.20.9.101:5000 pollMs=500 timeoutMs=3000 reconnectMs=2000
2026-09-11 11:11:33.819 LOG-CLEANUP event=LOG_CLEANUP_STARTED force=False retentionDays=30 firstRetainedDate=2026-08-13 root="C:\\SOFCMeas\\log" scope=log_only dataDeletion=false
2026-09-11 11:11:33.819 STATION-1 event=CONNECTION_STATE_CHANGED state=Connecting endpoint=172.20.9.100:5000
2026-09-11 11:11:33.821 STATION-1 event=PLC_CONNECT_ATTEMPT attempt=1 endpoint=172.20.9.100:5000
2026-09-11 11:11:33.821 STATION-2 event=CONNECTION_STATE_CHANGED state=Connecting endpoint=172.20.9.101:5000
2026-09-11 11:11:33.823 STATION-2 event=PLC_CONNECT_ATTEMPT attempt=1 endpoint=172.20.9.101:5000
2026-09-11 11:11:33.829 STATION-1 event=CONNECTION_STATE_CHANGED state=Connected endpoint=172.20.9.100:5000
2026-09-11 11:11:33.831 STATION-1 event=PLC_CONNECTED attempt=1 endpoint=172.20.9.100:5000 connectElapsedMs=12
2026-09-11 11:11:33.831 STATION-2 event=CONNECTION_STATE_CHANGED state=Connected endpoint=172.20.9.101:5000
2026-09-11 11:11:33.831 STATION-2 event=PLC_CONNECTED attempt=1 endpoint=172.20.9.101:5000 connectElapsedMs=10
2026-09-11 11:11:33.867 LOG-CLEANUP event=LOG_CLEANUP_COMPLETED force=False firstRetainedDate=2026-08-13 deletedFiles=0 deletedDayDirectories=0 failedDayDirectories=0 elapsedMs=48 scope=log_only dataDeletion=false
2026-09-11 11:11:41.342 WARN STATION-2 event=READER_START_IGNORED reason=already_started
2026-09-11 11:11:41.426 STATION-2 event=PLC_REQUEST_CHANGED signal=END_REQ device=D810 value=0 readTime=2026-09-11T11:11:41.4224920+09:00
2026-09-11 11:11:42.363 WARN STATION-1 event=READER_START_IGNORED reason=already_started
2026-09-11 11:11:42.425 STATION-1 event=PLC_REQUEST_CHANGED signal=END_REQ device=D810 value=0 readTime=2026-09-11T11:11:42.4251477+09:00
2026-09-11 11:11:43.435 STATION-2 event=PLC_REQUEST_CHANGED signal=START_REQ device=D810 value=1 readTime=2026-09-11T11:11:43.4350370+09:00
2026-09-11 11:11:43.436 STATION-2 event=CYCLE_STARTED cycle=1 requestDevice=D810 requestValue=1 readTime=2026-09-11T11:11:43.4350370+09:00
2026-09-11 11:11:43.438 STATION-2 event=SAMPLE_ACCEPTED cycle=1 sample=1 raw=0 loadKgf=0.000000 readTime=2026-09-11T11:11:43.4350370+09:00 words=[12546,8235,11824,12336,816]
2026-09-11 11:11:43.446 WARN STATION-2 event=LOT_AUTO_PREPARED reason=start_request_before_file_create station=#2 lot="260827-B03" fileName="SOFC_B07" operator="김영희" spec="0.41"
2026-09-11 11:11:43.446 STATION-2 event=CYCLE_UI_STARTED cycle=1 startedAt=2026-09-11T11:11:43.4350370+09:00 lot="260827-B03" fileName="SOFC_B07" operator="김영희" spec="0.41"
2026-09-11 11:11:43.932 STATION-2 event=SAMPLE_ACCEPTED cycle=1 sample=2 raw=40 loadKgf=0.040000 readTime=2026-09-11T11:11:43.9321681+09:00 words=[12546,8235,11824,13360,816]
2026-09-11 11:11:44.431 STATION-2 event=SAMPLE_ACCEPTED cycle=1 sample=3 raw=100 loadKgf=0.100000 readTime=2026-09-11T11:11:44.4310565+09:00 words=[12546,8235,11824,12337,816]
2026-09-11 11:11:44.933 STATION-2 event=SAMPLE_ACCEPTED cycle=1 sample=4 raw=125 loadKgf=0.125000 readTime=2026-09-11T11:11:44.9332316+09:00 words=[12546,8235,11824,12849,821]
2026-09-11 11:11:45.436 STATION-2 event=SAMPLE_ACCEPTED cycle=1 sample=5 raw=195 loadKgf=0.195000 readTime=2026-09-11T11:11:45.4361940+09:00 words=[12546,8235,11824,14641,821]
2026-09-11 11:11:45.938 STATION-2 event=SAMPLE_ACCEPTED cycle=1 sample=6 raw=265 loadKgf=0.265000 readTime=2026-09-11T11:11:45.9387332+09:00 words=[12546,8235,11824,13874,821]
2026-09-11 11:11:46.439 STATION-2 event=SAMPLE_ACCEPTED cycle=1 sample=7 raw=310 loadKgf=0.310000 readTime=2026-09-11T11:11:46.4391228+09:00 words=[12546,8235,11824,12595,816]
2026-09-11 11:11:46.940 STATION-2 event=SAMPLE_ACCEPTED cycle=1 sample=8 raw=310 loadKgf=0.310000 readTime=2026-09-11T11:11:46.9409756+09:00 words=[12546,8235,11824,12595,816]
2026-09-11 11:11:47.443 STATION-2 event=SAMPLE_ACCEPTED cycle=1 sample=9 raw=320 loadKgf=0.320000 readTime=2026-09-11T11:11:47.4433414+09:00 words=[12546,8235,11824,12851,816]
2026-09-11 11:11:47.944 STATION-2 event=SAMPLE_ACCEPTED cycle=1 sample=10 raw=320 loadKgf=0.320000 readTime=2026-09-11T11:11:47.9444822+09:00 words=[12546,8235,11824,12851,816]
2026-09-11 11:11:48.447 STATION-2 event=SAMPLE_ACCEPTED cycle=1 sample=11 raw=320 loadKgf=0.320000 readTime=2026-09-11T11:11:48.4475621+09:00 words=[12546,8235,11824,12851,816]
2026-09-11 11:11:48.949 STATION-2 event=SAMPLE_ACCEPTED cycle=1 sample=12 raw=325 loadKgf=0.325000 readTime=2026-09-11T11:11:48.9494820+09:00 words=[12546,8235,11824,12851,821]
2026-09-11 11:11:49.451 STATION-2 event=SAMPLE_ACCEPTED cycle=1 sample=13 raw=330 loadKgf=0.330000 readTime=2026-09-11T11:11:49.4510955+09:00 words=[12546,8235,11824,13107,816]
2026-09-11 11:11:49.950 STATION-2 event=SAMPLE_ACCEPTED cycle=1 sample=14 raw=330 loadKgf=0.330000 readTime=2026-09-11T11:11:49.9501429+09:00 words=[12546,8235,11824,13107,816]
2026-09-11 11:11:50.453 STATION-2 event=SAMPLE_ACCEPTED cycle=1 sample=15 raw=330 loadKgf=0.330000 readTime=2026-09-11T11:11:50.4534322+09:00 words=[12546,8235,11824,13107,816]
2026-09-11 11:11:50.952 STATION-2 event=SAMPLE_ACCEPTED cycle=1 sample=16 raw=335 loadKgf=0.335000 readTime=2026-09-11T11:11:50.9525108+09:00 words=[12546,8235,11824,13107,821]
2026-09-11 11:11:51.455 STATION-2 event=SAMPLE_ACCEPTED cycle=1 sample=17 raw=340 loadKgf=0.340000 readTime=2026-09-11T11:11:51.4555680+09:00 words=[12546,8235,11824,13363,816]
2026-09-11 11:11:51.957 STATION-2 event=SAMPLE_ACCEPTED cycle=1 sample=18 raw=340 loadKgf=0.340000 readTime=2026-09-11T11:11:51.9576611+09:00 words=[12546,8235,11824,13363,816]
2026-09-11 11:11:52.468 STATION-2 event=SAMPLE_ACCEPTED cycle=1 sample=19 raw=350 loadKgf=0.350000 readTime=2026-09-11T11:11:52.4662355+09:00 words=[12546,8235,11824,13619,816]
2026-09-11 11:11:52.968 STATION-2 event=SAMPLE_ACCEPTED cycle=1 sample=20 raw=350 loadKgf=0.350000 readTime=2026-09-11T11:11:52.9686438+09:00 words=[12546,8235,11824,13619,816]
2026-09-11 11:11:53.476 STATION-2 event=SAMPLE_ACCEPTED cycle=1 sample=21 raw=350 loadKgf=0.350000 readTime=2026-09-11T11:11:53.4765371+09:00 words=[12546,8235,11824,13619,816]
2026-09-11 11:11:53.971 STATION-2 event=SAMPLE_ACCEPTED cycle=1 sample=22 raw=355 loadKgf=0.355000 readTime=2026-09-11T11:11:53.9719316+09:00 words=[12546,8235,11824,13619,821]
2026-09-11 11:11:54.471 STATION-2 event=SAMPLE_ACCEPTED cycle=1 sample=23 raw=360 loadKgf=0.360000 readTime=2026-09-11T11:11:54.4714699+09:00 words=[12546,8235,11824,13875,816]
2026-09-11 11:11:54.973 STATION-2 event=SAMPLE_ACCEPTED cycle=1 sample=24 raw=360 loadKgf=0.360000 readTime=2026-09-11T11:11:54.9718140+09:00 words=[12546,8235,11824,13875,816]
2026-09-11 11:11:55.478 STATION-2 event=SAMPLE_ACCEPTED cycle=1 sample=25 raw=360 loadKgf=0.360000 readTime=2026-09-11T11:11:55.4784171+09:00 words=[12546,8235,11824,13875,816]
2026-09-11 11:11:55.979 STATION-2 event=SAMPLE_ACCEPTED cycle=1 sample=26 raw=370 loadKgf=0.370000 readTime=2026-09-11T11:11:55.9797089+09:00 words=[12546,8235,11824,14131,816]
2026-09-11 11:11:56.479 STATION-2 event=SAMPLE_ACCEPTED cycle=1 sample=27 raw=370 loadKgf=0.370000 readTime=2026-09-11T11:11:56.4790740+09:00 words=[12546,8235,11824,14131,816]
2026-09-11 11:11:56.980 STATION-2 event=SAMPLE_ACCEPTED cycle=1 sample=28 raw=370 loadKgf=0.370000 readTime=2026-09-11T11:11:56.9800832+09:00 words=[12546,8235,11824,14131,816]
2026-09-11 11:11:57.482 STATION-2 event=SAMPLE_ACCEPTED cycle=1 sample=29 raw=370 loadKgf=0.370000 readTime=2026-09-11T11:11:57.4822409+09:00 words=[12546,8235,11824,14131,816]
2026-09-11 11:11:57.984 STATION-2 event=SAMPLE_ACCEPTED cycle=1 sample=30 raw=380 loadKgf=0.380000 readTime=2026-09-11T11:11:57.9842419+09:00 words=[12546,8235,11824,14387,816]
2026-09-11 11:11:58.487 STATION-2 event=SAMPLE_ACCEPTED cycle=1 sample=31 raw=380 loadKgf=0.380000 readTime=2026-09-11T11:11:58.4878091+09:00 words=[12546,8235,11824,14387,816]
2026-09-11 11:11:58.990 STATION-2 event=SAMPLE_ACCEPTED cycle=1 sample=32 raw=380 loadKgf=0.380000 readTime=2026-09-11T11:11:58.9908961+09:00 words=[12546,8235,11824,14387,816]
2026-09-11 11:11:59.499 STATION-2 event=SAMPLE_ACCEPTED cycle=1 sample=33 raw=385 loadKgf=0.385000 readTime=2026-09-11T11:11:59.4993000+09:00 words=[12546,8235,11824,14387,821]
2026-09-11 11:12:00.001 STATION-2 event=SAMPLE_ACCEPTED cycle=1 sample=34 raw=390 loadKgf=0.390000 readTime=2026-09-11T11:12:00.0016775+09:00 words=[12546,8235,11824,14643,816]
2026-09-11 11:12:00.507 STATION-2 event=SAMPLE_ACCEPTED cycle=1 sample=35 raw=390 loadKgf=0.390000 readTime=2026-09-11T11:12:00.5079446+09:00 words=[12546,8235,11824,14643,816]
2026-09-11 11:12:01.008 STATION-2 event=SAMPLE_ACCEPTED cycle=1 sample=36 raw=390 loadKgf=0.390000 readTime=2026-09-11T11:12:01.0084569+09:00 words=[12546,8235,11824,14643,816]
2026-09-11 11:12:01.508 STATION-2 event=SAMPLE_ACCEPTED cycle=1 sample=37 raw=400 loadKgf=0.400000 readTime=2026-09-11T11:12:01.5089155+09:00 words=[12546,8235,11824,12340,816]
2026-09-11 11:12:02.010 STATION-2 event=SAMPLE_ACCEPTED cycle=1 sample=38 raw=400 loadKgf=0.400000 readTime=2026-09-11T11:12:02.0106285+09:00 words=[12546,8235,11824,12340,816]
2026-09-11 11:12:02.513 STATION-2 event=SAMPLE_ACCEPTED cycle=1 sample=39 raw=400 loadKgf=0.400000 readTime=2026-09-11T11:12:02.5130306+09:00 words=[12546,8235,11824,12340,816]
2026-09-11 11:12:03.012 STATION-2 event=SAMPLE_ACCEPTED cycle=1 sample=40 raw=405 loadKgf=0.405000 readTime=2026-09-11T11:12:03.0124213+09:00 words=[12546,8235,11824,12340,821]
2026-09-11 11:12:03.510 STATION-2 event=PLC_REQUEST_CHANGED signal=END_REQ device=D810 value=0 readTime=2026-09-11T11:12:03.5106843+09:00
2026-09-11 11:12:03.512 STATION-2 event=CYCLE_ENDED cycle=1 requestDevice=D810 requestValue=0 sampleCount=40 durationMs=20076 readTime=2026-09-11T11:12:03.5106843+09:00
2026-09-11 11:12:03.518 STATION-2 event=INSPECTION_EVALUATION_STARTED cycle=1 readerSampleCount=40 uiSampleCount=40 lot="260827-B03" fileName="SOFC_B07" operator="김영희" spec="0.41"
2026-09-11 11:12:03.526 STATION-2 event=INSPECTION_EVALUATED cycle=1 verdict=NG valid=True peakKgf=0.405000 lowerSpecKgf=0.410000 upperSpecKgf=0.410000 sampleCount=40 inspectionCount=1 passCount=0 failCount=1 yieldPercent=0.00 message="검사 완료: PEAK 0.405 kgf / SPEC 0.410 / NG (검사 1, GOOD 0, NG 1, Yield 0.00%)"
2026-09-11 11:12:03.530 STATION-2 event=INSPECTION_BUFFERED_IN_MEMORY cycle=1 lot="260827-B03" fileName="SOFC_B07" verdict=NG lotInspectionCount=1 sampleCount=40
2026-09-11 11:12:03.530 STATION-2 event=ACQUISITION_STATE_CHANGED from=EVALUATING to=WAITSTART
2026-09-11 11:13:13.512 event=APPLICATION_CLOSE_CANCELLED unsavedInspectionCount=1 collectionActive=False saveRunning=False
2026-09-11 11:13:15.525 STATION-2 event=ACQUISITION_STATE_CHANGED from=WAITSTART to=SAVING
2026-09-11 11:13:15.533 STATION-2 event=LOT_SAVE_STARTED lot="260827-B03" fileName="SOFC_B07" inspectionCount=1
2026-09-11 11:13:15.571 INSPECTION-STORAGE event=INSPECTION_INDEX_RECOVERED file="C:\\SOFCMeas\\Data\\PLC2\\2026\\09\\11\\20260911_111315_260827-B03_SOFC_B07.csv"
2026-09-11 11:13:15.571 STATION-2 event=LOT_FILE_SAVED lot="260827-B03" inspectionCount=1 sampleCount=40 maximumRawDataCount=40 format=lot_summary_2row_kgf_matrix file="C:\\SOFCMeas\\Data\\PLC2\\2026\\09\\11\\20260911_111315_260827-B03_SOFC_B07.csv"
2026-09-11 11:13:15.577 STATION-2 event=LOT_SAVE_COMPLETED lot="260827-B03" inspectionCount=1 remainingMemoryCount=0 file="C:\\SOFCMeas\\Data\\PLC2\\2026\\09\\11\\20260911_111315_260827-B03_SOFC_B07.csv" fileBytes=507
2026-09-11 11:13:17.182 STATION-2 event=ACQUISITION_STATE_CHANGED from=SAVING to=WAITSTART
2026-09-11 11:13:19.542 WARN event=UNSAVED_LOT_DATA_DISCARDED station1Count=0 station2Count=0 collectionActive=False saveRunning=False
2026-09-11 11:13:19.564 event=APPLICATION_STOPPING closeReason=UserClosing uptimeSeconds=106.216
2026-09-11 11:13:19.571 STATION-1 event=READER_STOP_REQUESTED cycle=0 cycleActive=False sampleCount=0
2026-09-11 11:13:19.571 STATION-1 event=PLC_CONNECTION_CLOSED attempt=1 cancellationRequested=True
2026-09-11 11:13:19.571 STATION-1 event=CONNECTION_STATE_CHANGED state=Disconnected endpoint=172.20.9.100:5000
2026-09-11 11:13:19.571 STATION-1 event=READER_STOPPED connectionAttempts=1 lastCycle=0 lastSampleCount=0
2026-09-11 11:13:19.575 STATION-2 event=READER_STOP_REQUESTED cycle=1 cycleActive=False sampleCount=40
2026-09-11 11:13:19.577 STATION-2 event=PLC_CONNECTION_CLOSED attempt=1 cancellationRequested=True
2026-09-11 11:13:19.577 STATION-2 event=CONNECTION_STATE_CHANGED state=Disconnected endpoint=172.20.9.101:5000
2026-09-11 11:13:19.577 STATION-2 event=READER_STOPPED connectionAttempts=1 lastCycle=1 lastSampleCount=40
2026-09-11 11:13:19.577 event=APPLICATION_STOPPED uptimeSeconds=106.229
2026-09-11 11:13:19.639 event=APPLICATION_MESSAGE_LOOP_EXITED
2026-09-11 11:20:30.878 event=APPLICATION_BOOTSTRAP_STARTED
2026-09-11 11:20:30.925 LICENSE event=LICENSE_VALIDATION_SUCCEEDED licensedAdapterFound=true durationPolicy=PERMANENT firstRunUtc=not_applicable expirationUtc=not_applicable
2026-09-11 11:20:31.575 event=STORAGE_INITIALIZED applicationRoot="C:\\SOFCMeas" dataRoot="C:\\SOFCMeas\\Data" logRoot="C:\\SOFCMeas\\log" retentionDays=30 autoDelete=True maxFileMb=20
2026-09-11 11:20:31.593 STATION-1 event=PLC_SETTINGS_LOADED station=1 endpoint=172.20.9.100:5000 autoConnect=True pollMs=500 postStopReadMs=2000 reconnectMs=2000 timeoutMs=3000 loadScale=1000 maxGraphPoints=0 requestDevice=D810 startValue=1 endValue=0 loadRaw=D700 loadWords=5 loadFormat=ASCII_STX_HEADER_SIGN_MAGNITUDE_ETX
2026-09-11 11:20:31.593 STATION-2 event=PLC_SETTINGS_LOADED station=2 endpoint=172.20.9.101:5000 autoConnect=True pollMs=500 postStopReadMs=2000 reconnectMs=2000 timeoutMs=3000 loadScale=1000 maxGraphPoints=0 requestDevice=D810 startValue=1 endValue=0 loadRaw=D700 loadWords=5 loadFormat=ASCII_STX_HEADER_SIGN_MAGNITUDE_ETX
2026-09-11 11:20:31.621 STATION-1 event=PLC_READER_INITIALIZED
2026-09-11 11:20:31.621 STATION-2 event=PLC_READER_INITIALIZED
2026-09-11 11:20:31.709 event=APPLICATION_STARTED product=SOFCMeas version=1.0.0.0 machine="SHBANG" os="Microsoft Windows NT 10.0.19045.0" process64Bit=True clr="4.0.30319.42000"
2026-09-11 11:20:31.709 event=PLC_READERS_START_REQUESTED stations=STATION-1,STATION-2
2026-09-11 11:20:31.713 STATION-1 event=READER_STARTED endpoint=172.20.9.100:5000 pollMs=500 timeoutMs=3000 reconnectMs=2000
2026-09-11 11:20:31.723 STATION-2 event=READER_STARTED endpoint=172.20.9.101:5000 pollMs=500 timeoutMs=3000 reconnectMs=2000
2026-09-11 11:20:31.729 LOG-CLEANUP event=LOG_CLEANUP_STARTED force=False retentionDays=30 firstRetainedDate=2026-08-13 root="C:\\SOFCMeas\\log" scope=log_only dataDeletion=false
2026-09-11 11:20:31.732 STATION-1 event=CONNECTION_STATE_CHANGED state=Connecting endpoint=172.20.9.100:5000
2026-09-11 11:20:31.734 STATION-1 event=PLC_CONNECT_ATTEMPT attempt=1 endpoint=172.20.9.100:5000
2026-09-11 11:20:31.734 STATION-2 event=CONNECTION_STATE_CHANGED state=Connecting endpoint=172.20.9.101:5000
2026-09-11 11:20:31.735 STATION-2 event=PLC_CONNECT_ATTEMPT attempt=1 endpoint=172.20.9.101:5000
2026-09-11 11:20:31.748 STATION-2 event=CONNECTION_STATE_CHANGED state=Connected endpoint=172.20.9.101:5000
2026-09-11 11:20:31.749 STATION-2 event=PLC_CONNECTED attempt=1 endpoint=172.20.9.101:5000 connectElapsedMs=16
2026-09-11 11:20:31.748 STATION-1 event=CONNECTION_STATE_CHANGED state=Connected endpoint=172.20.9.100:5000
2026-09-11 11:20:31.750 STATION-1 event=PLC_CONNECTED attempt=1 endpoint=172.20.9.100:5000 connectElapsedMs=19
2026-09-11 11:20:31.790 LOG-CLEANUP event=LOG_CLEANUP_COMPLETED force=False firstRetainedDate=2026-08-13 deletedFiles=0 deletedDayDirectories=0 failedDayDirectories=0 elapsedMs=61 scope=log_only dataDeletion=false
2026-09-11 11:20:33.942 WARN STATION-2 event=READER_START_IGNORED reason=already_started
2026-09-11 11:20:34.290 STATION-2 event=PLC_REQUEST_CHANGED signal=END_REQ device=D810 value=0 readTime=2026-09-11T11:20:34.2877649+09:00
2026-09-11 11:20:34.753 WARN STATION-1 event=READER_START_IGNORED reason=already_started
2026-09-11 11:20:34.806 STATION-1 event=PLC_REQUEST_CHANGED signal=END_REQ device=D810 value=0 readTime=2026-09-11T11:20:34.8061020+09:00
2026-09-11 11:20:50.920 STATION-2 event=PLC_REQUEST_CHANGED signal=START_REQ device=D810 value=1 readTime=2026-09-11T11:20:50.9204667+09:00
2026-09-11 11:20:50.920 STATION-2 event=CYCLE_STARTED cycle=1 requestDevice=D810 requestValue=1 readTime=2026-09-11T11:20:50.9204667+09:00
2026-09-11 11:20:50.923 STATION-2 event=SAMPLE_ACCEPTED cycle=1 sample=1 raw=0 loadKgf=0.000000 readTime=2026-09-11T11:20:50.9204667+09:00 words=[12546,8235,11824,12336,816]
2026-09-11 11:20:50.931 WARN STATION-2 event=LOT_AUTO_PREPARED reason=start_request_before_file_create station=#2 lot="260827-B03" fileName="SOFC_B07" operator="김영희" spec="0.41"
2026-09-11 11:20:50.931 STATION-2 event=CYCLE_UI_STARTED cycle=1 startedAt=2026-09-11T11:20:50.9204667+09:00 lot="260827-B03" fileName="SOFC_B07" operator="김영희" spec="0.41"
2026-09-11 11:20:51.419 STATION-2 event=SAMPLE_ACCEPTED cycle=1 sample=2 raw=35 loadKgf=0.035000 readTime=2026-09-11T11:20:51.4199423+09:00 words=[12546,8235,11824,13104,821]
2026-09-11 11:20:51.921 STATION-2 event=SAMPLE_ACCEPTED cycle=1 sample=3 raw=95 loadKgf=0.095000 readTime=2026-09-11T11:20:51.9212559+09:00 words=[12546,8235,11824,14640,821]
2026-09-11 11:20:52.420 STATION-2 event=SAMPLE_ACCEPTED cycle=1 sample=4 raw=155 loadKgf=0.155000 readTime=2026-09-11T11:20:52.4206247+09:00 words=[12546,8235,11824,13617,821]
2026-09-11 11:20:52.923 STATION-2 event=SAMPLE_ACCEPTED cycle=1 sample=5 raw=225 loadKgf=0.225000 readTime=2026-09-11T11:20:52.9230987+09:00 words=[12546,8235,11824,12850,821]
2026-09-11 11:20:53.422 STATION-2 event=SAMPLE_ACCEPTED cycle=1 sample=6 raw=290 loadKgf=0.290000 readTime=2026-09-11T11:20:53.4227592+09:00 words=[12546,8235,11824,14642,816]
2026-09-11 11:20:53.926 STATION-2 event=SAMPLE_ACCEPTED cycle=1 sample=7 raw=315 loadKgf=0.315000 readTime=2026-09-11T11:20:53.9263496+09:00 words=[12546,8235,11824,12595,821]
2026-09-11 11:20:54.438 STATION-2 event=SAMPLE_ACCEPTED cycle=1 sample=8 raw=315 loadKgf=0.315000 readTime=2026-09-11T11:20:54.4389685+09:00 words=[12546,8235,11824,12595,821]
2026-09-11 11:20:54.937 STATION-2 event=SAMPLE_ACCEPTED cycle=1 sample=9 raw=315 loadKgf=0.315000 readTime=2026-09-11T11:20:54.9379173+09:00 words=[12546,8235,11824,12595,821]
2026-09-11 11:20:55.440 STATION-2 event=SAMPLE_ACCEPTED cycle=1 sample=10 raw=320 loadKgf=0.320000 readTime=2026-09-11T11:20:55.4401516+09:00 words=[12546,8235,11824,12851,816]
2026-09-11 11:20:55.951 STATION-2 event=SAMPLE_ACCEPTED cycle=1 sample=11 raw=325 loadKgf=0.325000 readTime=2026-09-11T11:20:55.9517559+09:00 words=[12546,8235,11824,12851,821]
2026-09-11 11:20:56.453 STATION-2 event=SAMPLE_ACCEPTED cycle=1 sample=12 raw=325 loadKgf=0.325000 readTime=2026-09-11T11:20:56.4510159+09:00 words=[12546,8235,11824,12851,821]
2026-09-11 11:20:56.952 STATION-2 event=SAMPLE_ACCEPTED cycle=1 sample=13 raw=330 loadKgf=0.330000 readTime=2026-09-11T11:20:56.9526385+09:00 words=[12546,8235,11824,13107,816]
2026-09-11 11:20:57.457 STATION-2 event=SAMPLE_ACCEPTED cycle=1 sample=14 raw=335 loadKgf=0.335000 readTime=2026-09-11T11:20:57.4578095+09:00 words=[12546,8235,11824,13107,821]
2026-09-11 11:20:57.972 STATION-2 event=SAMPLE_ACCEPTED cycle=1 sample=15 raw=335 loadKgf=0.335000 readTime=2026-09-11T11:20:57.9712800+09:00 words=[12546,8235,11824,13107,821]
2026-09-11 11:20:58.475 STATION-2 event=SAMPLE_ACCEPTED cycle=1 sample=16 raw=335 loadKgf=0.335000 readTime=2026-09-11T11:20:58.4753210+09:00 words=[12546,8235,11824,13107,821]
2026-09-11 11:20:58.976 STATION-2 event=SAMPLE_ACCEPTED cycle=1 sample=17 raw=340 loadKgf=0.340000 readTime=2026-09-11T11:20:58.9766062+09:00 words=[12546,8235,11824,13363,816]
2026-09-11 11:20:59.481 STATION-2 event=SAMPLE_ACCEPTED cycle=1 sample=18 raw=345 loadKgf=0.345000 readTime=2026-09-11T11:20:59.4815433+09:00 words=[12546,8235,11824,13363,821]
2026-09-11 11:20:59.981 STATION-2 event=SAMPLE_ACCEPTED cycle=1 sample=19 raw=345 loadKgf=0.345000 readTime=2026-09-11T11:20:59.9816542+09:00 words=[12546,8235,11824,13363,821]
2026-09-11 11:21:00.482 STATION-2 event=SAMPLE_ACCEPTED cycle=1 sample=20 raw=345 loadKgf=0.345000 readTime=2026-09-11T11:21:00.4828056+09:00 words=[12546,8235,11824,13363,821]
2026-09-11 11:21:00.981 STATION-2 event=SAMPLE_ACCEPTED cycle=1 sample=21 raw=350 loadKgf=0.350000 readTime=2026-09-11T11:21:00.9816683+09:00 words=[12546,8235,11824,13619,816]
2026-09-11 11:21:01.485 STATION-2 event=SAMPLE_ACCEPTED cycle=1 sample=22 raw=355 loadKgf=0.355000 readTime=2026-09-11T11:21:01.4854305+09:00 words=[12546,8235,11824,13619,821]
2026-09-11 11:21:01.986 STATION-2 event=SAMPLE_ACCEPTED cycle=1 sample=23 raw=355 loadKgf=0.355000 readTime=2026-09-11T11:21:01.9867451+09:00 words=[12546,8235,11824,13619,821]
2026-09-11 11:21:02.487 STATION-2 event=SAMPLE_ACCEPTED cycle=1 sample=24 raw=355 loadKgf=0.355000 readTime=2026-09-11T11:21:02.4879875+09:00 words=[12546,8235,11824,13619,821]
2026-09-11 11:21:02.988 STATION-2 event=SAMPLE_ACCEPTED cycle=1 sample=25 raw=360 loadKgf=0.360000 readTime=2026-09-11T11:21:02.9883135+09:00 words=[12546,8235,11824,13875,816]
2026-09-11 11:21:03.504 STATION-2 event=SAMPLE_ACCEPTED cycle=1 sample=26 raw=365 loadKgf=0.365000 readTime=2026-09-11T11:21:03.5040989+09:00 words=[12546,8235,11824,13875,821]
2026-09-11 11:21:04.005 STATION-2 event=SAMPLE_ACCEPTED cycle=1 sample=27 raw=365 loadKgf=0.365000 readTime=2026-09-11T11:21:04.0058760+09:00 words=[12546,8235,11824,13875,821]
2026-09-11 11:21:04.507 STATION-2 event=SAMPLE_ACCEPTED cycle=1 sample=28 raw=370 loadKgf=0.370000 readTime=2026-09-11T11:21:04.5074823+09:00 words=[12546,8235,11824,14131,816]
2026-09-11 11:21:05.009 STATION-2 event=SAMPLE_ACCEPTED cycle=1 sample=29 raw=375 loadKgf=0.375000 readTime=2026-09-11T11:21:05.0099128+09:00 words=[12546,8235,11824,14131,821]
2026-09-11 11:21:05.512 STATION-2 event=SAMPLE_ACCEPTED cycle=1 sample=30 raw=375 loadKgf=0.375000 readTime=2026-09-11T11:21:05.5124027+09:00 words=[12546,8235,11824,14131,821]
2026-09-11 11:21:06.012 STATION-2 event=SAMPLE_ACCEPTED cycle=1 sample=31 raw=375 loadKgf=0.375000 readTime=2026-09-11T11:21:06.0128883+09:00 words=[12546,8235,11824,14131,821]
2026-09-11 11:21:06.515 STATION-2 event=SAMPLE_ACCEPTED cycle=1 sample=32 raw=380 loadKgf=0.380000 readTime=2026-09-11T11:21:06.5156056+09:00 words=[12546,8235,11824,14387,816]
2026-09-11 11:21:07.017 STATION-2 event=SAMPLE_ACCEPTED cycle=1 sample=33 raw=385 loadKgf=0.385000 readTime=2026-09-11T11:21:07.0175147+09:00 words=[12546,8235,11824,14387,821]
2026-09-11 11:21:07.520 STATION-2 event=SAMPLE_ACCEPTED cycle=1 sample=34 raw=385 loadKgf=0.385000 readTime=2026-09-11T11:21:07.5205849+09:00 words=[12546,8235,11824,14387,821]
2026-09-11 11:21:08.020 STATION-2 event=SAMPLE_ACCEPTED cycle=1 sample=35 raw=390 loadKgf=0.390000 readTime=2026-09-11T11:21:08.0206824+09:00 words=[12546,8235,11824,14643,816]
2026-09-11 11:21:08.521 STATION-2 event=SAMPLE_ACCEPTED cycle=1 sample=36 raw=395 loadKgf=0.395000 readTime=2026-09-11T11:21:08.5217094+09:00 words=[12546,8235,11824,14643,821]
2026-09-11 11:21:09.023 STATION-2 event=SAMPLE_ACCEPTED cycle=1 sample=37 raw=395 loadKgf=0.395000 readTime=2026-09-11T11:21:09.0238873+09:00 words=[12546,8235,11824,14643,821]
2026-09-11 11:21:09.524 STATION-2 event=SAMPLE_ACCEPTED cycle=1 sample=38 raw=395 loadKgf=0.395000 readTime=2026-09-11T11:21:09.5243621+09:00 words=[12546,8235,11824,14643,821]
2026-09-11 11:21:10.027 STATION-2 event=SAMPLE_ACCEPTED cycle=1 sample=39 raw=400 loadKgf=0.400000 readTime=2026-09-11T11:21:10.0275539+09:00 words=[12546,8235,11824,12340,816]
2026-09-11 11:21:10.530 STATION-2 event=SAMPLE_ACCEPTED cycle=1 sample=40 raw=405 loadKgf=0.405000 readTime=2026-09-11T11:21:10.5308010+09:00 words=[12546,8235,11824,12340,821]
2026-09-11 11:21:11.030 STATION-2 event=SAMPLE_ACCEPTED cycle=1 sample=41 raw=405 loadKgf=0.405000 readTime=2026-09-11T11:21:11.0306646+09:00 words=[12546,8235,11824,12340,821]
2026-09-11 11:21:11.534 STATION-2 event=SAMPLE_ACCEPTED cycle=1 sample=42 raw=410 loadKgf=0.410000 readTime=2026-09-11T11:21:11.5340917+09:00 words=[12546,8235,11824,12596,816]
2026-09-11 11:21:12.036 STATION-2 event=POST_STOP_COLLECTION_STARTED cycle=1 durationMs=2000 requestDevice=D810 loadRaw=D700
2026-09-11 11:21:12.036 STATION-2 event=PLC_REQUEST_CHANGED signal=END_REQ device=D810 value=0 readTime=2026-09-11T11:21:12.0362577+09:00
2026-09-11 11:21:12.037 STATION-2 event=SAMPLE_ACCEPTED cycle=1 sample=43 raw=410 loadKgf=0.410000 readTime=2026-09-11T11:21:12.0362577+09:00 words=[12546,8235,11824,12596,816]
2026-09-11 11:21:12.539 STATION-2 event=SAMPLE_ACCEPTED cycle=1 sample=44 raw=410 loadKgf=0.410000 readTime=2026-09-11T11:21:12.5399391+09:00 words=[12546,8235,11824,12596,816]
2026-09-11 11:21:13.039 STATION-2 event=SAMPLE_ACCEPTED cycle=1 sample=45 raw=410 loadKgf=0.410000 readTime=2026-09-11T11:21:13.0392317+09:00 words=[12546,8235,11824,12596,816]
2026-09-11 11:21:13.546 STATION-2 event=SAMPLE_ACCEPTED cycle=1 sample=46 raw=410 loadKgf=0.410000 readTime=2026-09-11T11:21:13.5463641+09:00 words=[12546,8235,11824,12596,816]
2026-09-11 11:21:14.032 STATION-2 event=SAMPLE_ACCEPTED cycle=1 sample=47 raw=410 loadKgf=0.410000 readTime=2026-09-11T11:21:14.0320877+09:00 words=[12546,8235,11824,12596,816]
2026-09-11 11:21:14.039 STATION-2 event=SAMPLE_ACCEPTED cycle=1 sample=48 raw=410 loadKgf=0.410000 readTime=2026-09-11T11:21:14.0395312+09:00 words=[12546,8235,11824,12596,816]
2026-09-11 11:21:14.039 STATION-2 event=CYCLE_ENDED cycle=1 requestDevice=D810 requestValue=0 sampleCount=48 durationMs=23119 readTime=2026-09-11T11:21:14.0395312+09:00
2026-09-11 11:21:14.044 STATION-2 event=INSPECTION_EVALUATION_STARTED cycle=1 readerSampleCount=48 uiSampleCount=48 lot="260827-B03" fileName="SOFC_B07" operator="김영희" spec="0.41"
2026-09-11 11:21:14.055 STATION-2 event=INSPECTION_EVALUATED cycle=1 verdict=GOOD valid=True peakKgf=0.410000 lowerSpecKgf=0.410000 upperSpecKgf=0.410000 sampleCount=48 inspectionCount=1 passCount=1 failCount=0 yieldPercent=100.00 message="검사 완료: PEAK 0.410 kgf / SPEC 0.410 / GOOD (검사 1, GOOD 1, NG 0, Yield 100.00%)"
2026-09-11 11:21:14.059 STATION-2 event=INSPECTION_BUFFERED_IN_MEMORY cycle=1 lot="260827-B03" fileName="SOFC_B07" verdict=GOOD lotInspectionCount=1 sampleCount=48
2026-09-11 11:21:14.059 STATION-2 event=ACQUISITION_STATE_CHANGED from=EVALUATING to=WAITSTART
2026-09-11 11:21:24.636 STATION-2 event=PLC_REQUEST_CHANGED signal=START_REQ device=D810 value=1 readTime=2026-09-11T11:21:24.6362078+09:00
2026-09-11 11:21:24.636 STATION-2 event=CYCLE_STARTED cycle=2 requestDevice=D810 requestValue=1 readTime=2026-09-11T11:21:24.6362078+09:00
2026-09-11 11:21:24.636 STATION-2 event=SAMPLE_ACCEPTED cycle=2 sample=1 raw=10 loadKgf=0.010000 readTime=2026-09-11T11:21:24.6362078+09:00 words=[12546,8235,11824,12592,816]
2026-09-11 11:21:24.640 STATION-2 event=CYCLE_UI_STARTED cycle=2 startedAt=2026-09-11T11:21:24.6362078+09:00 lot="260827-B03" fileName="SOFC_B07" operator="김영희" spec="0.41"
2026-09-11 11:21:25.139 STATION-2 event=SAMPLE_ACCEPTED cycle=2 sample=2 raw=60 loadKgf=0.060000 readTime=2026-09-11T11:21:25.1398155+09:00 words=[12546,8235,11824,13872,816]
2026-09-11 11:21:25.643 STATION-2 event=SAMPLE_ACCEPTED cycle=2 sample=3 raw=120 loadKgf=0.120000 readTime=2026-09-11T11:21:25.6432361+09:00 words=[12546,8235,11824,12849,816]
2026-09-11 11:21:26.143 STATION-2 event=SAMPLE_ACCEPTED cycle=2 sample=4 raw=185 loadKgf=0.185000 readTime=2026-09-11T11:21:26.1438496+09:00 words=[12546,8235,11824,14385,821]
2026-09-11 11:21:26.654 STATION-2 event=SAMPLE_ACCEPTED cycle=2 sample=5 raw=220 loadKgf=0.220000 readTime=2026-09-11T11:21:26.6540695+09:00 words=[12546,8235,11824,12850,816]
2026-09-11 11:21:27.156 STATION-2 event=SAMPLE_ACCEPTED cycle=2 sample=6 raw=285 loadKgf=0.285000 readTime=2026-09-11T11:21:27.1562173+09:00 words=[12546,8235,11824,14386,821]
2026-09-11 11:21:27.657 STATION-2 event=SAMPLE_ACCEPTED cycle=2 sample=7 raw=310 loadKgf=0.310000 readTime=2026-09-11T11:21:27.6572514+09:00 words=[12546,8235,11824,12595,816]
2026-09-11 11:21:28.161 STATION-2 event=SAMPLE_ACCEPTED cycle=2 sample=8 raw=315 loadKgf=0.315000 readTime=2026-09-11T11:21:28.1612227+09:00 words=[12546,8235,11824,12595,821]
2026-09-11 11:21:28.664 STATION-2 event=SAMPLE_ACCEPTED cycle=2 sample=9 raw=315 loadKgf=0.315000 readTime=2026-09-11T11:21:28.6646783+09:00 words=[12546,8235,11824,12595,821]
2026-09-11 11:21:29.165 STATION-2 event=SAMPLE_ACCEPTED cycle=2 sample=10 raw=320 loadKgf=0.320000 readTime=2026-09-11T11:21:29.1650479+09:00 words=[12546,8235,11824,12851,816]
2026-09-11 11:21:29.671 STATION-2 event=SAMPLE_ACCEPTED cycle=2 sample=11 raw=325 loadKgf=0.325000 readTime=2026-09-11T11:21:29.6717130+09:00 words=[12546,8235,11824,12851,821]
2026-09-11 11:21:30.173 STATION-2 event=SAMPLE_ACCEPTED cycle=2 sample=12 raw=325 loadKgf=0.325000 readTime=2026-09-11T11:21:30.1735414+09:00 words=[12546,8235,11824,12851,821]
2026-09-11 11:21:30.673 STATION-2 event=SAMPLE_ACCEPTED cycle=2 sample=13 raw=325 loadKgf=0.325000 readTime=2026-09-11T11:21:30.6734499+09:00 words=[12546,8235,11824,12851,821]
2026-09-11 11:21:31.187 STATION-2 event=SAMPLE_ACCEPTED cycle=2 sample=14 raw=330 loadKgf=0.330000 readTime=2026-09-11T11:21:31.1876699+09:00 words=[12546,8235,11824,13107,816]
2026-09-11 11:21:31.691 STATION-2 event=SAMPLE_ACCEPTED cycle=2 sample=15 raw=335 loadKgf=0.335000 readTime=2026-09-11T11:21:31.6911858+09:00 words=[12546,8235,11824,13107,821]
2026-09-11 11:21:32.201 STATION-2 event=SAMPLE_ACCEPTED cycle=2 sample=16 raw=335 loadKgf=0.335000 readTime=2026-09-11T11:21:32.2011174+09:00 words=[12546,8235,11824,13107,821]
2026-09-11 11:21:32.704 STATION-2 event=SAMPLE_ACCEPTED cycle=2 sample=17 raw=335 loadKgf=0.335000 readTime=2026-09-11T11:21:32.7042426+09:00 words=[12546,8235,11824,13107,821]
2026-09-11 11:21:33.215 STATION-2 event=SAMPLE_ACCEPTED cycle=2 sample=18 raw=345 loadKgf=0.345000 readTime=2026-09-11T11:21:33.2134331+09:00 words=[12546,8235,11824,13363,821]
2026-09-11 11:21:33.716 STATION-2 event=SAMPLE_ACCEPTED cycle=2 sample=19 raw=345 loadKgf=0.345000 readTime=2026-09-11T11:21:33.7164513+09:00 words=[12546,8235,11824,13363,821]
2026-09-11 11:21:34.221 STATION-2 event=SAMPLE_ACCEPTED cycle=2 sample=20 raw=345 loadKgf=0.345000 readTime=2026-09-11T11:21:34.2210355+09:00 words=[12546,8235,11824,13363,821]
2026-09-11 11:21:34.720 STATION-2 event=SAMPLE_ACCEPTED cycle=2 sample=21 raw=350 loadKgf=0.350000 readTime=2026-09-11T11:21:34.7209875+09:00 words=[12546,8235,11824,13619,816]
2026-09-11 11:21:35.222 STATION-2 event=SAMPLE_ACCEPTED cycle=2 sample=22 raw=355 loadKgf=0.355000 readTime=2026-09-11T11:21:35.2229154+09:00 words=[12546,8235,11824,13619,821]
2026-09-11 11:21:35.725 STATION-2 event=SAMPLE_ACCEPTED cycle=2 sample=23 raw=355 loadKgf=0.355000 readTime=2026-09-11T11:21:35.7252061+09:00 words=[12546,8235,11824,13619,821]
2026-09-11 11:21:36.229 STATION-2 event=SAMPLE_ACCEPTED cycle=2 sample=24 raw=360 loadKgf=0.360000 readTime=2026-09-11T11:21:36.2294598+09:00 words=[12546,8235,11824,13875,816]
2026-09-11 11:21:36.726 STATION-2 event=SAMPLE_ACCEPTED cycle=2 sample=25 raw=365 loadKgf=0.365000 readTime=2026-09-11T11:21:36.7266036+09:00 words=[12546,8235,11824,13875,821]
2026-09-11 11:21:37.230 STATION-2 event=SAMPLE_ACCEPTED cycle=2 sample=26 raw=365 loadKgf=0.365000 readTime=2026-09-11T11:21:37.2300407+09:00 words=[12546,8235,11824,13875,821]
2026-09-11 11:21:37.729 STATION-2 event=SAMPLE_ACCEPTED cycle=2 sample=27 raw=365 loadKgf=0.365000 readTime=2026-09-11T11:21:37.7297349+09:00 words=[12546,8235,11824,13875,821]
2026-09-11 11:21:38.234 STATION-2 event=SAMPLE_ACCEPTED cycle=2 sample=28 raw=375 loadKgf=0.375000 readTime=2026-09-11T11:21:38.2348190+09:00 words=[12546,8235,11824,14131,821]
2026-09-11 11:21:38.747 STATION-2 event=SAMPLE_ACCEPTED cycle=2 sample=29 raw=375 loadKgf=0.375000 readTime=2026-09-11T11:21:38.7475107+09:00 words=[12546,8235,11824,14131,821]
2026-09-11 11:21:39.249 STATION-2 event=SAMPLE_ACCEPTED cycle=2 sample=30 raw=375 loadKgf=0.375000 readTime=2026-09-11T11:21:39.2496846+09:00 words=[12546,8235,11824,14131,821]
2026-09-11 11:21:39.750 STATION-2 event=SAMPLE_ACCEPTED cycle=2 sample=31 raw=385 loadKgf=0.385000 readTime=2026-09-11T11:21:39.7507336+09:00 words=[12546,8235,11824,14387,821]
2026-09-11 11:21:40.252 STATION-2 event=SAMPLE_ACCEPTED cycle=2 sample=32 raw=385 loadKgf=0.385000 readTime=2026-09-11T11:21:40.2529440+09:00 words=[12546,8235,11824,14387,821]
2026-09-11 11:21:40.764 STATION-2 event=SAMPLE_ACCEPTED cycle=2 sample=33 raw=385 loadKgf=0.385000 readTime=2026-09-11T11:21:40.7642390+09:00 words=[12546,8235,11824,14387,821]
2026-09-11 11:21:41.264 STATION-2 event=SAMPLE_ACCEPTED cycle=2 sample=34 raw=385 loadKgf=0.385000 readTime=2026-09-11T11:21:41.2644553+09:00 words=[12546,8235,11824,14387,821]
2026-09-11 11:21:41.767 STATION-2 event=SAMPLE_ACCEPTED cycle=2 sample=35 raw=390 loadKgf=0.390000 readTime=2026-09-11T11:21:41.7676938+09:00 words=[12546,8235,11824,14643,816]
2026-09-11 11:21:42.268 STATION-2 event=SAMPLE_ACCEPTED cycle=2 sample=36 raw=395 loadKgf=0.395000 readTime=2026-09-11T11:21:42.2687940+09:00 words=[12546,8235,11824,14643,821]
2026-09-11 11:21:42.770 STATION-2 event=SAMPLE_ACCEPTED cycle=2 sample=37 raw=395 loadKgf=0.395000 readTime=2026-09-11T11:21:42.7705611+09:00 words=[12546,8235,11824,14643,821]
2026-09-11 11:21:43.274 STATION-2 event=SAMPLE_ACCEPTED cycle=2 sample=38 raw=395 loadKgf=0.395000 readTime=2026-09-11T11:21:43.2747752+09:00 words=[12546,8235,11824,14643,821]
2026-09-11 11:21:43.773 STATION-2 event=SAMPLE_ACCEPTED cycle=2 sample=39 raw=400 loadKgf=0.400000 readTime=2026-09-11T11:21:43.7732769+09:00 words=[12546,8235,11824,12340,816]
2026-09-11 11:21:44.274 STATION-2 event=SAMPLE_ACCEPTED cycle=2 sample=40 raw=405 loadKgf=0.405000 readTime=2026-09-11T11:21:44.2742317+09:00 words=[12546,8235,11824,12340,821]
2026-09-11 11:21:44.776 STATION-2 event=SAMPLE_ACCEPTED cycle=2 sample=41 raw=405 loadKgf=0.405000 readTime=2026-09-11T11:21:44.7763286+09:00 words=[12546,8235,11824,12340,821]
2026-09-11 11:21:45.277 STATION-2 event=SAMPLE_ACCEPTED cycle=2 sample=42 raw=410 loadKgf=0.410000 readTime=2026-09-11T11:21:45.2773381+09:00 words=[12546,8235,11824,12596,816]
2026-09-11 11:21:45.783 STATION-2 event=POST_STOP_COLLECTION_STARTED cycle=2 durationMs=2000 requestDevice=D810 loadRaw=D700
2026-09-11 11:21:45.783 STATION-2 event=PLC_REQUEST_CHANGED signal=END_REQ device=D810 value=0 readTime=2026-09-11T11:21:45.7837992+09:00
2026-09-11 11:21:45.783 STATION-2 event=SAMPLE_ACCEPTED cycle=2 sample=43 raw=410 loadKgf=0.410000 readTime=2026-09-11T11:21:45.7837992+09:00 words=[12546,8235,11824,12596,816]
2026-09-11 11:21:46.292 STATION-2 event=SAMPLE_ACCEPTED cycle=2 sample=44 raw=410 loadKgf=0.410000 readTime=2026-09-11T11:21:46.2920893+09:00 words=[12546,8235,11824,12596,816]
2026-09-11 11:21:46.791 STATION-2 event=SAMPLE_ACCEPTED cycle=2 sample=45 raw=410 loadKgf=0.410000 readTime=2026-09-11T11:21:46.7916213+09:00 words=[12546,8235,11824,12596,816]
2026-09-11 11:21:47.295 STATION-2 event=SAMPLE_ACCEPTED cycle=2 sample=46 raw=410 loadKgf=0.410000 readTime=2026-09-11T11:21:47.2952303+09:00 words=[12546,8235,11824,12596,816]
2026-09-11 11:21:47.785 STATION-2 event=SAMPLE_ACCEPTED cycle=2 sample=47 raw=410 loadKgf=0.410000 readTime=2026-09-11T11:21:47.7851774+09:00 words=[12546,8235,11824,12596,816]
2026-09-11 11:21:47.785 STATION-2 event=CYCLE_ENDED cycle=2 requestDevice=D810 requestValue=0 sampleCount=47 durationMs=23149 readTime=2026-09-11T11:21:47.7851774+09:00
2026-09-11 11:21:47.786 STATION-2 event=INSPECTION_EVALUATION_STARTED cycle=2 readerSampleCount=47 uiSampleCount=47 lot="260827-B03" fileName="SOFC_B07" operator="김영희" spec="0.41"
2026-09-11 11:21:47.789 STATION-2 event=INSPECTION_EVALUATED cycle=2 verdict=GOOD valid=True peakKgf=0.410000 lowerSpecKgf=0.410000 upperSpecKgf=0.410000 sampleCount=47 inspectionCount=2 passCount=2 failCount=0 yieldPercent=100.00 message="검사 완료: PEAK 0.410 kgf / SPEC 0.410 / GOOD (검사 2, GOOD 2, NG 0, Yield 100.00%)"
2026-09-11 11:21:47.792 STATION-2 event=INSPECTION_BUFFERED_IN_MEMORY cycle=2 lot="260827-B03" fileName="SOFC_B07" verdict=GOOD lotInspectionCount=2 sampleCount=47
2026-09-11 11:21:47.793 STATION-2 event=ACQUISITION_STATE_CHANGED from=EVALUATING to=WAITSTART
2026-09-11 11:22:08.923 STATION-1 event=PLC_REQUEST_CHANGED signal=START_REQ device=D810 value=1 readTime=2026-09-11T11:22:08.9238168+09:00
2026-09-11 11:22:08.923 STATION-1 event=CYCLE_STARTED cycle=1 requestDevice=D810 requestValue=1 readTime=2026-09-11T11:22:08.9238168+09:00
2026-09-11 11:22:08.924 STATION-1 event=SAMPLE_ACCEPTED cycle=1 sample=1 raw=30 loadKgf=0.030000 readTime=2026-09-11T11:22:08.9238168+09:00 words=[12546,8235,11824,13104,816]
2026-09-11 11:22:08.930 STATION-2 event=PLC_REQUEST_CHANGED signal=START_REQ device=D810 value=1 readTime=2026-09-11T11:22:08.9307995+09:00
2026-09-11 11:22:08.930 STATION-2 event=CYCLE_STARTED cycle=3 requestDevice=D810 requestValue=1 readTime=2026-09-11T11:22:08.9307995+09:00
2026-09-11 11:22:08.931 WARN STATION-1 event=LOT_AUTO_PREPARED reason=start_request_before_file_create station=#1 lot="260827-A01" fileName="SOFC_A12" operator="홍길동" spec="0.41"
2026-09-11 11:22:08.931 STATION-1 event=CYCLE_UI_STARTED cycle=1 startedAt=2026-09-11T11:22:08.9238168+09:00 lot="260827-A01" fileName="SOFC_A12" operator="홍길동" spec="0.41"
2026-09-11 11:22:08.931 STATION-2 event=SAMPLE_ACCEPTED cycle=3 sample=1 raw=5 loadKgf=0.005000 readTime=2026-09-11T11:22:08.9307995+09:00 words=[12546,8235,11824,12336,821]
2026-09-11 11:22:08.939 STATION-2 event=CYCLE_UI_STARTED cycle=3 startedAt=2026-09-11T11:22:08.9307995+09:00 lot="260827-B03" fileName="SOFC_B07" operator="김영희" spec="0.41"
2026-09-11 11:22:09.436 STATION-2 event=SAMPLE_ACCEPTED cycle=3 sample=2 raw=55 loadKgf=0.055000 readTime=2026-09-11T11:22:09.4363762+09:00 words=[12546,8235,11824,13616,821]
2026-09-11 11:22:09.436 STATION-1 event=SAMPLE_ACCEPTED cycle=1 sample=2 raw=75 loadKgf=0.075000 readTime=2026-09-11T11:22:09.4363762+09:00 words=[12546,8235,11824,14128,821]
2026-09-11 11:22:09.936 STATION-2 event=SAMPLE_ACCEPTED cycle=3 sample=3 raw=115 loadKgf=0.115000 readTime=2026-09-11T11:22:09.9364583+09:00 words=[12546,8235,11824,12593,821]
2026-09-11 11:22:09.936 STATION-1 event=SAMPLE_ACCEPTED cycle=1 sample=3 raw=120 loadKgf=0.120000 readTime=2026-09-11T11:22:09.9364583+09:00 words=[12546,8235,11824,12849,816]
2026-09-11 11:22:10.436 STATION-2 event=SAMPLE_ACCEPTED cycle=3 sample=4 raw=180 loadKgf=0.180000 readTime=2026-09-11T11:22:10.4366586+09:00 words=[12546,8235,11824,14385,816]
2026-09-11 11:22:10.438 STATION-1 event=SAMPLE_ACCEPTED cycle=1 sample=4 raw=175 loadKgf=0.175000 readTime=2026-09-11T11:22:10.4386585+09:00 words=[12546,8235,11824,14129,821]
2026-09-11 11:22:10.951 STATION-1 event=SAMPLE_ACCEPTED cycle=1 sample=5 raw=230 loadKgf=0.230000 readTime=2026-09-11T11:22:10.9514179+09:00 words=[12546,8235,11824,13106,816]
2026-09-11 11:22:10.953 STATION-2 event=SAMPLE_ACCEPTED cycle=3 sample=5 raw=250 loadKgf=0.250000 readTime=2026-09-11T11:22:10.9534276+09:00 words=[12546,8235,11824,13618,816]
2026-09-11 11:22:11.454 STATION-1 event=SAMPLE_ACCEPTED cycle=1 sample=6 raw=255 loadKgf=0.255000 readTime=2026-09-11T11:22:11.4545927+09:00 words=[12546,8235,11824,13618,821]
2026-09-11 11:22:11.455 STATION-2 event=SAMPLE_ACCEPTED cycle=3 sample=6 raw=305 loadKgf=0.305000 readTime=2026-09-11T11:22:11.4545927+09:00 words=[12546,8235,11824,12339,821]
2026-09-11 11:22:11.964 STATION-2 event=SAMPLE_ACCEPTED cycle=3 sample=7 raw=310 loadKgf=0.310000 readTime=2026-09-11T11:22:11.9641948+09:00 words=[12546,8235,11824,12595,816]
2026-09-11 11:22:11.964 STATION-1 event=SAMPLE_ACCEPTED cycle=1 sample=7 raw=255 loadKgf=0.255000 readTime=2026-09-11T11:22:11.9641948+09:00 words=[12546,8235,11824,13618,821]
2026-09-11 11:22:12.465 STATION-1 event=SAMPLE_ACCEPTED cycle=1 sample=8 raw=255 loadKgf=0.255000 readTime=2026-09-11T11:22:12.4652419+09:00 words=[12546,8235,11824,13618,821]
2026-09-11 11:22:12.467 STATION-2 event=SAMPLE_ACCEPTED cycle=3 sample=8 raw=310 loadKgf=0.310000 readTime=2026-09-11T11:22:12.4672431+09:00 words=[12546,8235,11824,12595,816]
2026-09-11 11:22:12.967 STATION-2 event=SAMPLE_ACCEPTED cycle=3 sample=9 raw=320 loadKgf=0.320000 readTime=2026-09-11T11:22:12.9670862+09:00 words=[12546,8235,11824,12851,816]
2026-09-11 11:22:12.971 STATION-1 event=SAMPLE_ACCEPTED cycle=1 sample=9 raw=260 loadKgf=0.260000 readTime=2026-09-11T11:22:12.9710819+09:00 words=[12546,8235,11824,13874,816]
2026-09-11 11:22:13.481 STATION-1 event=SAMPLE_ACCEPTED cycle=1 sample=10 raw=265 loadKgf=0.265000 readTime=2026-09-11T11:22:13.4813050+09:00 words=[12546,8235,11824,13874,821]
2026-09-11 11:22:13.481 STATION-2 event=SAMPLE_ACCEPTED cycle=3 sample=10 raw=320 loadKgf=0.320000 readTime=2026-09-11T11:22:13.4813050+09:00 words=[12546,8235,11824,12851,816]
2026-09-11 11:22:13.978 STATION-2 event=SAMPLE_ACCEPTED cycle=3 sample=11 raw=320 loadKgf=0.320000 readTime=2026-09-11T11:22:13.9784622+09:00 words=[12546,8235,11824,12851,816]
2026-09-11 11:22:13.978 STATION-1 event=SAMPLE_ACCEPTED cycle=1 sample=11 raw=265 loadKgf=0.265000 readTime=2026-09-11T11:22:13.9784622+09:00 words=[12546,8235,11824,13874,821]
2026-09-11 11:22:14.479 STATION-1 event=SAMPLE_ACCEPTED cycle=1 sample=12 raw=265 loadKgf=0.265000 readTime=2026-09-11T11:22:14.4795441+09:00 words=[12546,8235,11824,13874,821]
2026-09-11 11:22:14.481 STATION-2 event=SAMPLE_ACCEPTED cycle=3 sample=12 raw=320 loadKgf=0.320000 readTime=2026-09-11T11:22:14.4818435+09:00 words=[12546,8235,11824,12851,816]
2026-09-11 11:22:14.979 STATION-1 event=SAMPLE_ACCEPTED cycle=1 sample=13 raw=270 loadKgf=0.270000 readTime=2026-09-11T11:22:14.9799448+09:00 words=[12546,8235,11824,14130,816]
2026-09-11 11:22:14.981 STATION-2 event=SAMPLE_ACCEPTED cycle=3 sample=13 raw=325 loadKgf=0.325000 readTime=2026-09-11T11:22:14.9819462+09:00 words=[12546,8235,11824,12851,821]
2026-09-11 11:22:15.481 STATION-1 event=SAMPLE_ACCEPTED cycle=1 sample=14 raw=275 loadKgf=0.275000 readTime=2026-09-11T11:22:15.4812679+09:00 words=[12546,8235,11824,14130,821]
2026-09-11 11:22:15.483 STATION-2 event=SAMPLE_ACCEPTED cycle=3 sample=14 raw=335 loadKgf=0.335000 readTime=2026-09-11T11:22:15.4832629+09:00 words=[12546,8235,11824,13107,821]
2026-09-11 11:22:15.986 STATION-2 event=SAMPLE_ACCEPTED cycle=3 sample=15 raw=335 loadKgf=0.335000 readTime=2026-09-11T11:22:15.9868345+09:00 words=[12546,8235,11824,13107,821]
2026-09-11 11:22:15.986 STATION-1 event=SAMPLE_ACCEPTED cycle=1 sample=15 raw=275 loadKgf=0.275000 readTime=2026-09-11T11:22:15.9868345+09:00 words=[12546,8235,11824,14130,821]
2026-09-11 11:22:16.496 STATION-2 event=SAMPLE_ACCEPTED cycle=3 sample=16 raw=335 loadKgf=0.335000 readTime=2026-09-11T11:22:16.4964348+09:00 words=[12546,8235,11824,13107,821]
2026-09-11 11:22:16.496 STATION-1 event=SAMPLE_ACCEPTED cycle=1 sample=16 raw=275 loadKgf=0.275000 readTime=2026-09-11T11:22:16.4964348+09:00 words=[12546,8235,11824,14130,821]
2026-09-11 11:22:16.997 STATION-2 event=SAMPLE_ACCEPTED cycle=3 sample=17 raw=345 loadKgf=0.345000 readTime=2026-09-11T11:22:16.9970343+09:00 words=[12546,8235,11824,13363,821]
2026-09-11 11:22:17.000 STATION-1 event=SAMPLE_ACCEPTED cycle=1 sample=17 raw=285 loadKgf=0.285000 readTime=2026-09-11T11:22:17.0000572+09:00 words=[12546,8235,11824,14386,821]
2026-09-11 11:22:17.508 STATION-2 event=SAMPLE_ACCEPTED cycle=3 sample=18 raw=345 loadKgf=0.345000 readTime=2026-09-11T11:22:17.5088704+09:00 words=[12546,8235,11824,13363,821]
2026-09-11 11:22:17.510 STATION-1 event=SAMPLE_ACCEPTED cycle=1 sample=18 raw=285 loadKgf=0.285000 readTime=2026-09-11T11:22:17.5108670+09:00 words=[12546,8235,11824,14386,821]
2026-09-11 11:22:18.008 STATION-2 event=SAMPLE_ACCEPTED cycle=3 sample=19 raw=345 loadKgf=0.345000 readTime=2026-09-11T11:22:18.0083200+09:00 words=[12546,8235,11824,13363,821]
2026-09-11 11:22:18.009 STATION-1 event=SAMPLE_ACCEPTED cycle=1 sample=19 raw=285 loadKgf=0.285000 readTime=2026-09-11T11:22:18.0092797+09:00 words=[12546,8235,11824,14386,821]
2026-09-11 11:22:18.509 STATION-1 event=SAMPLE_ACCEPTED cycle=1 sample=20 raw=285 loadKgf=0.285000 readTime=2026-09-11T11:22:18.5090920+09:00 words=[12546,8235,11824,14386,821]
2026-09-11 11:22:18.511 STATION-2 event=SAMPLE_ACCEPTED cycle=3 sample=20 raw=350 loadKgf=0.350000 readTime=2026-09-11T11:22:18.5110862+09:00 words=[12546,8235,11824,13619,816]
2026-09-11 11:22:19.009 STATION-1 event=SAMPLE_ACCEPTED cycle=1 sample=21 raw=290 loadKgf=0.290000 readTime=2026-09-11T11:22:19.0098548+09:00 words=[12546,8235,11824,14642,816]
2026-09-11 11:22:19.011 STATION-2 event=SAMPLE_ACCEPTED cycle=3 sample=21 raw=350 loadKgf=0.350000 readTime=2026-09-11T11:22:19.0118494+09:00 words=[12546,8235,11824,13619,816]
2026-09-11 11:22:19.512 STATION-1 event=SAMPLE_ACCEPTED cycle=1 sample=22 raw=295 loadKgf=0.295000 readTime=2026-09-11T11:22:19.5129435+09:00 words=[12546,8235,11824,14642,821]
2026-09-11 11:22:19.512 STATION-2 event=SAMPLE_ACCEPTED cycle=3 sample=22 raw=355 loadKgf=0.355000 readTime=2026-09-11T11:22:19.5129435+09:00 words=[12546,8235,11824,13619,821]
2026-09-11 11:22:20.018 STATION-2 event=SAMPLE_ACCEPTED cycle=3 sample=23 raw=360 loadKgf=0.360000 readTime=2026-09-11T11:22:20.0161148+09:00 words=[12546,8235,11824,13875,816]
2026-09-11 11:22:20.022 STATION-1 event=SAMPLE_ACCEPTED cycle=1 sample=23 raw=295 loadKgf=0.295000 readTime=2026-09-11T11:22:20.0221148+09:00 words=[12546,8235,11824,14642,821]
2026-09-11 11:22:20.524 STATION-2 event=SAMPLE_ACCEPTED cycle=3 sample=24 raw=360 loadKgf=0.360000 readTime=2026-09-11T11:22:20.5244585+09:00 words=[12546,8235,11824,13875,816]
2026-09-11 11:22:20.526 STATION-1 event=SAMPLE_ACCEPTED cycle=1 sample=24 raw=295 loadKgf=0.295000 readTime=2026-09-11T11:22:20.5254258+09:00 words=[12546,8235,11824,14642,821]
2026-09-11 11:22:21.025 STATION-1 event=SAMPLE_ACCEPTED cycle=1 sample=25 raw=300 loadKgf=0.300000 readTime=2026-09-11T11:22:21.0255771+09:00 words=[12546,8235,11824,12339,816]
2026-09-11 11:22:21.027 STATION-2 event=SAMPLE_ACCEPTED cycle=3 sample=25 raw=365 loadKgf=0.365000 readTime=2026-09-11T11:22:21.0275809+09:00 words=[12546,8235,11824,13875,821]
2026-09-11 11:22:21.528 STATION-2 event=SAMPLE_ACCEPTED cycle=3 sample=26 raw=365 loadKgf=0.365000 readTime=2026-09-11T11:22:21.5282697+09:00 words=[12546,8235,11824,13875,821]
2026-09-11 11:22:21.529 STATION-1 event=SAMPLE_ACCEPTED cycle=1 sample=26 raw=305 loadKgf=0.305000 readTime=2026-09-11T11:22:21.5292708+09:00 words=[12546,8235,11824,12339,821]
2026-09-11 11:22:22.029 STATION-1 event=SAMPLE_ACCEPTED cycle=1 sample=27 raw=305 loadKgf=0.305000 readTime=2026-09-11T11:22:22.0298328+09:00 words=[12546,8235,11824,12339,821]
2026-09-11 11:22:22.030 STATION-2 event=SAMPLE_ACCEPTED cycle=3 sample=27 raw=365 loadKgf=0.365000 readTime=2026-09-11T11:22:22.0302278+09:00 words=[12546,8235,11824,13875,821]
2026-09-11 11:22:22.531 STATION-1 event=SAMPLE_ACCEPTED cycle=1 sample=28 raw=305 loadKgf=0.305000 readTime=2026-09-11T11:22:22.5318861+09:00 words=[12546,8235,11824,12339,821]
2026-09-11 11:22:22.531 STATION-2 event=SAMPLE_ACCEPTED cycle=3 sample=28 raw=375 loadKgf=0.375000 readTime=2026-09-11T11:22:22.5318861+09:00 words=[12546,8235,11824,14131,821]
2026-09-11 11:22:23.044 STATION-2 event=SAMPLE_ACCEPTED cycle=3 sample=29 raw=375 loadKgf=0.375000 readTime=2026-09-11T11:22:23.0445678+09:00 words=[12546,8235,11824,14131,821]
2026-09-11 11:22:23.045 STATION-1 event=SAMPLE_ACCEPTED cycle=1 sample=29 raw=305 loadKgf=0.305000 readTime=2026-09-11T11:22:23.0452381+09:00 words=[12546,8235,11824,12339,821]
2026-09-11 11:22:23.545 STATION-1 event=SAMPLE_ACCEPTED cycle=1 sample=30 raw=310 loadKgf=0.310000 readTime=2026-09-11T11:22:23.5452357+09:00 words=[12546,8235,11824,12595,816]
2026-09-11 11:22:23.547 STATION-2 event=SAMPLE_ACCEPTED cycle=3 sample=30 raw=375 loadKgf=0.375000 readTime=2026-09-11T11:22:23.5472359+09:00 words=[12546,8235,11824,14131,821]
2026-09-11 11:22:24.055 STATION-2 event=SAMPLE_ACCEPTED cycle=3 sample=31 raw=380 loadKgf=0.380000 readTime=2026-09-11T11:22:24.0558156+09:00 words=[12546,8235,11824,14387,816]
2026-09-11 11:22:24.055 STATION-1 event=SAMPLE_ACCEPTED cycle=1 sample=31 raw=315 loadKgf=0.315000 readTime=2026-09-11T11:22:24.0558156+09:00 words=[12546,8235,11824,12595,821]
2026-09-11 11:22:24.556 STATION-1 event=SAMPLE_ACCEPTED cycle=1 sample=32 raw=315 loadKgf=0.315000 readTime=2026-09-11T11:22:24.5565464+09:00 words=[12546,8235,11824,12595,821]
2026-09-11 11:22:24.560 STATION-2 event=SAMPLE_ACCEPTED cycle=3 sample=32 raw=385 loadKgf=0.385000 readTime=2026-09-11T11:22:24.5605463+09:00 words=[12546,8235,11824,14387,821]
2026-09-11 11:22:25.056 STATION-2 event=SAMPLE_ACCEPTED cycle=3 sample=33 raw=385 loadKgf=0.385000 readTime=2026-09-11T11:22:25.0567014+09:00 words=[12546,8235,11824,14387,821]
2026-09-11 11:22:25.058 STATION-1 event=SAMPLE_ACCEPTED cycle=1 sample=33 raw=315 loadKgf=0.315000 readTime=2026-09-11T11:22:25.0587015+09:00 words=[12546,8235,11824,12595,821]
2026-09-11 11:22:25.561 STATION-2 event=SAMPLE_ACCEPTED cycle=3 sample=34 raw=385 loadKgf=0.385000 readTime=2026-09-11T11:22:25.5612226+09:00 words=[12546,8235,11824,14387,821]
2026-09-11 11:22:25.564 STATION-1 event=SAMPLE_ACCEPTED cycle=1 sample=34 raw=315 loadKgf=0.315000 readTime=2026-09-11T11:22:25.5642209+09:00 words=[12546,8235,11824,12595,821]
2026-09-11 11:22:26.060 STATION-1 event=SAMPLE_ACCEPTED cycle=1 sample=35 raw=325 loadKgf=0.325000 readTime=2026-09-11T11:22:26.0608283+09:00 words=[12546,8235,11824,12851,821]
2026-09-11 11:22:26.068 STATION-2 event=SAMPLE_ACCEPTED cycle=3 sample=35 raw=390 loadKgf=0.390000 readTime=2026-09-11T11:22:26.0685700+09:00 words=[12546,8235,11824,14643,816]
2026-09-11 11:22:26.561 STATION-1 event=SAMPLE_ACCEPTED cycle=1 sample=36 raw=325 loadKgf=0.325000 readTime=2026-09-11T11:22:26.5611895+09:00 words=[12546,8235,11824,12851,821]
2026-09-11 11:22:26.563 STATION-2 event=SAMPLE_ACCEPTED cycle=3 sample=36 raw=395 loadKgf=0.395000 readTime=2026-09-11T11:22:26.5631891+09:00 words=[12546,8235,11824,14643,821]
2026-09-11 11:22:27.065 STATION-2 event=SAMPLE_ACCEPTED cycle=3 sample=37 raw=395 loadKgf=0.395000 readTime=2026-09-11T11:22:27.0655450+09:00 words=[12546,8235,11824,14643,821]
2026-09-11 11:22:27.065 STATION-1 event=SAMPLE_ACCEPTED cycle=1 sample=37 raw=325 loadKgf=0.325000 readTime=2026-09-11T11:22:27.0655450+09:00 words=[12546,8235,11824,12851,821]
2026-09-11 11:22:27.575 STATION-2 event=SAMPLE_ACCEPTED cycle=3 sample=38 raw=395 loadKgf=0.395000 readTime=2026-09-11T11:22:27.5751850+09:00 words=[12546,8235,11824,14643,821]
2026-09-11 11:22:27.577 STATION-1 event=SAMPLE_ACCEPTED cycle=1 sample=38 raw=325 loadKgf=0.325000 readTime=2026-09-11T11:22:27.5771847+09:00 words=[12546,8235,11824,12851,821]
2026-09-11 11:22:28.077 STATION-2 event=SAMPLE_ACCEPTED cycle=3 sample=39 raw=400 loadKgf=0.400000 readTime=2026-09-11T11:22:28.0777170+09:00 words=[12546,8235,11824,12340,816]
2026-09-11 11:22:28.078 STATION-1 event=SAMPLE_ACCEPTED cycle=1 sample=39 raw=335 loadKgf=0.335000 readTime=2026-09-11T11:22:28.0787169+09:00 words=[12546,8235,11824,13107,821]
2026-09-11 11:22:28.580 STATION-1 event=SAMPLE_ACCEPTED cycle=1 sample=40 raw=335 loadKgf=0.335000 readTime=2026-09-11T11:22:28.5788320+09:00 words=[12546,8235,11824,13107,821]
2026-09-11 11:22:28.582 STATION-2 event=SAMPLE_ACCEPTED cycle=3 sample=40 raw=405 loadKgf=0.405000 readTime=2026-09-11T11:22:28.5828295+09:00 words=[12546,8235,11824,12340,821]
2026-09-11 11:22:29.090 STATION-1 event=SAMPLE_ACCEPTED cycle=1 sample=41 raw=335 loadKgf=0.335000 readTime=2026-09-11T11:22:29.0902834+09:00 words=[12546,8235,11824,13107,821]
2026-09-11 11:22:29.094 STATION-2 event=SAMPLE_ACCEPTED cycle=3 sample=41 raw=405 loadKgf=0.405000 readTime=2026-09-11T11:22:29.0942794+09:00 words=[12546,8235,11824,12340,821]
2026-09-11 11:22:29.591 STATION-1 event=SAMPLE_ACCEPTED cycle=1 sample=42 raw=335 loadKgf=0.335000 readTime=2026-09-11T11:22:29.5917166+09:00 words=[12546,8235,11824,13107,821]
2026-09-11 11:22:29.591 STATION-2 event=SAMPLE_ACCEPTED cycle=3 sample=42 raw=410 loadKgf=0.410000 readTime=2026-09-11T11:22:29.5917166+09:00 words=[12546,8235,11824,12596,816]
2026-09-11 11:22:30.094 STATION-1 event=SAMPLE_ACCEPTED cycle=1 sample=43 raw=335 loadKgf=0.335000 readTime=2026-09-11T11:22:30.0945294+09:00 words=[12546,8235,11824,13107,821]
2026-09-11 11:22:30.096 STATION-2 event=POST_STOP_COLLECTION_STARTED cycle=3 durationMs=2000 requestDevice=D810 loadRaw=D700
2026-09-11 11:22:30.096 STATION-2 event=PLC_REQUEST_CHANGED signal=END_REQ device=D810 value=0 readTime=2026-09-11T11:22:30.0965264+09:00
2026-09-11 11:22:30.096 STATION-2 event=SAMPLE_ACCEPTED cycle=3 sample=43 raw=410 loadKgf=0.410000 readTime=2026-09-11T11:22:30.0965264+09:00 words=[12546,8235,11824,12596,816]
2026-09-11 11:22:30.605 STATION-2 event=SAMPLE_ACCEPTED cycle=3 sample=44 raw=410 loadKgf=0.410000 readTime=2026-09-11T11:22:30.6057117+09:00 words=[12546,8235,11824,12596,816]
2026-09-11 11:22:30.607 STATION-1 event=SAMPLE_ACCEPTED cycle=1 sample=44 raw=335 loadKgf=0.335000 readTime=2026-09-11T11:22:30.6077131+09:00 words=[12546,8235,11824,13107,821]
2026-09-11 11:22:31.108 STATION-2 event=SAMPLE_ACCEPTED cycle=3 sample=45 raw=410 loadKgf=0.410000 readTime=2026-09-11T11:22:31.1083584+09:00 words=[12546,8235,11824,12596,816]
2026-09-11 11:22:31.108 STATION-1 event=SAMPLE_ACCEPTED cycle=1 sample=45 raw=345 loadKgf=0.345000 readTime=2026-09-11T11:22:31.1083584+09:00 words=[12546,8235,11824,13363,821]
2026-09-11 11:22:31.606 STATION-2 event=SAMPLE_ACCEPTED cycle=3 sample=46 raw=410 loadKgf=0.410000 readTime=2026-09-11T11:22:31.6068651+09:00 words=[12546,8235,11824,12596,816]
2026-09-11 11:22:31.610 STATION-1 event=SAMPLE_ACCEPTED cycle=1 sample=46 raw=345 loadKgf=0.345000 readTime=2026-09-11T11:22:31.6108627+09:00 words=[12546,8235,11824,13363,821]
2026-09-11 11:22:32.096 STATION-2 event=SAMPLE_ACCEPTED cycle=3 sample=47 raw=410 loadKgf=0.410000 readTime=2026-09-11T11:22:32.0969105+09:00 words=[12546,8235,11824,12596,816]
2026-09-11 11:22:32.096 STATION-2 event=CYCLE_ENDED cycle=3 requestDevice=D810 requestValue=0 sampleCount=47 durationMs=23166 readTime=2026-09-11T11:22:32.0969105+09:00
2026-09-11 11:22:32.098 STATION-2 event=INSPECTION_EVALUATION_STARTED cycle=3 readerSampleCount=47 uiSampleCount=47 lot="260827-B03" fileName="SOFC_B07" operator="김영희" spec="0.41"
2026-09-11 11:22:32.100 STATION-2 event=INSPECTION_EVALUATED cycle=3 verdict=GOOD valid=True peakKgf=0.410000 lowerSpecKgf=0.410000 upperSpecKgf=0.410000 sampleCount=47 inspectionCount=3 passCount=3 failCount=0 yieldPercent=100.00 message="검사 완료: PEAK 0.410 kgf / SPEC 0.410 / GOOD (검사 3, GOOD 3, NG 0, Yield 100.00%)"
2026-09-11 11:22:32.104 STATION-2 event=INSPECTION_BUFFERED_IN_MEMORY cycle=3 lot="260827-B03" fileName="SOFC_B07" verdict=GOOD lotInspectionCount=3 sampleCount=47
2026-09-11 11:22:32.104 STATION-2 event=ACQUISITION_STATE_CHANGED from=EVALUATING to=WAITSTART
2026-09-11 11:22:32.114 STATION-1 event=SAMPLE_ACCEPTED cycle=1 sample=47 raw=345 loadKgf=0.345000 readTime=2026-09-11T11:22:32.1149455+09:00 words=[12546,8235,11824,13363,821]
2026-09-11 11:22:32.625 STATION-1 event=SAMPLE_ACCEPTED cycle=1 sample=48 raw=345 loadKgf=0.345000 readTime=2026-09-11T11:22:32.6254539+09:00 words=[12546,8235,11824,13363,821]
2026-09-11 11:22:33.136 STATION-1 event=SAMPLE_ACCEPTED cycle=1 sample=49 raw=345 loadKgf=0.345000 readTime=2026-09-11T11:22:33.1361786+09:00 words=[12546,8235,11824,13363,821]
2026-09-11 11:22:33.650 STATION-1 event=SAMPLE_ACCEPTED cycle=1 sample=50 raw=360 loadKgf=0.360000 readTime=2026-09-11T11:22:33.6505481+09:00 words=[12546,8235,11824,13875,816]
2026-09-11 11:22:34.150 STATION-1 event=SAMPLE_ACCEPTED cycle=1 sample=51 raw=360 loadKgf=0.360000 readTime=2026-09-11T11:22:34.1485518+09:00 words=[12546,8235,11824,13875,816]
2026-09-11 11:22:34.650 STATION-1 event=SAMPLE_ACCEPTED cycle=1 sample=52 raw=360 loadKgf=0.360000 readTime=2026-09-11T11:22:34.6502188+09:00 words=[12546,8235,11824,13875,816]
2026-09-11 11:22:35.151 STATION-1 event=SAMPLE_ACCEPTED cycle=1 sample=53 raw=360 loadKgf=0.360000 readTime=2026-09-11T11:22:35.1519121+09:00 words=[12546,8235,11824,13875,816]
2026-09-11 11:22:35.655 STATION-1 event=SAMPLE_ACCEPTED cycle=1 sample=54 raw=360 loadKgf=0.360000 readTime=2026-09-11T11:22:35.6557843+09:00 words=[12546,8235,11824,13875,816]
2026-09-11 11:22:36.166 STATION-1 event=SAMPLE_ACCEPTED cycle=1 sample=55 raw=365 loadKgf=0.365000 readTime=2026-09-11T11:22:36.1663611+09:00 words=[12546,8235,11824,13875,821]
2026-09-11 11:22:36.670 STATION-1 event=SAMPLE_ACCEPTED cycle=1 sample=56 raw=370 loadKgf=0.370000 readTime=2026-09-11T11:22:36.6703406+09:00 words=[12546,8235,11824,14131,816]
2026-09-11 11:22:37.180 STATION-1 event=SAMPLE_ACCEPTED cycle=1 sample=57 raw=370 loadKgf=0.370000 readTime=2026-09-11T11:22:37.1805380+09:00 words=[12546,8235,11824,14131,816]
2026-09-11 11:22:37.681 STATION-1 event=SAMPLE_ACCEPTED cycle=1 sample=58 raw=370 loadKgf=0.370000 readTime=2026-09-11T11:22:37.6814409+09:00 words=[12546,8235,11824,14131,816]
2026-09-11 11:22:38.183 STATION-1 event=SAMPLE_ACCEPTED cycle=1 sample=59 raw=380 loadKgf=0.380000 readTime=2026-09-11T11:22:38.1839623+09:00 words=[12546,8235,11824,14387,816]
2026-09-11 11:22:38.683 STATION-1 event=SAMPLE_ACCEPTED cycle=1 sample=60 raw=380 loadKgf=0.380000 readTime=2026-09-11T11:22:38.6837416+09:00 words=[12546,8235,11824,14387,816]
2026-09-11 11:22:39.200 STATION-1 event=SAMPLE_ACCEPTED cycle=1 sample=61 raw=380 loadKgf=0.380000 readTime=2026-09-11T11:22:39.2007758+09:00 words=[12546,8235,11824,14387,816]
2026-09-11 11:22:39.710 STATION-1 event=SAMPLE_ACCEPTED cycle=1 sample=62 raw=380 loadKgf=0.380000 readTime=2026-09-11T11:22:39.7104796+09:00 words=[12546,8235,11824,14387,816]
2026-09-11 11:22:40.211 STATION-1 event=SAMPLE_ACCEPTED cycle=1 sample=63 raw=380 loadKgf=0.380000 readTime=2026-09-11T11:22:40.2113282+09:00 words=[12546,8235,11824,14387,816]
2026-09-11 11:22:40.726 STATION-1 event=SAMPLE_ACCEPTED cycle=1 sample=64 raw=385 loadKgf=0.385000 readTime=2026-09-11T11:22:40.7260506+09:00 words=[12546,8235,11824,14387,821]
2026-09-11 11:22:41.225 STATION-1 event=SAMPLE_ACCEPTED cycle=1 sample=65 raw=395 loadKgf=0.395000 readTime=2026-09-11T11:22:41.2259198+09:00 words=[12546,8235,11824,14643,821]
2026-09-11 11:22:41.729 STATION-1 event=SAMPLE_ACCEPTED cycle=1 sample=66 raw=395 loadKgf=0.395000 readTime=2026-09-11T11:22:41.7289282+09:00 words=[12546,8235,11824,14643,821]
2026-09-11 11:22:42.231 STATION-1 event=SAMPLE_ACCEPTED cycle=1 sample=67 raw=395 loadKgf=0.395000 readTime=2026-09-11T11:22:42.2311955+09:00 words=[12546,8235,11824,14643,821]
2026-09-11 11:22:42.730 STATION-1 event=SAMPLE_ACCEPTED cycle=1 sample=68 raw=395 loadKgf=0.395000 readTime=2026-09-11T11:22:42.7304701+09:00 words=[12546,8235,11824,14643,821]
2026-09-11 11:22:43.247 STATION-1 event=SAMPLE_ACCEPTED cycle=1 sample=69 raw=400 loadKgf=0.400000 readTime=2026-09-11T11:22:43.2475866+09:00 words=[12546,8235,11824,12340,816]
2026-09-11 11:22:43.758 STATION-1 event=SAMPLE_ACCEPTED cycle=1 sample=70 raw=405 loadKgf=0.405000 readTime=2026-09-11T11:22:43.7584419+09:00 words=[12546,8235,11824,12340,821]
2026-09-11 11:22:44.261 STATION-1 event=SAMPLE_ACCEPTED cycle=1 sample=71 raw=405 loadKgf=0.405000 readTime=2026-09-11T11:22:44.2614270+09:00 words=[12546,8235,11824,12340,821]
2026-09-11 11:22:44.773 STATION-1 event=SAMPLE_ACCEPTED cycle=1 sample=72 raw=115 loadKgf=0.115000 readTime=2026-09-11T11:22:44.7730031+09:00 words=[12546,8235,11824,12593,821]
2026-09-11 11:22:45.291 STATION-1 event=POST_STOP_COLLECTION_STARTED cycle=1 durationMs=2000 requestDevice=D810 loadRaw=D700
2026-09-11 11:22:45.291 STATION-1 event=PLC_REQUEST_CHANGED signal=END_REQ device=D810 value=0 readTime=2026-09-11T11:22:45.2913531+09:00
2026-09-11 11:22:45.292 STATION-1 event=SAMPLE_ACCEPTED cycle=1 sample=73 raw=0 loadKgf=0.000000 readTime=2026-09-11T11:22:45.2913531+09:00 words=[12546,8235,11824,12336,816]
2026-09-11 11:22:45.803 STATION-1 event=SAMPLE_ACCEPTED cycle=1 sample=74 raw=0 loadKgf=0.000000 readTime=2026-09-11T11:22:45.8031449+09:00 words=[12546,8235,11824,12336,816]
2026-09-11 11:22:46.307 STATION-1 event=SAMPLE_ACCEPTED cycle=1 sample=75 raw=0 loadKgf=0.000000 readTime=2026-09-11T11:22:46.3078494+09:00 words=[12546,8235,11824,12336,816]
2026-09-11 11:22:46.807 STATION-1 event=SAMPLE_ACCEPTED cycle=1 sample=76 raw=0 loadKgf=0.000000 readTime=2026-09-11T11:22:46.8054326+09:00 words=[12546,8235,11824,12336,816]
2026-09-11 11:22:47.289 STATION-1 event=SAMPLE_ACCEPTED cycle=1 sample=77 raw=0 loadKgf=0.000000 readTime=2026-09-11T11:22:47.2899591+09:00 words=[12546,8235,11824,12336,816]
2026-09-11 11:22:47.297 STATION-1 event=SAMPLE_ACCEPTED cycle=1 sample=78 raw=0 loadKgf=0.000000 readTime=2026-09-11T11:22:47.2979816+09:00 words=[12546,8235,11824,12336,816]
2026-09-11 11:22:47.297 STATION-1 event=CYCLE_ENDED cycle=1 requestDevice=D810 requestValue=0 sampleCount=78 durationMs=38374 readTime=2026-09-11T11:22:47.2979816+09:00
2026-09-11 11:22:47.299 STATION-1 event=INSPECTION_EVALUATION_STARTED cycle=1 readerSampleCount=78 uiSampleCount=78 lot="260827-A01" fileName="SOFC_A12" operator="홍길동" spec="0.41"
2026-09-11 11:22:47.301 STATION-1 event=INSPECTION_EVALUATED cycle=1 verdict=NG valid=True peakKgf=0.405000 lowerSpecKgf=0.410000 upperSpecKgf=0.410000 sampleCount=78 inspectionCount=1 passCount=0 failCount=1 yieldPercent=0.00 message="검사 완료: PEAK 0.405 kgf / SPEC 0.410 / NG (검사 1, GOOD 0, NG 1, Yield 0.00%)"
2026-09-11 11:22:47.307 STATION-1 event=INSPECTION_BUFFERED_IN_MEMORY cycle=1 lot="260827-A01" fileName="SOFC_A12" verdict=NG lotInspectionCount=1 sampleCount=78
2026-09-11 11:22:47.307 STATION-1 event=ACQUISITION_STATE_CHANGED from=EVALUATING to=WAITSTART
2026-09-11 11:23:18.483 STATION-1 event=ACQUISITION_STATE_CHANGED from=WAITSTART to=SAVING
2026-09-11 11:23:18.499 STATION-1 event=LOT_SAVE_STARTED lot="260827-A01" fileName="SOFC_A12" inspectionCount=1
2026-09-11 11:23:18.538 INSPECTION-STORAGE event=INSPECTION_INDEX_RECOVERED file="C:\\SOFCMeas\\Data\\PLC1\\2026\\09\\11\\20260911_112318_260827-A01_SOFC_A12.csv"
2026-09-11 11:23:18.538 STATION-1 event=LOT_FILE_SAVED lot="260827-A01" inspectionCount=1 sampleCount=78 maximumRawDataCount=78 format=lot_summary_2row_kgf_matrix file="C:\\SOFCMeas\\Data\\PLC1\\2026\\09\\11\\20260911_112318_260827-A01_SOFC_A12.csv"
2026-09-11 11:23:18.544 STATION-1 event=LOT_SAVE_COMPLETED lot="260827-A01" inspectionCount=1 remainingMemoryCount=0 file="C:\\SOFCMeas\\Data\\PLC1\\2026\\09\\11\\20260911_112318_260827-A01_SOFC_A12.csv" fileBytes=849
2026-09-11 11:23:19.917 STATION-1 event=ACQUISITION_STATE_CHANGED from=SAVING to=WAITSTART
2026-09-11 11:23:20.565 STATION-2 event=ACQUISITION_STATE_CHANGED from=WAITSTART to=SAVING
2026-09-11 11:23:20.570 STATION-2 event=LOT_SAVE_STARTED lot="260827-B03" fileName="SOFC_B07" inspectionCount=3
2026-09-11 11:23:20.590 INSPECTION-STORAGE event=INSPECTION_INDEX_RECOVERED file="C:\\SOFCMeas\\Data\\PLC2\\2026\\09\\11\\20260911_112320_260827-B03_SOFC_B07.csv"
2026-09-11 11:23:20.590 STATION-2 event=LOT_FILE_SAVED lot="260827-B03" inspectionCount=3 sampleCount=142 maximumRawDataCount=48 format=lot_summary_2row_kgf_matrix file="C:\\SOFCMeas\\Data\\PLC2\\2026\\09\\11\\20260911_112320_260827-B03_SOFC_B07.csv"
2026-09-11 11:23:20.596 STATION-2 event=LOT_SAVE_COMPLETED lot="260827-B03" inspectionCount=3 remainingMemoryCount=0 file="C:\\SOFCMeas\\Data\\PLC2\\2026\\09\\11\\20260911_112320_260827-B03_SOFC_B07.csv" fileBytes=1171
2026-09-11 11:23:21.735 STATION-2 event=ACQUISITION_STATE_CHANGED from=SAVING to=WAITSTART
2026-09-11 11:25:38.308 WARN event=UNSAVED_LOT_DATA_DISCARDED station1Count=0 station2Count=0 collectionActive=False saveRunning=False
2026-09-11 11:25:38.341 event=APPLICATION_STOPPING closeReason=UserClosing uptimeSeconds=307.326
2026-09-11 11:25:38.347 STATION-1 event=READER_STOP_REQUESTED cycle=1 cycleActive=False sampleCount=78
2026-09-11 11:25:38.349 STATION-1 event=PLC_CONNECTION_CLOSED attempt=1 cancellationRequested=True
2026-09-11 11:25:38.351 STATION-1 event=CONNECTION_STATE_CHANGED state=Disconnected endpoint=172.20.9.100:5000
2026-09-11 11:25:38.351 STATION-1 event=READER_STOPPED connectionAttempts=1 lastCycle=1 lastSampleCount=78
2026-09-11 11:25:38.355 STATION-2 event=READER_STOP_REQUESTED cycle=3 cycleActive=False sampleCount=47
2026-09-11 11:25:38.355 STATION-2 event=PLC_CONNECTION_CLOSED attempt=1 cancellationRequested=True
2026-09-11 11:25:38.357 STATION-2 event=CONNECTION_STATE_CHANGED state=Disconnected endpoint=172.20.9.101:5000
2026-09-11 11:25:38.357 STATION-2 event=READER_STOPPED connectionAttempts=1 lastCycle=3 lastSampleCount=47
2026-09-11 11:25:38.357 event=APPLICATION_STOPPED uptimeSeconds=307.341
2026-09-11 11:25:38.408 event=APPLICATION_MESSAGE_LOOP_EXITED
